:020000040000FA
:2000000000040020810A000015070000610A00001F0700002907000033070000000000001A
:20002000000000000000000000000000A50A00003D07000000000000470700005107000027
:200040005B070000650700006F07000079070000830700008D07000097070000A107000078
:20006000AB070000B5070000BF070000C9070000D3070000DD070000E7070000F1070000D8
:20008000FB070000050800000F08000019080000230800002D080000370800004108000031
:2000A0004B080000550800005F08000069080000730800007D080000870800009108000090
:2000C0009B080000A5080000AF080000B9080000C3080000CD080000D7080000E1080000F0
:2000E000EB080000F5080000FF08000009090000130900001D09000027090000310900004B
:200100003B0900001FB500F003F88DE80F001FBD00F0ACBC40F6FC7108684FF01022401C44
:2001200008D00868401C09D00868401C04D0086800F037BA9069F5E79069F9E7704770B5C7
:200140000B46010B184400F6FF70040B4FF080500022090303692403406943431D1B1046E5
:2001600000F048FA29462046BDE8704000F042BAF0B54FF6FF734FF4B4751A466E1E11E092
:20018000A94201D3344600E00C46091B30F8027B641E3B441A44F9D19CB204EB134394B229
:2001A00004EB12420029EBD198B200EB134002EB124140EA0140F0BDF34992B00446D1E9B5
:2001C0000001CDE91001FF224021684600F0F4FB94E80F008DE80F00684610A902E004C824
:2001E00041F8042D8842FAD110216846FFF7C0FF1090AA208DF8440000F099F9FFF78AFF38
:2002000040F6FC7420684FF01025401C0FD0206810226946803000F078F92068401C08D0CB
:200220002068082210A900F070F900F061F9A869EEE7A869F5E74FF080500369406940F683
:20024000FC71434308684FF01022401C06D0086800F58050834203D2092070479069F7E712
:200260000868401C04D00868401C03D0002070479069F9E70420704770B504460068C34DCD
:20028000072876D2DFE800F033041929631E2500D4E9026564682946304600F062F92A4681
:2002A0002146304600F031F9AA002146304600F057FB002800D0032070BD00F009FC4FF4FE
:2002C000805007E0201D00F040F90028F4D100F0FFFB60682860002070BD241D94E80700C9
:2002E000920000F03DFB0028F6D00E2070BDFFF7A2FF0028FAD1D4E901034FF0805100EBB5
:20030000830208694D69684382420ED840F6F87005684FF010226D1C09D0056805EB830519
:200320000B6949694B439D4203D9092070BD5569F4E70168491C03D00068401C02D003E045
:200340005069FAE70F2070BD2046FFF735FFFFF772FF0028F7D1201D00F0F7F80028F2D1B9
:2003600060680028F0D100F0E2F8FFF7D3FE00F0BFF8072070BD10B50C46182802D00120F6
:20038000086010BD2068FFF777FF206010BD4168054609B1012700E0002740F6F8742068E0
:2003A0004FF01026401C2BD02068AA68920000F0D7FA38B3A86881002068401C27D02068A5
:2003C000FFF7BDFED7B12068401C22D026684FF08050AC686D68016942695143A9420DD90E
:2003E000016940694143A14208D92146304600F0B8F822462946304600F087F800F078F809
:200400007069D2E700F093F8FFF784FEF6E77069D6E77669DBE740F6FC7420684FF01026A0
:20042000401C23D02068401C0CD02068401C1FD02568206805F18005401C1BD027683879C3
:20044000AA2819D040F6F8700168491C42D00168491C45D00168491C3ED001680968491C65
:200460003ED00168491C39D000683EE0B069DAE7B569DEE7B769E2E710212846FFF778FE60
:200480003968814222D12068401C05D0D4F8001001F18002C03107E0B169F9E730B108CA77
:2004A00051F8040D984201D1012000E000208A42F4D158B1286810B1042803D0FEE72846D8
:2004C000FFF765FF3149686808600EE0FFF722FE00F00EF87169BBE77169BFE7706904E05D
:2004E0004FF480500168491C01D000F0CBFAFEE7BFF34F8F26480168264A01F4E06111434F
:200500000160BFF34F8F00BFFDE72DE9F04117460D460646002406E03046296800F054F8B7
:20052000641C2D1D361DBC42F6D3BDE8F08140F6FC700168491C04D0D0F800004FF48051A1
:20054000FDE54FF010208069F8E74FF080510A69496900684A43824201D8102070470020B4
:20056000704770B50C4605464FF4806608E0284600F017F8B44205D3A4F5806405F580556A
:20058000002CF4D170BD0000F40A0000000000200CED00E00400FA05144801680029FCD089
:2005A0007047134A0221116010490B68002BFCD00F4B1B1D186008680028FCD000201060D2
:2005C00008680028FCD07047094B10B501221A60064A1468002CFCD0016010680028FCD0B9
:2005E0000020186010680028FCD010BD00E4014004E5014070B50C46054600F073F810B9F5
:2006000000F07EF828B121462846BDE8704000F007B821462846BDE8704000F037B80000B9
:200620007FB5002200920192029203920A0B000B6946012302440AE0440900F01F0651F848
:20064000245003FA06F6354341F82450401C8242F2D80D490868009A10430860081D016875
:20066000019A1143016000F03DF800280AD0064910310868029A10430860091D0868039A79
:20068000104308607FBD00000006004030B50F4C002200BF04EB0213D3F800582DB9D3F824
:2006A000045815B9D3F808581DB1521C082AF1D330BD082AFCD204EB0212C2F80008C3F846
:2006C00004180220C3F8080830BD000000E001404FF08050D0F83001082801D00020704723
:2006E000012070474FF08050D0F83011062905D0D0F83001401C01D0002070470120704731
:200700004FF08050D0F830010A2801D0002070470120704708208F490968095808471020CE
:200720008C4909680958084714208A49096809580847182087490968095808473020854954
:20074000096809580847382082490968095808473C20804909680958084740207D49096857
:200760000958084744207B49096809580847482078490968095808474C2076490968095839
:200780000847502073490968095808475420714909680958084758206E490968095808471E
:2007A0005C206C4909680958084760206949096809580847642067490968095808476820B7
:2007C00064490968095808476C20624909680958084770205F4909680958084774205D4960
:2007E00009680958084778205A490968095808477C2058490968095808478020554909686F
:200800000958084784205349096809580847882050490968095808478C204E490968095850
:20082000084790204B49096809580847942049490968095808479820464909680958084735
:200840009C204449096809580847A0204149096809580847A4203F49096809580847A8208E
:200860003C49096809580847AC203A49096809580847B0203749096809580847B42035499F
:20088000096809580847B8203249096809580847BC203049096809580847C0202D49096886
:2008A00009580847C4202B49096809580847C8202849096809580847CC2026490968095868
:2008C0000847D0202349096809580847D4202149096809580847D8201E490968095808474D
:2008E000DC201C49096809580847E0201949096809580847E4201749096809580847E82066
:200900001449096809580847EC201249096809580847F0200F49096809580847F4200D49DE
:20092000096809580847F8200A49096809580847FC2008490968095808475FF480700549EB
:20094000096809580847000003480449024A034B7047000000000020000B0000000B000057
:2009600040EA010310B59B070FD1042A0DD310C808C9121F9C42F8D020BA19BA884201D923
:20098000012010BD4FF0FF3010BD1AB1D30703D0521C07E0002010BD10F8013B11F8014BDB
:2009A0001B1B07D110F8013B11F8014B1B1B01D1921EF1D1184610BD02F0FF0343EA0322A5
:2009C00042EA024200F005B87047704770474FF000020429C0F0128010F0030C00F01B808B
:2009E000CCF1040CBCF1020F18BF00F8012BA8BF20F8022BA1EB0C0100F00DB85FEAC17CF1
:200A000024BF00F8012B00F8012B48BF00F8012B70474FF0000200B513469446964620396B
:200A200022BFA0E80C50A0E80C50B1F12001BFF4F7AF090728BFA0E80C5048BF0CC05DF8EE
:200A400004EB890028BF40F8042B08BF704748BF20F8022B11F0804F18BF00F8012B704784
:200A6000014B1B68DB6818470000002009480A497047FFF7FBFFFFF745FB00BD20BFFDE7E4
:200A8000064B1847064A1060016881F30888406800470000000B0000000B00001704000059
:200AA000000000201EF0040F0CBFEFF30881EFF30981886902380078182803D100E00000BC
:200AC000074A1047074A12682C3212681047000000B5054B1B68054A9B58984700BD00000E
:200AE0007703000000000020F00A000004000000001000000000000000FFFFFF0090D003EE
:20100000B00F002021AE010065B0000087AD010065B0000065B0000065B000000000000098
:20102000000000000000000000000000ADAE010065B000000000000065B0000065B0000015
:2010400015AF01001BAF010065B0000065B0000065B0000065B0000065B0000065B0000082
:2010600021AF010065B0000065B0000027AF010065B000002DAF010033AF010039AF0100E0
:2010800065B0000065B0000065B0000065B0000065B0000065B0000065B0000065B00000A8
:2010A00065B000003FAF010065B0000065B0000065B0000065B0000065B0000065B00000AE
:2010C00045AF010065B0000065B0000065B0000065B0000065B0000065B0000065B0000088
:2010E00065B0000065B0000065B0000065B0000065B0000065B0000065B0000065B0000048
:2011000065B0000065B0000000F002F819F077FE0AA090E8000C82448344AAF10107DA45C0
:2011200001D119F06CFEAFF2090EBAE80F0013F0010F18BFFB1A43F00103184770A2010059
:2011400090A201000A4410F8014B14F00F0508BF10F8015B240908BF10F8014B6D1E05D0CF
:2011600010F8013B6D1E01F8013BF9D1641E03D0641E01F8015BFBD19142E4D37047000068
:201180000023002400250026103A28BF78C1FBD8520728BF30C148BF0B6070471FB500F062
:2011A00003F88DE80F001FBD19F026BE70B51B4C05460A202070A01C00F0D7F85920A08042
:2011C00029462046BDE8704006F0FEBE06F00CBF70B50C461249097829B1A0F160015E29CC
:2011E00008D3012013E0602804D0692802D043F201000CE020CC0B4E94E80E0006EB8000DF
:20120000A0F58050241FD0F8806E2846B047206070BD012070470620704700000800002081
:201220001800002074AF01003249884201D2012070470020704770B50446A0F500002E4E0B
:20124000B0F1786F02D23444A4F500042948844201D2012500E0002500F043F848B125B9E6
:20126000B44204D32548006808E0012070BD002070BD002DF9D1B442F9D321488442F6D299
:20128000F3E710B50446A0F50000B0F1786F03D219480444A4F5000400F023F84FF0804122
:2012A00030B11648006804E08C4204D2012003E013488442F8D2002080F0010010BD10B5ED
:2012C00020B1FFF7DEFF08B1012010BD002010BD10B520B1FFF7AFFF08B1012010BD0020D5
:2012E00010BD084808490068884201D1012070470020704700C00100000000201C000020B0
:201300000800002058000020BEBAFECA10B504460021012000F041F800210B2000F03DF802
:201320000021082000F039F80421192000F035F804210D2000F031F804210E2000F02DF8F5
:2013400004210F2000F029F80421C84300F025F80621162000F021F80621152000F01DF824
:201360002046FFF723FF002010BDCC2101807047FFF72CBF1148704710487047104A10B5BE
:2013800014680F4B0F4A08331A60FFF721FF0C48001D046010BD704770474907090E0028B4
:2013A00004DB00F1E02080F80014704700F00F0000F1E02080F8141D7047000003F900428C
:2013C000100502400100000130B5FF4D0446062CA9780ED2DFE804F0030E0E0E0509FFDF32
:2013E00008E0022906D0FFDF04E0032902D0FFDF00E0FFDFAC7030BDF34810B5407E410898
:20140000F14800F11A0005D00DF043FBBDE8104006F07ABC0DF024FBF8E730B50446A1F19B
:2014200020000D460A2847D2DFE800F005070C19202532373C41FFDF3FE0207820283CD1F1
:20144000FFDF3AE0E0488078052836D02078242833D0252831D023282FD0FFDF2DE020783F
:2014600022282AD0232828D8FFDF26E02078222823D0FFDF21E0207822281ED024281CD03D
:2014800026281AD0272818D0292816D0FFDF14E02078252811D0FFDF0FE0207825280CD080
:2014A000FFDF0AE02078252807D0FFDF05E02078282802D0FFDF00E0FFDF257030BD1FB539
:2014C0000022ADF800200C88ADF802404B88ADF80430CA88ADF808208988ADF806100021F2
:2014E000ADF80A10ADF80C1080B14FF6FF700621844201D1ADF80210834201D1ADF80410C1
:20150000824203D14FF44860ADF8080068460DF0BEFB06F0F9FB04B010BD70B514460D46FA
:201520000646FFF788FE60B90DB1A54201D90C2070BD002409E000BF56F82400FFF77BFE45
:2015400008B1102070BD641CE4B2AC42F4D3002070BD2DE9F04105461F4690460E46002418
:201560000068FFF7B5FE30B9A98828680844401EFFF7AEFE10B11020BDE8F08128680028A5
:20158000A88802D0B84202D850E00028F4D00920F2E72968085DB8B1671CCA5D152A2ED011
:2015A0003CDC152A3AD2DFE802F03912222228282A2A31313939393939393939393922001E
:2015C000085D30BB641CA4B2A242F9D833E00228DDD1A01C085C88F80000072801D240075C
:2015E00001D40A20C8E7307840F0010015E0C143C90707E0012807D010E00620BCE70107F3
:20160000A1F180510029F5D01846B5E73078810701D50B20B0E740F0020030702868005DF8
:20162000384484B2A888A04202D2B0E74FF4485382B2A242ADD800209EE710B502785408C0
:2016400009D0012243F20223012C07D0022C0DD0032C13D10FE00020087005E08079032486
:20166000B4EB901F0AD10A70002010BD8079B2EB901F03D1F7E780798009F4D0184610BD72
:2016800008B500208DF800004F4890F8221051B190F8230002280FD003280FD0FFDF00BF3A
:2016A0009DF8000008BD48486946193001F0C6F90028F5D0FFDFF3E7032000E001208DF84A
:2016C0000000EDE738B50C460546694601F0B6F900280DD19DF80010207861F347002070EF
:2016E00055F8010FC4F80100A888A4F80500002038BD38B51378C0B1022816D033A46D4667
:20170000246800944C7905EB9414247864F34703137003280ED003F0FE0010700868C2F8E8
:2017200001008888A2F8050038BD23F0FE0313700228EED1D8B240F00100EEE702210EF0D3
:20174000BDBC38B50C460978222901D2082038BDADF800008DF8022068460DF0D9F906F056
:20176000D3FA050003D121212046FFF756FE284638BD1CB500208DF80000CDF80100ADF88D
:201780000500114890F82200022801D0012000E000208DF8070068460DF024FA002800D0D8
:2017A000FFDF1CBD2DE9FF478CB00025BDF8346082461C4690468DF81C50700703D5606864
:2017C000FFF739FD90B903E0A00100200302FF01FE4F4FF0010997F8220058B197F82300E9
:2017E000022807D16068FFF773FD18B1102010B0BDE8F087300702D5A089802815D87007A1
:2018000004D4B8F1000F01D0387E70B1E07DC0F300108DF81B00617D072041B1012906D0D9
:201820000229E4D00429E2D117E00720DFE78DF817908DF819908DF81580606878B107A9F0
:20184000FFF7FBFE0028D2D1606850F8011FCDF80F108088ADF8130005E00620C7E7CDF87C
:201860000F50ADF81350E07B0028F6D1207C0028F3D1607C0028F0D1A07C0028EDD1E07C0C
:20188000C006EAD18DF800A0BDF83400ADF80200A0680190A0680290CDA0D0E90010CDE9F3
:2018A0000A10E07C0AA901EB501000788DF80C00FFF7E6FE8DF80D009DF81C008DF80E00FA
:2018C0008DF818508DF816508DF81A5009A968460DF02CFA06F018FA89E7F0B58FB000243E
:2018E0008DF830408DF814408DF8344006468DF82840019402940394049419B10FC901AD3E
:2019000085E80F00B14DA878052801D004280CD101986968884200D120B90398E968884292
:2019200003D110B108200FB0F0BD1F273B460DAA05A903A8FFF70DFE0028F4D13B460AAA84
:201940000CA901A8FFF705FE0028ECD19DF81400C00701D00A20E6E7A88A410708D4A97D97
:2019600031B19DF82810890702D043F20120DAE79DF82810C90709D0400707D4288818B12E
:2019800044F25061884201D90720CCE78DF818408DF81960BDF80800ADF81A00019807905B
:2019A00006A80DF0CEF906F0AFF90028BBD18DF820408DF82160BDF81000ADF82200039851
:2019C000099008A80DF0DFF906F09EF90028AAD101AC2D1D94E80F0085E80F000020A2E712
:2019E00070B50646FFF7AAFE054606F06FFB040000D1FFDF6680207820F00F00801C20F031
:201A0000F000203020700320207295F83E006072BDE8704006F05EBB2DE9F04385B00400BE
:201A200000D1FFDF2078694E20F00F00801C20F0F0007030207060680178C91F14292AD25B
:201A4000DFE801F04DF3290AF3F33AF2292966F2F2F129F2F2F0EFF286883046FFF76EFEF8
:201A60000546304608F0BDF8C0B16068807985F83E0021212846FFF7D0FC304603F0FAF93D
:201A8000304604F0ADFB3146012012F047F9A87F20F01000A87705B0BDE8F083207820F07F
:201AA000F0002030207003202072668060688079607206F00FFBDCE785882846FFF73EFEB8
:201AC00000B9FFDF60688078012800D0FFDF6068817905B02846BDE8F04308F04ABA868811
:201AE0003046FFF72BFE050000D1FFDF06F0F2FA60683146C0882881606800896881606889
:201B00004089A881012012F009F90020A875C2E7807828B10228BED03C28BCD0FFDFBAE7D0
:201B200006F0D8FA6568A879AD1C00B9FFDFF778B5F80290B046384606F05FF8060000D149
:201B4000FFDF0022022148460EF0AFFA040000D1FFDF22212046FFF760FCA17F012060F3EB
:201B60000101A177298B2181698B6181A98BA18184F822708DF80800B0680090F06801909D
:201B80006A46032148460EF090FA00B9FFDFB088ADF81000B0788DF8120004AA05214846B6
:201BA0000EF083FA00B9FFDFB088ADF80C00F0788DF80E0003AA042148460EF076FA00B9A8
:201BC000FFDF062105F1120006E00000A0010020070605040302010000F04DFF30B3687935
:201BE000800700D5FFDF6979E07D61F34700E075D5F80600A0616889A083062105F10C006B
:201C000000F039FFE0B198F819104A08617862F347016170D8F81A10C4F80210B8F81E0023
:201C200017E028E020E033E02DE017E0E07D20F0FE00801CE075D5F81200A061E88ADBE71E
:201C4000607820F0FE00801C6070E868C4F80200288AE0800320FFF7B7FB1CE705B0204629
:201C6000BDE8F04301F092BC06F034FA16F8240F40F0020005E006F02DFA16F8240F40F043
:201C80000400307007E705B0BDE8F04306F022BAB178052909D00429DFD106F01BFA022019
:201CA00005B0BDE8F043FFF78FBB80780028D4D0F07800F0AAFE06F00DFA0320F0E72DE986
:201CC000F047054600780027000991460C463E46012871D0022870D007280AD00A286DD0E1
:201CE000FFDF00BFA9F800600CB12780668000207EE5D5F804C0DFF8448804F108009CF8B4
:201D000000204FF0010AD21F4FF6FF71142A76D2DFE802F00AF9F9F9F9F9F91DF9F926C09F
:201D2000889DF91061D476EE12271026BCF804002146F3E01C270A26ECB3BCF80200A08093
:201D4000686800792072686840796072CAE71B27092684B30320207268684088A080C1E7DF
:201D60009CF802103C29BDD010272C260CF1020C0CB3BCF80210A180BCF818106182BCF81E
:201D800018102182BCF81A10A182BCF81C10E1829CF8053002460CF106011846FFF7A9FC26
:201DA0009CF8040001289DD184F80FA00020207608F1040003E00BE0A8E0B2E0EAE090E8EC
:201DC0000E00D8F81000C4E90930C4E9071289E7A9F800608BE720271126002CF8D0A180F3
:201DE000686804F10A02807820726868807A607269680B1DC8781946FFF77BFC72E782E02C
:201E000021270A26002CE3D0BCF80200A08068680079207268684079607298F8241021F08A
:201E2000040162E022270B26002CD1D0BCF80400A0806868807820726868807900F02AFE01
:201E400060726868C07900F025FEA0724AE726271C26002CBCD0A1806868C078607268683F
:201E60008079A07208F1040090E80E00D8F81000C4E90530C4E90312686880783C2803D051
:201E8000432804D0FFDF2DE784F808A02AE70220207227E724271026002C99D0BCF802004E
:201EA000A0806868007920816868007A60816868C088A08168684089E08113E72327102640
:201EC000002C85D0BCF80200A0806868808820816868C088608168680089A0816868408926
:201EE000E08198F8241021F0020188F82410F9E62F272A26002C86D0A18069682222891C13
:201F00000BF017FAEEE64A46214644E0287A022801D0FFDFE6E612271026688800F098FD9B
:201F2000E0E6287AB0B3012835D0022833D0032801D0FFDFD6E611270926002C8AD0B5F84B
:201F400002804046FFF7FAFB90F822A0A4F80480687A2072042140460EF0C2F805214046A1
:201F60000EF0BEF8002140460EF0BAF8012140460EF0B6F8032140460EF0B2F80221404607
:201F80000EF0AEF8062140460EF0AAF8504600F03CFDA7E6FFE72846BDE8F04701F02CBCFB
:201FA00070B5012801D0FFDF70BD8DB22846FFF7C5FB040000D1FFDF20782128F4D006F046
:201FC00085F880B1017821F00F01891C21F0F001103101700221017245800020A075BDE82B
:201FE000704006F077B821462846BDE870401322FFF7A7BB2DE9F04116460C00804600D10F
:20200000FFDF307820F00F00801C20F0F000103030702078022802D0FFDFBDE8F081404691
:20202000FFF78CFB050000D1FFDFA1884FF6FF700027814202D1E288824203D0814201D13F
:20204000E08840B106F046F894E80F00083686E80F00AF75E1E7A87D0128DED17823002207
:20206000414611F0B1FD0220A875D6E738B505460C460846FFF7DFF8A8B9242D31D006DCF4
:20208000202D0AD0212D0AD0222D04D124E0252D1BD03F2D2DD0072038BD062038BD606824
:2020A000FFF70DF908B1102038BD618820886A460CF0E1FF05F028FE0028F5D1616800292E
:2020C000F2D0BDF800200A8038BDA07800F0010120880DF001F808E02068BDE8384001F0C4
:2020E000C0BD618820880CF05FFFBDE8384005F00BBE207800F001008DF8000068460CF0E5
:20210000BDFD05F001FE38BD70B505460C460846FFF7B7F808B1102070BD202D07D0212DDF
:202120000DD0222D0BD0252D09D0072070BD2088A11C0CF03CFDBDE8704005F0E5BD06206D
:2021400070BDFE481930704708B528220021FB480BF019F90120FFF737F9F84968461A3113
:2021600005F04AFFF5489DF80020417E62F3470121F001014176002180F822104FF4617129
:202180000184022180F82310FFF736F900B1FFDF00F0AEFC01F0CCF908BD10B50C464022AA
:2021A000002120460BF0EFF8A07F20F00300A077202020700020A07584F8230010BD704745
:2021C0002DE9FC410746FFF736F810B11020BDE8FC81DA4E06F11901D6F819000090B6F8CA
:2021E0001D50ADF80450F47F8DF806403846FFF769FA0028EBD1FFF7FFF80028E7D000991B
:2022000046F8191FB580B471E1E710B50446FFF738F808B1102010BDC848C8492246407EF4
:202220001A314008FFF765FA002010BD3EB504460D460846FFF725F808B110203EBD14B12F
:2022400043F204003EBDBD488078052803D0042801D008203EBD694602A80BF01AFB2A4654
:2022600069469DF80800FFF744FA00203EBDFEB50D4604004FF0000711D00822FFF74DF92C
:20228000002811D1002608E054F826006946FFF7D4F9002808D1761CF6B2AE42F4D30CF054
:2022A00037FB10B143F20320FEBDA44E3776FCB100271AE054F8270002A9FFF7BEF900B12F
:2022C000FFDF9DF808008DF8000054F8270050F8011FCDF801108088ADF8050068460CF0F1
:2022E0003CFB00B1FFDF7F1CFFB2AF42E2D335760020FEBD2DE9F0478AB0154689460400EB
:202300001DD00F4608222946FFF707F9002810D1002612E054F826006946103000F08EFBF1
:20232000002806D13FB157F82600FEF784FF10B110200AB0DCE4761CF6B2AE42EAD3002649
:20234000A5F101081CE000BF06F1010A0AF0FF0712E000BF54F82600017C4A0854F82710AC
:202360000B7CB2EB530F05D10622113011310AF0B3FF58B17F1CFFB2AF42EBD30AF0FF06A7
:202380004645E1DB4E4624B1012003E043F20520CFE700200CF000FB10B90CF009FB10B1D8
:2023A00043F20420C5E75CB300270DF1170825E054F827006946103000F040FB00B1FFDFA4
:2023C00054F82700102250F8111FCDF801108088ADF8050054F827100DF107000AF0A9FF2E
:2023E00096B156F82710102240460AF0A2FF68460CF098FA00B1FFDF7F1CFFB2AF42D7D30C
:20240000FFF7B7F9002094E7404601F01EFCEEE730B585B00446FEF70EFF18B96068FEF721
:2024200057FF10B1102005B030BD60884AF2B811884206D82078414D28B1012806D00228F6
:2024400004D00720EFE7FEF7D7FF18E06078022804D0032802D043F20220E4E785F8230053
:20246000C1B200200090ADF8040002292CD0032927D0FFDF68460CF00CFB05F045FC002859
:20248000D1D1606801F0D4FB207858B101208DF800000DF1010001F0D8FB68460CF075FEEB
:2024A00000B1FFDF207885F82200FFF762F9608860B1288480B20CF067FA00B1FFDF002022
:2024C000B1E78DF80500D5E74020FAE74FF46170EFE710B50446FEF7D4FE20B9606838B193
:2024E000FEF7EDFE08B1102010BD606801F0ADFB124830F8201F6180C178617080782070B1
:20250000002010BD2DE9F843144689460646FEF7B8FEB8B94846FEF7DBFE98B92046FEF7E4
:20252000D7FE78B9054DA878012800D154B13178FF2909D061B143F2040001E0A00100208D
:20254000BDE8F8831020F8E7012801D00420F4E7CCB3052811D004280FD06946204600F0B6
:20256000A4FA0028E9D1217D49B1012909D0022909D0032909D00720DFE70820DDE7024616
:2025800004E0012202E0022200E0032280462346174600200099FFF705F90028CDD1A08901
:2025A0002880A07BE875BDF80000A882AF75BDF80010090701D5A18931B1A1892980C007A7
:2025C00004D0032003E006E08021F7E70220FEF7FBFE86F800804946BDE8F8430020FFF729
:2025E0007CB92DE9FC41FF4C06460D46A078022803D0032801D00820E9E516B143F2040062
:20260000E5E506200DF00EFD10B9A078032849D00FF07CFC074610F0DBFE381A00F0FF08B7
:2026200006200DF0F7FC074606200DF0FBFC391AA078042809D000221144A8EB010111F0A0
:20264000FF0F04D0032804D00DE00122F4E71320BDE5284605F0D1FA10B3407810B32846FF
:2026600005F0D6FDE570FFF70BF80BF054F801208DF800008DF801008DF802602088ADF89D
:202680000400E07D8DF8060068460CF050FC05F03BFB0028B0D1A078032805D0042010E058
:2026A000052094E5122092E5E07805F0A6FA040000D1FFDF607800B9FFDF6078401E6070BE
:2026C0000520FEF781FE002081E51CB510B143F204001CBDC34CA078042803D0052801D013
:2026E00008201CBD00208DF8000001218DF801108DF8020068460CF01AFC05F005FB002818
:20270000EFD1A078052805D05FF00200FEF75CFE00201CBDE07800F078F90320F6E72DE977
:20272000FC4180460D4603260846FEF7D1FD08B110204CE54046FFF701F8040004D020780A
:20274000222804D2082042E543F202003FE5A07F00F003073DB1012F0AD000202946FEF71A
:20276000AEFE0600E5D1012F04D0FFDF30462EE50120F3E7A07D2946022801D011B107E05B
:20278000112024E5684600F0E7FA0028D1D16946404607F0CEFB0600E8D10120A075E5E700
:2027A00070B50C460546FEF7C9FF010005D022462846BDE87040FEF7C4BF43F2020070BDBD
:2027C00010B5012807D1874B9B78012B00D011B143F2040010BD0CF009F9BDE8104005F0A2
:2027E00093BA012300F01BB900231A46194600F016B970B5064615460C460846FEF741FD64
:2028000018B92846FEF73DFD08B1102070BD2A46214630460CF017FC05F076FA0028F5D185
:2028200021787F29F2D1052070BD7CB505460C460846FEF700FD08B110207CBD2846FEF7AF
:202840007DFF20B10078222804D208207CBD43F202007CBD634890F82400400701D511201D
:202860007CBD2178C80802D16078C20801D007207CBD890801D1800801D006207CBDADF850
:20288000005020788DF8020060788DF803000220ADF8040068460BF00FFF05F035FA7CBD8A
:2028A00070B586B014460D460646FEF747FF28B10078222805D2082006B070BD43F20200D5
:2028C000FAE72846FEF704FD20B944B12046FEF7F6FC08B11020EFE700202060A080414890
:2028E00090F82400800701D51120E5E703A930460BF01FFF18B100BF05F006FADCE7ADF8B2
:202900000060BDF81400ADF80200BDF81600ADF80400BDF81000BDF81210ADF80600ADF887
:2029200008107DB1298809B1ADF80610698809B1ADF80210A98809B1ADF80810E98809B1F6
:20294000ADF80410DCB1BDF80610814201D9081A2080BDF80210BDF81400814201D9081AB8
:202960006080BDF80800BDF80410BDF816200144BDF812001044814201D9081AA080684619
:202980000BF074FFB8E770B505460C460846FEF778FC08B1102070BD214628460CF04AF987
:2029A000BDE8704005F0B0B93EB505460C460846FEF767FC08B110203EBD00200090019009
:2029C0000290ADF800502089ADF8080020788DF80200606801902089ADF808006089ADF8BE
:2029E0000A0001E0A001002068460CF031F905F08BF93EBD0EB5ADF800000020019068461C
:202A00000CF026F905F080F90EBD10B505F0F5F8040000D1FFDF6078401C607010BD1CB566
:202A2000ADF800008DF802308DF803108DF8042068460CF0D7FA05F067F91CBD027852087C
:202A400004D0012A02D043F202207047FEF7F5BD70B50C0006460DD0FEF770FE050000D15D
:202A6000FFDFA68028892081288960816889A081A889E08170BD10B500231A4603E0845C92
:202A80002343521CD2B28A42F9D30BB1002010BD012010BD00B530B1012803D0022801D022
:202AA000FFDF002000BDFF2000BD00220A8092B222F060020A800078062817D2DFE800F04B
:202AC000160306090C1142F0110007E042F01D0009E042F0150006E042F0100040F00200AE
:202AE00001E042F0100008800020704707207047FD48002101604160018170472DE9FF4F71
:202B000093B09B46209F160004460DD01046FEF792FB18B1102017B0BDE8F08F3146012041
:202B2000FEF7CDFC0028F6D101258DF842504FF4C050ADF84000002210A9284603F016FE23
:202B40000028E8D18DF84250A8464FF428500025ADF840001C222946684607950AF013FCCA
:202B60009DF81C000DF11C0A20F00F00401C20F0F00010308DF81C0020788DF81D00617811
:202B80009DF81E000DF1400961F3420040F001008DF81E009DF8000008AA40F002008DF8D3
:202BA00000002089ADF83000ADF832506089ADF83400CDF82CA060680E900AA9CDF8289087
:202BC000684603F0C8FB0028A5D16068FEF777FB40B16068FEF77CFB20B9607800F00300FB
:202BE000022801D0012000E00020BF4C08AA0AA92072BDF8200020808DF8428042F60120A2
:202C0000ADF840009DF81E0020F00600801C20F001008DF81E000220ADF83000ADF83400E6
:202C200014A80E90684603F096FB002889D1BDF82000608036B1211D304600F059F90028CC
:202C4000C2D109E0BBF1000F05D00AF017F9E8BB0AF014F9D0BBA58017B1012F43D04AE0CF
:202C60008DF8428042F6A620ADF8400046461C220021684607950AF086FB9DF81C00ADF824
:202C8000346020F00F00401C20F0F00010308DF81C009DF81D0020F0FF008DF81D009DF84C
:202CA0001E0020F0060040F00100801C8DF81E009DF800008DF8446040F002008DF80000FB
:202CC000CDE90A9AADF8306011A800E011E00E9008AA0AA9684603F03EFB0028A6D1BDF8AA
:202CE0002000E08008E00AF0C9F810B90AF0C6F808B103200FE7E58000200CE73EB50446A9
:202D0000794D0820ADF80000A88828B12046FEF792FA18B110203EBD06203EBD2146012093
:202D2000FEF7CDFB0028F8D12088ADF804006088ADF80600A088ADF80800E088ADF80A0015
:202D4000A88801AB6A46002103F00CFFBDF800100829E2D003203EBD7FB5634D0446A888A4
:202D600068B1002002900820ADF80800CDF80CD02046FEF760FA20B1102004B070BD062055
:202D8000FBE7A98802AA4FF6FF7004F02DF90028F3D1BDF80810082901D00320EDE7BDF83F
:202DA00000102180BDF802106180BDF80410A180BDF80610E180E0E701B582B00220ADF82E
:202DC0000000494802AB6A464088002103F0CAFEBDF80010022900D003200EBD1CB50021C1
:202DE00000910221ADF800100190FEF74AFA08B110201CBD3C486A4641884FF6FF7004F039
:202E0000F3F8BDF800100229F3D003201CBDFEB5354C06461546207A0F46C00705D0084664
:202E2000FEF709FA18B11020FEBD0F20FEBDF82D01D90C20FEBD3046FEF7FDF918BB20883A
:202E400001A902F08AFF0028F4D130788DF80500208801A903F064FE0028EBD100909DF87E
:202E600000009DF8051040F002008DF80000090703D040F008008DF800002088694603F007
:202E8000ECFD0028D6D1ADF8085020883B4602AA002103F067FEBDF80810A942CAD00320BA
:202EA000FEBD7CB505460020009001900888ADF800000C4628460195FEF701FA18B92046E8
:202EC000FEF7DFF908B110207CBD15B1BDF8000060B105486A4601884FF6FF7004F084F8CD
:202EE000BDF8001021807CBDC80100200C20FAE730B5044693B000200D460146009014224B
:202F000001A80AF040FA1C22002108A80AF03BFA9DF80000CDF808D020F00F00401C20F0D9
:202F2000F00010308DF800009DF8010006AA20F0FF008DF801009DF8200001A940F0020070
:202F40008DF8200001208DF8460042F60420ADF8440011A801902088ADF83C006088ADF83B
:202F60003E00A088ADF84000E088ADF842009DF8020020F00600801C20F001008DF80200D6
:202F80000820ADF80C00ADF810000FA8059008A803F0E1F9002803D1BDF818002880002049
:202FA00013B030BD0A4810B5046809490948083108600FF0BEFE0648001D046010BD0649F4
:202FC000002008604FF0E0210220C1F8800270471005024001000001FC1F00400548064AC4
:202FE0000168914201D1002101600449012008607047000058000020BEBAFECA40E5014096
:203000002CFFFFFFDBE5B15100C00100CC00FFFF71000000C1CF6A00FEA0D9111C1006C352
:2030200089CCFC7A7B3B49141906A8C010B50446FEF701F908B1102010BD2078C0F302101A
:20304000042807D86078072804D3A178102901D8814201D2072010BDE078410706D42179BE
:203060004A0703D4000701D4080701D5062010BD002010BD70B514460D46064605F026F856
:2030800080B10178182221F00F01891C21F0F001A03100F8081B21460AF04BF9BDE870409E
:2030A00005F018B829463046BDE870401322FEF748BB2DE9F047064608A8904690E8300419
:2030C00089461F461422002128460AF05CF90021CAF80010B8F1000F03D0B9F1000F03D19D
:2030E00014E03878C00711D02068FEF7CAF8C0BBB8F1000F07D1206812302860206814301C
:2031000068602068A8602168CAF800103878800724D56068FEF7D3F818BBB9F1000F21D0C7
:20312000FFF70FF80168C6F868118188A6F86C11807986F86E0101F034FAF84FEF60626869
:2031400062B196F8680106F2691140081032FEF7D0FA1022394660680AF0EBF80020BDE88F
:20316000F08706E0606820B1E8606068C6F86401F4E71020F3E730B5054608780C4620F02F
:203180000F00401C20F0F001103121700020607095F8230030B104280FD0052811D0062829
:2031A00014D0FFDF20780121B1EB101F04D295F8200000F01F00607030BD21F0F000203028
:2031C00002E021F0F00030302070EBE721F0F0004030F9E7F0B591B0022715460C460646F1
:2031E0003A46ADF80870092103AB05F070FD0490002810D004208DF804008DF80170E034A5
:20320000099605948DF818500AA968460EF051FC00B1FFDF012011B0F0BD2DE9F84F064616
:20322000808A0C4680B28246FEF788FA0546BB4F3078203F4FF002094FF000080F287CD24F
:20324000DFE800F07BA39D082C5B6A7CBADAFD9748979700012150460CF030FF040000D131
:20326000FFDF97F85C00C00701D0386E0BE0032104F11D0010F06BFAD4F81D00A849B0FB3C
:20328000F1F201FB1200C4F81D0070686067B068A0672878252872D0FFDF70E00121504691
:2032A0000CF00CFF060000D1FFDF3078810702D52978252904D040F001003070BDE8F88F8B
:2032C00084F80090307F207106F11D002D36C4E90206F3E7012150460CF0F0FE050000D124
:2032E000FFDF2878C10604D5072020703D356560E4E740F008002870E0E7E87F000700D51D
:20330000FFDF307CB28800F0010301B05046BDE8F04F092106F06FBD05B9FFDF716821B137
:20332000102205F124000AF004F828212846FEF774F8307A85F82000C0E7F7E001215046B6
:203340000CF0BCFE050000D1FFDF022105F1850010F0FDF90420207005F5B4706060B5F830
:20336000850020826D4810387C356561C4E90270A4E7012150460CF0A1FE00B9FFDF3246A6
:2033800029465046BDE8F84F74E605B9FFDF2878212893D93079012803D1E87F40F00800AC
:2033A000E877324629465046FFF764FE2846BDE8F84F2321FEF731B83279A28004F1080390
:2033C0000921504605F083FCE06010B10520207074E74546012150460CF070FE040000D126
:2033E000FFDF04F1620102231022081F0CF0FFFC05703179417061E7012150460CF05EFEFA
:20340000040000D1FFDF94F8840000F00300012859D1E87F10F0010003D194F8A010C9075B
:203420002AD0D4F8602132B394F88330117C63F387011174AA7FD30963F3410100E071E063
:20344000D4F860211174D4F8602160F30001117490B1D4F86001102205F12401883409F004
:2034600068FF207E40F001002076207820F0010004F8880919E0C0B994F88810C90714D000
:20348000D4F85C218AB194F88330117C63F387011174AA7FD309D4F85C2163F3410111740E
:2034A000D4F85C2160F30001117494F88800800709D594F87C00D4F86421400804F17D015D
:2034C0001032FEF716F98DF8009094F884006A4600F003008DF8010094F888108DF802109D
:2034E00094F8A0008DF803002946504601F042F82878252805D0212807D0FFDF287822283E
:2035000003D922212846FDF788FF012150460CF0E7FD00283FF4DDAEFFDFCFE6F40100207D
:2035200040420F00716881F80180C7E6FFDFC5E670B5FE4C002584F85C5025660EF085FA2D
:2035400004F11001204604F07DFD84F8305070BD70B50D46FEF7F2F8040000D1FFDF4FF41B
:20356000B8720021284609F00EFF2434012105F1E0002C610EF06AFA002800D0FFDF70BD4A
:203580000A46014602F1E0000EF081BA70B50546406886B00178082906D00B2933D00C294E
:2035A0002FD0FFDF06B070BD46883046FEF7C6F8040000D1FFDF20782128F3D028281BD1C1
:2035C000686802210C3000F0A0FFA8B168680821001D00F09AFF78B104F1240130460BF081
:2035E000A8FC04F091FB00B1FFDF06B02046BDE870402921FDF711BF06B0BDE8704004F09A
:2036000069BD01218171686886883046FEF796F8040000D1FFDF20782128C3D068688179A8
:2036200009B1807808B1FFDFBCE704F053FDA07F000622D5E07FC00705D094F8200000F0A7
:203640001F00102817D0052084F823002078292815D02428A6D13146042010F05FFB22219F
:203660002046FDF7DAFE012130460CF039FD002898D0FFDF96E70620E6E70420E4E701215F
:2036800030460CF01BFD050000D1FFDF25212046FDF7C3FE03208DF80000694605F1E0005E
:2036A0000EF0ECF90228BFD00028BDD0FFDF79E72DE9F04788B09A46164688468146FEF730
:2036C0003DF805003AD02878222837D3232835D0E87F000732D40027012148460CF0EEFC31
:2036E000040005D10121002248460CF0DEFC0446694600F066FF009800B9FFDF00983CB146
:20370000E03404612878222804D0242802D005E0076103E025212846FDF77FFE0098012145
:203720004170C0F824908680C0E9028A01A90EF0C0F9022802D0002800D0FFDF08B00EE553
:2037400070B586B00546FDF7F9FF0078222814D9012128460CF0B2FC04002CD1FFDF2AE005
:20376000B4F85E0004F1620630440178427829B121462846FFF72EFDB0B913E7ADF804203F
:203780000921284602AB05F0A2FA03900028F4D005208DF80000694604F1E0000EF06EF941
:2037A000022801D000B1FFDF02231022314604F15E000CF052FBB4F860000028D0D1F1E669
:2037C00010B586B00446FDF7B9FF0078222811D9012120460CF072FC040000D1FFDF062081
:2037E0008DF80000694604F1E0000EF047F9002800D0FFDF06B010BD2DE9F84F0546007809
:203800000C460027010904F1080090463E46BA46009002297ED0072902D00A2909D142E094
:2038200068680178082905D00B292CD00C292AD0FFDF72E114271C26002C6CD04088A080DC
:20384000FDF77CFF5FEA000900D1FFDF99F8170009F118014008009AFDF74BFF6868808944
:20386000208268684168C4F812108068C4F81600A07E20F0060040F00100A07699F81E006B
:2038800040F020014FE01A270A26002CD5D08088A080FDF753FF050000D1FFDF284600993D
:2038A000FFF769FC39E10CB1A88BA080287A4FF0010B0B287ED006DC01287CD0022808D0BC
:2038C000032804D137E00D2876D00E2875D0FFDF23E11E270926002CAFD0A088FDF72EFF91
:2038E0005FEA000900D1FFDF287B00F003000128207A1DD020F001002072297B890861F355
:2039000041002072297BC90861F382002072297B090901E0F7E0AEE061F3C300207299F8C1
:203920001E0040F0400189F81E10F6E0D401002040F00100E0E713270D26002CA6D0A0884F
:20394000FDF7FCFE81460121A0880CF0B7FB050000D1FFDF686F817801F003010129217A7C
:2039600050D021F00101217283789B0863F3410121728378DB0863F38201217283781B094F
:2039800063F3C3012172037863F306112172437863F3C711217284F809A0C178A172027997
:2039A000E17A62F30001E1720279520862F34101E17203E029E067E04EE05FE0027992088F
:2039C00062F38201E1720279D20862F3C301E1724279217B62F3000121734279520862F350
:2039E000410121734279920862F3820121734079C00860F3C301217399F8000023282AD925
:203A0000262139E041F00101ADE71827102694B3A088FDF793FE00900121A0880CF04EFBF7
:203A20005FEA000900D1FFDFE868A06099F8000040F0040189F8001099F80100800708D5E8
:203A400084F80CB000980078232866D92721009852E084F80CA060E015270F265CB1A08874
:203A6000FDF76CFE81460622E868009909F0E9FC84F80EB085E042E048463DE0162709265A
:203A8000ECB3287B207248E0287B19270E26B4B3C4F808A0A4F80CA0012807D0022808D0FE
:203AA00003280CD004280AD0FFDF15E084F808B001E002202072607A20F003000BE0697BA1
:203AC000042801F00F0141F080012172F3D1607A20F00300401C6072A088FDF72FFE054601
:203AE0000078212819D0232800D0FFDF0121A0880CF0F6FA22212846FDF78FFC0DE0FFE7EA
:203B0000A8F800600EE00CB16888A080287A10B3012809D002283AD0FFDFA8F800600CB1B4
:203B200027806680002007E415270F26002CE7D0A088FDF703FE0121A0880CF0BFFA050078
:203B400000D1FFDFD5F81D000622009909F079FC84F80EA0E1E717270926002CD0D0A0884A
:203B6000FDF7ECFD81460121A0880CF0A7FA050000D1FFDF6878800701D5022000E00120A6
:203B8000207299F800002328C7D9272174E719270E26002CB4D0A088FDF7D0FD5FEA000915
:203BA00000D1FFDFC4F808A0A4F80CA084F808A0A07A40F00300A07299F81E10C90961F342
:203BC0008200A07299F81F2099F81E1012EAD11F05D099F8201001F01F01102925D020F0F1
:203BE0000800A07299F81F10607A61F3C3006072697A01F0030101298FD140F004006072C0
:203C0000E87A217B60F300012173AA7A607B62F300006073EA7A520862F341012173A97A8B
:203C2000490861F34100607377E740F00800D8E710B5F84C30B10146102204F1200009F005
:203C400078FB012084F8300010BD10B5044600F0A8FCF04920461022BDE81040203109F0A4
:203C600068BB70B5EB4D06004FF0000412D0FDF7E2FA08B110240BE00621304609F0C8FB98
:203C8000411C04D02866012085F85C0000E00724204670BD0020F7E7007810F00F0204D072
:203CA000012A05D0022A0CD110E0000909D10AE00009012807D0022805D0032803D004280C
:203CC00001D0072070470870002070470620704705282AD2DFE800F003070F171F0008785A
:203CE00020F0FF001EE0087820F00F00401C20F0F000103016E0087820F00F00401C20F07B
:203D0000F00020300EE0087820F00F00401C20F0F000303006E0087820F00F00401C20F029
:203D2000F0004030087000207047072070472DE9F043804687B00D464FF000090846FDF7D3
:203D4000C7FAA8B94046FDF7F9FC060003D0307822280BD104E043F2020007B0BDE8F08341
:203D600035B1B07FC10601D4000703D50820F4E71020F2E7F07F000701D50D20EDE7002733
:203D8000012140460CF09AF9040006D10121002240460CF08AF9040005D0694600F011FC43
:203DA000009818B901E00420D7E7FFDF00980221E0344170C0F8248044610781012101715C
:203DC000297801F00102017E62F3010101762A78520862F3820101762A78920862F3C30161
:203DE00001762A78D20862F30411017624213046FDF713FB01A900980DF05BFE022801D09F
:203E000000B1FFDF4846A8E72DE9FF4F0E468249904697B09A4607C914AB4FF0000983E834
:203E200007001798FDF78AFC050006D02878262806D008201BB0BDE8F08F43F20200F9E785
:203E400026B94046FFF7F2F80028F3D1012117980CF034F9040000D1FFDF852E27D007DCF7
:203E6000EEB1812E1DD0822E1DD0832E08D11CE0862E1ED0882E1ED0892E1ED08A2E1ED053
:203E80000F2020710F281CD004F020F9D8B101208DF83400201D0E902079B0B126E10020D3
:203EA000EFE70120EDE70220EBE70320E9E70520E7E70620E5E70820E3E70920E1E70A205E
:203EC000DFE70720B6E71120B4E798F80000D4E91D764208A87F002162F3C710A87798F83F
:203EE00000008208E87F62F30000E87798F80000C209607862F34100607098F800000209E9
:203F0000207862F34710207098F80000C208607862F30000607098F80100607198F8000084
:203F200000F00102B07862F30100B070AA7FD20962F38200B070EA7F62F3C300B07062787A
:203F400062F30410B0702278C0F3C000520932706278C2F34002727098F80220F270717125
:203F60003171B978C1F3C00108405FEA000B2ED05046FDF760F978BBDAF80C00FDF75BF923
:203F800050BBDAF81C00FDF756F928BBDAF80C00A060DAF81C00E06060787A7842EA5001AF
:203FA00061F341006070B978C0B200EA111161F3000060700020207705F117006061681CC0
:203FC000A061B07800F00300012806D046E060787A7802EA5001E3E719E0B87800F00300B3
:203FE00001283BD1321D711D404600F099FA3179387901408DF8281070797A7910408DF89C
:20400000300001432AD05046FDF715F930B1102010E70000D4010020E8B001000AF11000F9
:2040200004F5AE7304F18C028DE80D0000210AAB5A462046FFF73DF80028E9D104F5B0725D
:2040400004F1A403CDF800A0CDE9013201210CAB5A462046FFF72DF80028D9D1607880074B
:2040600022D4B078B978C0F38000C1F3800108431AD0307814AA397832F810204B00DA407E
:2040800002F00309B9F1030F01D14FF00209BBF1000F09D0012801D0042805D1012901D0BF
:2040A000042901D14FF00409A87F40F08000A877E97F6BF30001E9776078800706D503203B
:2040C000A071BBF1000F11D100202CE00220B9F1020F1AD0B9F1010F19D0B9F1040F2AD0E5
:2040E0000020A071A87F20F08000A87725212846FDF793F90DA904F1E0000DF0BFFC10B181
:20410000022800D0FFDF002094E6A071DCE7A0710D22002104F1200009F035F9207840F0F4
:204120000200207001208DF84C0013AA2946179800F020FADAE70120A071D7E72DE9F0431C
:2041400087B09046894604460025FDF7F7FA070004D03878272804D00820FEE543F202003F
:20416000FBE5012120460BF0A9FF040000D1FFDFA6795FEA090005D0012821D0B9F1020F66
:2041800026D110E0B8F1000F22D1012E05D0022E05D0032E05D0FFDF2EE00C252CE001252F
:2041A0002AE0022528E04046FDF745F8B0B9032E0ED11022414604F11D0009F0BAF81BE025
:2041C000012E02D0022E03D104E0B8F1000F13D00720C2E54046FDF72EF808B11020BCE563
:2041E0001022002104F11D0009F0CDF80621404609F00EF9C4F81D002078252140F0020006
:2042000020703846FDF709F92078C10713D020F00100207002208DF8000004F11D0002906B
:204220008DF804506946C3300DF028FC022803D010B1FFDF00E0257700208EE530B587B01B
:204240000D460446FDF77AFA60B1012120460BF035FF04000CD02846FCF7EDFF28B110205B
:2042600007B030BD43F20200FAE72078400701D40820F5E7294604F13D002022054609F0A3
:2042800058F8207840F01000207001070FD520F00800207007208DF80000694604F1E000A2
:2042A00001950DF0EBFB022801D000B1FFDF0020D6E770B50D460646FDF740FA18B10078EB
:2042C000272817D102E043F2020070BD012130460BF0F4FE040000D1FFDFA079022809D10C
:2042E0006078C00706D02A4621463046FEF772FF10B10FE0082070BDB4F860000E280BD272
:2043000004F1620102231022081F0BF070FD012101704570002070BD112070BD70B50646FB
:2043200014460D460846FCF786FF18B92046FCF7A8FF08B1102070BDA6F57F40FF380ED0B4
:204340003046FDF7FBF938B1417822464B08811C1846FDF7CEF907E043F2020070BD20463B
:20436000FDF753FF0028F9D11021E01D0FF0EFF9E21D294604F1170000F033F9002070BD0D
:204380002DE9F04104468AB015460E4600270846FCF79EFF18B92846FCF79AFF18B11020DA
:2043A0000AB0BDE8F0812046FDF7C8F95FEA000804D098F80000272810D102E043F2020014
:2043C000EEE7012120460BF079FE040000D1FFDF2078400702D56078800701D40820DFE783
:2043E000D4E91D01497801B18DB1407800B176B1ADB1EA1D06A8E16800F0F3F8102206A989
:2044000005F1170008F068FF18B1042707E00720C6E71022E91D04F12D0008F08AFF2EB1C7
:204420001022F11D04F11D0008F083FF2078252140F0020020704046FCF7EFFF2078C10749
:2044400015D020F00100207002208DF8000004F11D000290103003908DF804706946B3302D
:204460000DF00CFB022803D010B1FFDF00E02777002095E770B50D4606460BB1072070BDAE
:20448000FDF75CF9040007D02078222802D3A07F800604D4082070BD43F2020070BDADB1AD
:2044A000294630460AF045FD03F02EFC297C4A08A17F62F3C711A177297CE27F61F3000206
:2044C000E277297C890884F8201004E030460AF053FD03F019FCA17F21F02001A17770BD5E
:2044E00070B50D46FDF72AF9040005D02846FCF7C8FE20B1102070BD43F2020070BD29462C
:204500002046FEF738FE002070BD04E010F8012B0AB100207047491E89B2F7D201207047D0
:2045200010B5C4780B7864F300030B70C478640864F341030B70C478A40864F382030B7025
:20454000C478E40864F3C3030B700379117863F30001117003795B0863F34101117003794A
:204560009B0863F3820111700079C00860F3C301117010BD70B51546064603F0A7FD040031
:2045800000D1FFDF207820F00F00801C20F0F0002030207066802868A060BDE8704003F07B
:2045A00099BD10B5134C94F83000002808D104F12001A1F110000DF0A3FA012084F83000A5
:2045C00010BD10B190F8B9202AB10A4890F8350018B1002003E0B83001E006483430086053
:2045E000704708B50023009313460A460BF065FF08BD0000D4010020F0B5007B059F1E46A7
:2046000014460D46012800D0FFDF0C2030803A203880002C08D0287A032806D0287B0128B5
:2046200000D0FFDF17206081F0BDA889FBE72DE9F04786B0144691F80C900E9A0D46B9F14D
:20464000010F0BD01021007B2E8A8846052807D0062833D0FFDF06B0BDE8F0870221F2E75C
:20466000E8890C2100EB400001EB4000188033201080002CEFD0E889608100271AE00096D6
:20468000688808F1020301AA696900F086FF06EB0800801C07EB470186B204EB4102BDF84C
:2046A000040090810DF1060140460E320DF09EFA7F1CBFB26089B842E1D8CCE73420108046
:2046C000E889B9F1010F11D0122148430E301880002CC0D0E88960814846B9F1010F00D014
:2046E0000220207300270DF1040A1FE00621ECE70096688808F1020301AA696900F04DFF9C
:2047000006EB0800801C86B2B9F1010F12D007EBC70004EB4000BDF80410C18110220AF110
:204720000201103008F005FE7F1CBFB26089B842DED890E707EB470104EB4102BDF80400FA
:20474000D0810AF10201404610320DF04FFAEBE72DE9F0470E4688B090F80CC096F80C80E3
:20476000378AF5890C20109902F10C044FF0000ABCF1030F08D0BCF1040F3FD0BCF1070FB0
:204780007ED0FFDF08B067E705EB850C00EB4C00188031200880002AF4D0A8F1060000F041
:2047A000FF09558126E01622002101A808F0EBFD00977088434601AA716900F0EEFEBDF805
:2047C00004002080BDF80600E080BDF808002081A21C0DF10A0148460DF008FAB9F1000FAF
:2047E00000D018B184F804A0A4F802A007EB080087B20A346D1EADB2D5D2C3E705EB850C95
:2048000000EB4C00188032200880002ABAD0A8F1050000F0FF09558137E0009770884346A0
:2048200001AA716900F0B9FE9DF80600BDF80410E1802179420860F3000162F3410182082E
:2048400062F38201C20862F3C301020962F30411420962F34511820962F386112171C00960
:204860006071BDF80700208122460DF1090148460DF0BCF918B184F802A0A4F800A000E057
:2048800007E007EB080087B20A346D1EADB2C4D278E7A8F1020084B205FB08F000F10E0C0D
:2048A000A3F800C035230B80002AA6D055819481009783B270880E32716900F06EFE61E7AD
:2048C0002DE9F84F1E460A9D0C4681462AB1607A00F58070D080E089108199F80C000C27A3
:2048E0004FF000084FF00E0A0D2872D2DFE800F09D070E1B272F37455469727272002146D1
:2049000048460095FFF778FEBDE8F88F207B9146082802D0032800D0FFDF3780302009E09F
:20492000A9F80A80F0E7207B9146042800D0FFDF378031202880B9F1000FF1D1E4E7207B98
:204940009146042800D0FFDF37803220F2E7207B9146022800D0FFDF37803320EAE7207B04
:204960001746022800D0FFDF3420A6F800A02880002FC9D0A7F80A80C6E7207B1746042806
:2049800000D0FFDF3520A6F800A02880002FBBD04046A7F80A8012E0207B1746052802D0DC
:2049A000062800D0FFDF1020308036202880002FAAD0E0897881A7F80E80B9F80E00B8810D
:2049C000A2E7207B9146072800D0FFDF37803720B0E72AE04FF0120018804FF038001700D9
:2049E000288091D0E0897881A7F80E80A7F8108099F80C000A2805D00B2809D00C280DD02F
:204A0000FFDF81E7207B0A2800D0FFDF01200AE0207B0B2800D0FFDF042004E0207B0C2877
:204A200000D0FFDF052038736EE7FFDF6CE770B50C460546FCF782FE20B10078222804D2D4
:204A4000082070BD43F2020070BD052128460BF035FB206008B1002070BD032070BD30B424
:204A60004880087820F00F00C01C20F0F000903001F8080B1DCA81E81D0030BC03F02ABBF6
:204A80002DE9FF4784B0002782460297079890468946123006F043FB401D20F0030607982F
:204AA00028B907A95046FFF7C2FF002854D1B9F1000F05D00798017B19BB052504681BE0BD
:204AC00098F80000092803D00D2812D0FFDF46E0079903254868B0B3497B42887143914237
:204AE00039D98AB2B3B2011D0BF06DF90446078002E0079C042508340CB1208810B1032D73
:204B000029D02CE007980121123006F03AFBADF80C00024602AB2946504604F0D8F80700EC
:204B200001D1A01C029007983A461230C8F80400A8F802A003A94046029B06F02FFBD8B176
:204B40000A2817D200E006E0DFE800F007091414100B0D141412132014E6002012E61120AD
:204B600010E608200EE643F203000BE6072009E60D2007E6032005E6BDF80C002346CDE9DC
:204B800000702A465046079900F017FD57B9032D08D10798B3B2417B406871438AB2011D6C
:204BA0000BF025F9B9F1000FD7D0079981F80C90D3E72DE9FE4F91461A881C468A46804639
:204BC000FAB102AB494604F082F8050019D04046A61C27880BF0B7FB3246072629463B4659
:204BE00000960AF0D6FF20882346CDE900504A465146404600F0E1FC002020800120BDE839
:204C0000FE8F0020FBE710B586B01C46AAB104238DF800301388ADF808305288ADF80A2050
:204C20008A788DF80E200988ADF80C1000236A462146FFF725FF06B010BD1020FBE770B55F
:204C40000D4605210BF03AFA040000D1FFDF294604F11200BDE8704006F07CBA2DE9F843B1
:204C60000D468046002603F031FA04462878102878D2DFE800F0773B345331311231313174
:204C80000831313131312879001FC0B2022801D0102810D114BBFFDF35E004B9FFDF05214E
:204CA00040460BF00BFA007B032806D004280BD0072828D0FFDF072655E02879801FC0B2D2
:204CC000022820D050B1F6E72879401FC0B2022819D0102817D0EEE704B9FFDF13E004B918
:204CE000FFDF287901280ED1172137E0052140460BF0E4F9070000D1FFDF07F11201404613
:204D000006F005FA2CB12A4621464046FFF7A7FE29E013214046FDF743FD24E004B9FFDF33
:204D2000052140460BF0CAF9060000D1FFDF694606F1120006F0F5F9060000D0FFDFA988D3
:204D4000172901D2172200E00A46BDF80000824202D9014602E005E01729C5D3404600F027
:204D60003CFCD0E7FFDF3046BDE8F883401D20F0030219B102FB01F0001D00E00020104435
:204D8000704713B5009848B1002468460AF0C5FF002C02D1F74A009911601CBD012400200B
:204DA000F4E72DE9F0470C46154624220021204608F0E9FA05B9FFDFA87860732888DFF860
:204DC000B4A3401D20F00301AF788946DAF800000AF0C1FF060000D1FFDF4FF00008266007
:204DE000A6F8008077B109FB07F1091D0AD0DAF800000AF0B0FF060000D1FFDF6660C6F8BD
:204E0000008001E0C4F80480298804F11200BDE8F04706F06DB92DE9F047804601F112002A
:204E20000D46814606F07BF9401DD24F20F003026E7B1446296838680AF0B8FF3EB104FB48
:204E400006F2121D03D0696838680AF0AFFF05200BF0E0F8044605200BF0E4F8201A01289E
:204E600002D138680AF06CFF49464046BDE8F04706F054B970B5054605210BF01FF90400B9
:204E800000D1FFDF04F112012846BDE8704006F03EB92DE9F04F91B04FF0000BADF834B042
:204EA000ADF804B047880C4605469246052138460BF004F9060000D1FFDF24B1A780A4F86C
:204EC00006B0A4F808B0297809220B20B2EB111F7ED12A7A04F1100138274FF00C084FF01A
:204EE00001090391102A74D2DFE802F073F3F2F18008D3898EA03DDCF4EFB7B7307B022841
:204F000000D0FFDFA88908EBC001ADF804103021ADF83410002C25D06081B5F80E90002797
:204F20001DE004EBC708317C88F80E10F189A8F80C10CDF800906888042304AA296900F099
:204F40002CFBBDF81010A8F8101009F10400BDF812107F1C1FFA80F9A8F81210BFB2608977
:204F6000B842DED80EE1307B022800D0FFDFE98908EBC100ADF804003020ADF83400287B74
:204F80000A90001FC0B20F90002CEBD06181B5F81090002726E000BFCDF80090688869692E
:204FA00003AA0A9B00F0F9FA0A9804EBC70848441FFA80F908F10C0204A90F980CF016FED3
:204FC00018B188F80EB0A8F80CB0BDF80C1001E0D4E0D1E0A8F81010BDF80E107F1CA8F889
:204FE0001210BFB26089B842D6D8CBE00DA8009001AB224629463046FFF719FBC2E0307B4D
:20500000082805D0FFDF03E0307B082800D0FFDFE8891030ADF804003620ADF83400002C8C
:205020003FD0A9896181F189A18127E0307B092800D0FFDFA88900F10C01ADF804103721E0
:20504000ADF83410002C2CD06081E8890090AB89688804F10C02296956E0E8893921103063
:2050600080B2ADF80400ADF83410002C74D0A9896181287A0E280AD002212173E989E181AB
:20508000288A0090EB8968886969039A3CE00121F3E70DA8009001AB224629463046FFF7AF
:2050A00057FB6FE0307B0A2800D0FFDF1220ADF80400ADF834704CB3A9896181A4F810B031
:2050C000A4F80EB084F80C905CE020E002E031E039E042E0307B0B2800D0FFDF288AADF811
:2050E00034701230ADF8040084B104212173A9896181E989E181298A2182688A00902B8ABE
:20510000688804F11202696900F047FA3AE0307B0C2800D0FFDF1220ADF80400ADF83470C8
:205120003CB305212173A4F80AB0A4F80EB0A4F810B027E00DA8009001AB22462946304675
:20514000FFF75AFA1EE00DA8009001AB224629463046FFF7B5FB15E034E03B21ADF8040015
:20516000ADF8341074B3A4F80690A4F808B084F80AB007E010000020FFDF03E0297A0129BE
:2051800017D0FFDFBDF80400AAF800006CB1BDF834002080BDF804006080BDF83400392866
:2051A00003D03C2801D086F80CB011B00020BDE8F08F3C21ADF80400ADF8341014B1697A11
:2051C000A172DFE7AAF80000EFE72DE9F84356880F4680461546052130460AF06FFF0400D1
:2051E00000D1FFDF123400943B46414630466A6806F008F9B8E570B50D4605210AF05EFF4D
:20520000040000D1FFDF294604F11200BDE8704005F092BF70B50D4605210AF04FFF0400E0
:2052200000D1FFDF294604F11200BDE8704005F0B0BF70B5054605210AF040FF040000D1EC
:20524000FFDF04F1080321462846BDE870400422AFE470B5054605210AF030FF040000D1F9
:20526000FFDF214628462368BDE870400522A0E470B5064605210AF021FF040000D1FFDF8C
:2052800004F1120005F04BFF401D20F0030511E0011D00880322431821463046FFF789FCE4
:2052A00000280BD0607BABB2684382B26068011D0AF0D3FD606841880029E9D170BD70B55E
:2052C0000E46054602F002FF040000D1FFDF0120207266726580207820F00F00C01C20F076
:2052E000F00030302070BDE8704002F0F3BE2DE9F0438BB00D461446814606A9FFF797FBA7
:20530000002814D14FF6FF7601274FF420588CB103208DF800001020ADF8100007A80590D5
:2053200007AA204604A90CF080FC78B107200BB0BDE8F0830820ADF808508DF80E708DF861
:205340000000ADF80A60ADF80C800CE00698A17801742188C1818DF80E70ADF80850ADF865
:205360000C80ADF80A606A4602214846069BFFF787FBDCE708B501228DF8022042F6020292
:20538000ADF800200A4603236946FFF73CFC08BD08B501228DF8022042F60302ADF80020A7
:2053A0000A4604236946FFF72EFC08BD00B587B079B102228DF800200A88ADF808204988D3
:2053C000ADF80A1000236A460521FFF759FB07B000BD1020FBE709B1072314E4072070478B
:2053E00070B588B00D461446064606A9FFF71FFB00280ED17CB10620ADF808508DF80000BC
:20540000ADF80A40069B6A460821DC813046FFF737FB08B070BD05208DF80000ADF808509C
:20542000F0E700B587B059B107238DF80030ADF80820039100236A460921FFF721FBC6E7A3
:205440001020C4E770B588B00C460646002506A9FFF7EDFA0028DCD106980121123005F0F9
:2054600090FE9CB12178062921D2DFE801F0200505160318801E80B2C01EE28880B20AB17E
:20548000A3681BB1824203D90C20C2E71020C0E7042904D0A08850B901E00620B9E70129E6
:2054A00013D0022905D004291CD005292AD00720AFE709208DF800006088ADF80800E08860
:2054C000ADF80A00A068039023E00A208DF800006088ADF80800E088ADF80A00A0680A25ED
:2054E000039016E00B208DF800006088ADF80800A088ADF80A00E088ADF80C00A0680B25B6
:20550000049006E00C208DF8000060788DF808000C256A4629463046069BFFF7B1FA78E794
:2055200000B587B00D228DF80020ADF8081000236A461946FFF7A4FA49E700B587B071B1EA
:2055400002228DF800200A88ADF808204988ADF80A1000236A460621FFF792FA37E71020C9
:2055600035E770B586B0064601200D46ADF808108DF80000014600236A463046FFF780FAB2
:20558000040008D12946304601F006FB0021304601F020FB204606B070BDF8B51C46154601
:2055A0000E46069F0AF0BDFE2346FF1DBCB231462A4600940AF0B9FAF8BD30B41146DDE96C
:2055C00002423CB1032903D0002330BC04F013BC0123FAE71A8030BC704770B50C460546C5
:2055E000FFF72DFB2146284601F0E5FA2846BDE87040012101F0EEBA18B18178012938D175
:2056000001E010207047018842F60112881A914231D018DC42F60102A1EB020091422AD0EE
:205620000CDC41B3B1F5C05F25D06FF4C050081821D0A0F57060FF381BD11CE001281AD0B9
:2056400002280AD117E0B0F5807F14D008DC012811D002280FD003280DD0FF2809D10AE0DC
:20566000B0F5817F07D0A0F58070033803D0012801D0002070470F2070470A281FD008DC5F
:205680000A2818D2DFE800F0191B1F1F171F231D1F21102815D008DC0B2812D00C2810D0E5
:2056A0000D2816D00F2806D10DE011280BD084280BD087280FD003207047002070470520D5
:2056C0007047072070470F20704704207047062070470C20704743F20200704738B50C4687
:2056E000050041D06946FEF7D7FA002819D19DF80010607861F3020060706946681CFEF742
:20570000CBFA00280DD19DF80010607861F3C5006070A978C1F34101012903D0022905D044
:20572000072038BD217821F0200102E0217841F020012170410704D0A978C90861F386102C
:205740006070607810F0380F07D0A978090961F3C710607010F0380F02D16078400603D545
:20576000207840F040002070002038BD70B504460020088015466068FFF7B0FF002816D18E
:205780002089A189884211D860688078C0070AD0B1F5007F0AD840F20120B1FBF0F200FB3F
:2057A0001210288007E0B1F5FF7F01D90C2070BD01F201212980002070BD10B5047813780A
:2057C00064F3000313700478640864F3410313700478A40864F3820313700478E40864F3A0
:2057E000C30313700478240964F3041313700478640964F3451313700078800960F38613BE
:20580000137031B10878C10701D1800701D5012000E0002060F3C713137010BD42785307FA
:2058200002D002F0070306E012F0380F02D0C2F3C20300E001234A7863F302024A7040788D
:2058400010F0380F02D0C0F3C20005E0430702D000F0070000E0012060F3C5024A70704736
:205860002DE9F04F95B00D00824613D012220021284607F088FD4FF6FF7B05AA0121584669
:2058800007F049FB0024264637464FF420586FF4205972E0102015B0BDE8F08F9DF81E000B
:2058A00001280AD1BDF81C1041450BD011EB09000AD001280CD002280CD0042C0ED0052C79
:2058C0000FD10DE0012400E00224BDF81A6008E0032406E00424BDF81A7002E0052400E05A
:2058E0000624BDF81A10514547D12C74BEB34FF0000810AA4FF0070ACDE90282CDE900A8F7
:205900000DF13C091023CDF8109042463146584607F0D1FB08BBBDF83C002A46C0B210A9FD
:205920000CF064F9C8B9AE81CFB1CDE900A80DF1080C0AAE40468CE84102132300223946A2
:20594000584607F0B8FB40B9BDF83C00F11CC01EC0B22A1D0CF04AF910B103209BE70AE0E2
:20596000BDF82900E881062C05D19DF81E00A872BDF81C00288100208DE705A807F0D7FA88
:2059800000288BD0FFF779FE85E72DE9F0471C46DDE90978DDF8209015460E00824600D12E
:2059A000FFDF0CB1208818B1D5B11120BDE8F087022D01D0012100E0002106F1140006F0E4
:2059C00073F9A8F8000002463B462946504603F07EF9C9F8000008B9A41C3C600020E5E7B9
:2059E0001320E3E7F0B41446DDE904528DB1002314B1022C09D101E0012306E00D7CEE07F9
:205A000003D025F0010501230D742146F0BC04F0F2B91A80F0BC70472DE9FE4F91461A8868
:205A20001C468A468046FAB102AB494603F04FF9050019D04046A61C27880AF084FC324675
:205A4000072629463B4600960AF0A3F820882346CDE900504A4651464046FFF7C3FF002062
:205A600020800120BDE8FE8F0020FBE72DE9F04786B082460EA8904690E8B000894604AAB5
:205A800005A903A88DE807001E462A4621465046FFF77BFF039901B101213970002818D1C6
:205AA000FA4904F1140204AB0860039805998DE8070042464946504606F0A9FCA8B10928FA
:205AC00011D2DFE800F005080510100A0C0C0E00002006B06AE71120FBE70720F9E7082061
:205AE000F7E70D20F5E70320F3E7BDF810100398CDE9000133462A4621465046FFF772FF4E
:205B0000E6E72DE9F04389B01646DDE910870D4681461C461422002103A807F034FC0120B7
:205B200002218DF810108DF80C008DF81170ADF8146064B1A278D20709D08DF81600E08809
:205B4000ADF81A00A088ADF81800A068079008A80095CDE90110424603A948466B68FFF76B
:205B600085FF09B0BDE8F083F0B58BB000240646069407940727089405A80994019400970B
:205B80000294CDE903400D4610232246304607F092FA78B90AA806A9019400970294CDE985
:205BA0000310BDF8143000222946304607F021F8002801D0FFF761FD0BB0F0BD06F0B2BEA7
:205BC0002DE9FC410C468046002602F07FFA054620780D287ED2DFE800F0BC0713B325BD3F
:205BE00049496383AF959B00A848006820B1417841F010014170ADE0404602F099FAA9E058
:205C0000042140460AF05AFA070000D1FFDF07F11401404605F0DDFFA5BB13214046FCF764
:205C2000BFFD97E0042140460AF048FA070000D1FFDFE088ADF800000020B8819DF8000099
:205C4000010704D5C00602D5A088B88105E09DF8010040067ED5A088F88105B9FFDF2246AC
:205C60002946404601F0C0FC022673E0E188ADF800109DF8011009060FD5072803D0062820
:205C80000AD00AE024E0042140460AF017FA060000D1FFDFA088F0810226CDB9FFDF17E0B5
:205CA000042140460AF00AFA070000D1FFDF07F1140006F06EFE90F0010F02D1E079000655
:205CC00048D5387C022640F00200387405B9FFDF224600E03DE02946404601F085FC39E06C
:205CE000042140460AF0EAF9017C002D01F00206C1F340016171017C21F002010174E7D1F4
:205D0000FFDFE5E702260121404602F043FA21E0042140460AF0D2F905466068009020891D
:205D2000ADF8040001226946404602F054FA287C20F0020028740DE0002DC9D1FFDFC7E790
:205D4000022600214046FFF765FA002DC0D1FFDFBEE7FFDF3046BDE8FC813EB50C0009D090
:205D600001466B4601AA002007F02AFA20B1FFF784FC3EBD10203EBD00202080A0709DF873
:205D8000050002A900F00700FDF7A2FF50B99DF8080020709DF8050002A9C0F3C200FDF7E3
:205DA00097FF08B103203EBD9DF8080060709DF80500C109A07861F30410A0709DF805106B
:205DC000890961F3C300A0709DF80410890601D5022100E0012161F342009DF8001061F348
:205DE0000000A07000203EBD70B5144606460D4651EA040005D075B10846FBF760FA78B955
:205E000001E0072070BD2946304607F040FA10B1BDE8704031E454B12046FBF750FA08B1AC
:205E2000102070BD21463046BDE8704095E7002070BD2DE9FC5F0C46904605460027017886
:205E40000822007A3E46B2EB111F7DD104F10A0100910A31821E4FF0020A04F1080B0191AE
:205E6000092A72D2DFE802F0EDE005F528287BAACE00688804210AF021F9060000D1FFDF0A
:205E8000B08928B152270726C3E000003802002051271026002C7DD06888A0800120A071E4
:205EA000A88900220099FFF79FFF002873D1A8892081288AE081D1E0B5F81290072824D1ED
:205EC000E87B000621D5512709F1140086B2002CE1D0A88900220099FFF786FF00285AD10E
:205EE0006888A08084F806A0A88920810120A073288A2082A4F81290A88A009068884B4695
:205F0000A969019A01F04CFBA8E0502709F1120086B2002C3ED0A88900225946FFF764FFD4
:205F2000002838D16888A080A889E080287A072813D002202073288AE081E87BC009607314
:205F4000A4F81090A88A01E085E082E0009068884B4604F11202A969D4E70120EAE7B5F8A5
:205F60001290512709F1140086B2002C66D0688804210AF0A3F883466888A080A889002289
:205F80000099FFF731FF00286ED184F806A0A889208101E052E067E00420A073288A208202
:205FA000A4F81290A88A009068884B46A969019A01F0F6FAA989ABF80E104FE06888FBF7CE
:205FC000BDFB0746688804210AF078F8064607B9FFDF06B9FFDF687BC00702D05127142688
:205FE00001E0502712264CB36888A080502F06D084F806A0287B594601F0E2FA2EE0287BCB
:20600000A11DF9E7FE49A8894989814205D1542706269CB16888A08020E053270BE06888A6
:20602000A080A889E08019E0688804210AF046F800B9FFDF55270826002CF0D1A8F800603B
:2060400011E056270726002CF8D06888A080002013E0FFDF02E0012808D0FFDFA8F80060EF
:206060000CB1278066800020BDE8FC9F57270726002CE3D06888A080687AA071EEE7401DB7
:2060800020F0030009B14143091D01EB4000704713B5DB4A00201071009848B100246846B5
:2060A00009F03BFE002C02D1D64A009911601CBD01240020F4E770B50D461446064686B038
:2060C0005C220021284607F05EF904B9FFDFA0786874A2782188284601F09DFA0020A881D4
:2060E000E881228805F11401304605F056FD6A460121304606F00FFF1AE000BF9DF8030027
:20610000000715D5BDF806103046FFF72DFD9DF80300BDF8061040F010008DF80300BDF84D
:206120000300ADF81400FF233046059A07F077F8684606F0FCFE0028E0D006B070BD10B5E8
:206140000C4601F1140005F060FD0146627C2046BDE8104001F094BA30B50446A84891B076
:206160004FF6FF75C18905AA284606F0D4FE30E09DF81E00A0422AD001282AD1BDF81C00A3
:20618000B0F5205F03D042F60101884221D1002002AB0AAA0CA9019083E807000720009022
:2061A000BDF81A1010230022284606F084FF38B9BDF828000BAAC0B20CA90BF017FD10B14A
:2061C000032011B030BD9DF82E00A04201D10020F7E705A806F0ABFE0028C9D00520F0E770
:2061E00070B50546042109F069FF040000D1FFDF04F114010C46284605F0EBFC214628467B
:20620000BDE8704005F0ECBC70B58AB00C460646FBF794FA050014D02878222827D30CB185
:20622000A08890B101208DF80C0003208DF8100000208DF8110054B1A088ADF81800206863
:2062400007E043F202000AB070BD0920FBE7ADF8180005900421304609F030FF040000D144
:20626000FFDF04F1140005F0E6FC000701D40820E9E701F02BFF60B108A802210094CDE943
:20628000011095F8232003A930466368FFF7EEFBD9E71120D7E72DE9F04FB2F802A0834638
:2062A00089B0154689465046FBF748FA07460421504609F003FF0026044605964FF002085A
:2062C0000696ADF81C6007B9FFDF04B9FFDF4146504603F0DAFE50B907AA06A905A88DE855
:2062E00007004246214650466368FFF74EFB444807AB0660DDE9051204F11400CDF8009029
:20630000CDE90320CDE9013197F82320594650466B6805F0D9FC06000AD0022E04D0032E03
:2063200014D0042E00D0FFDF09B03046BDE8F08FBDF81C000028F7D00599CDE9001042469A
:20634000214650466368FFF74DFBEDE7687840F008006870E8E72DE9F04F99B004464FF07D
:2063600000082748ADF81C80ADF82080ADF82480A0F80880ADF81480ADF81880ADF82C80F0
:20638000ADF82880007916460D464746012808D0022806D0032804D0042802D0082019B00C
:2063A000C4E72046FAF747FF70BB2846FAF743FF50BB6068FAF78CFF30BB606848B16089E5
:2063C0002189884202D8B1F5007F01D90C20E6E780460EAA06A92846FFF7C8F90028DED14E
:2063E00068688078C0F34100022808D19DF8190010F0380F03D02869FAF761FF20B904E077
:20640000380200201400002022E005A92069FFF765F90028C3D1206948B1607880079DF82F
:20642000150000F0380001D5F0B300E0E0BB9DF8140080060ED59DF8150010F0380F03D055
:206440006068FAF73CFF18B96068FAF741FF08B11020A4E70AA96069FFF740F900289ED1C8
:20646000606940B19DF8290000F0070101293CD110F0380F39D00BA9A069FFF72FF9002822
:206480008DD19DF8280080062FD49DF82C0080062BD4A06950B19DF82D0000F00701012924
:2064A00023D110F0380F00E01FE01ED0E06818B10078D0B11C2818D20FAA611C2046FFF70A
:2064C0007CF90121384661F30F2082468DF85210B94642F603000F46ADF850000DF13F02B2
:2064E00018A928680BF0A1FB08B1072057E79DF8600015A9CDF80090C01CCDE9019100F07A
:20650000FF0B00230BF20122514614A806F02EFCF0BBBDF854000C90FE482A89296900924E
:20652000CDE901106B89BDF838202868069906F01DFC01007ED120784FF0020AC10601D486
:2065400080062BD5CDF80C90606950B90AA906A8FFF764F99DF8290020F00700401C8DF818
:2065600029009DF8280008A940F0C8008DF828008DF8527042F60210ADF8500003AACDF8E7
:2065800000A0CDE90121002340F2032214A800E01EE00A9906F0EAFB01004BD1DD484D461C
:2065A00008385B460089ADF83D000FA8CDE90290CDF80490CDF810904FF007090022CDF89C
:2065C0000090BDF854104FF6FF7006F012FB10B1FFF753F8E3E69DF83C00000624D5294651
:2065E000012060F30F218DF852704FF424500395ADF8500062789DF80C00002362F3000079
:206600008DF80C006278CDF800A0520862F341008DF80C0003AACDE9012540F2032214A88D
:2066200006F0A4FB010005D1606888B32069A8B905A900E084E006A8FFF7F0F86078800724
:2066400006D49DF8150020F038008DF8150005E09DF8140040F040008DF814008DF85270F6
:2066600042F60110ADF85000208940F20121B0FBF1F201FB1202606809ABCDF80080CDE9CA
:206680000103002314A8059906F070FB010057D12078C00728D00395A06950B90BA906A88C
:2066A000FFF7BCF89DF82D0020F00700401C8DF82D009DF82C008DF8527040F040008DF84C
:2066C0002C0042F60310ADF8500007A903AACDF800A0CDE90121002340F2032214A80B99DA
:2066E00006F044FB01002BD1E06868B32946012060F30F218DF8527042F60410ADF850006A
:20670000E068002302788DF8582040788DF85900E06816AA4088ADF85A00E06800798DF8EC
:206720005C00E068C088ADF85D00CDF80090CDE901254FF4027214A806F018FB010003D0EA
:206740000C9800F0C9FF2AE6724803210838017156B100893080BDF824007080BDF820005F
:20676000B080BDF81C00F080002018E670B501258AB016460B46012802D0022816D104E068
:206780008DF80E504FF4205003E08DF80E5042F60100ADF80C005BB10024601C60F30F2481
:2067A00004AA08A918460BF040FA18B107204AE5102048E504A99DF820205648CDE9002174
:2067C000801E02900023214603A802F2012206F0CDFA10B1FEF751FF35E54E4808380EB1CB
:2067E000C1883180057100202DE5F0B593B0074601268DF83E6041F60100ADF83C0012AAA3
:206800000FA93046FFF7B2FF002849D1414C0025083CEFB31C22002102A806F0B4FD9DF884
:2068200008008DF83E6040F020008DF8080042F60520ADF83C000E959DF83A00119520F0EA
:206840000600801C8DF83A009DF838006A4620F0FF008DF838009DF8390009A920F0FF00FF
:206860008DF839000420ADF82C00ADF830000EA80A9011A80D900FA80990ADF82E5002A8CD
:20688000FFF769FD00280BD1BDF80000608100E008E0BDF80400A081401CE08125710020ED
:2068A00013B0F0BD6581A581BDF84800F4E72DE9F74F1849A0B00024083917940A79A146FD
:2068C000012A04D0022A02D0082023B02EE5CA88824201D00620F8E721988A46824201D1A2
:2068E0000720F2E70120214660F30F21ADF848004FF6FF780691ADF84A808DF86E0042F6B3
:20690000020B8DF872401CA9ADF86CB0ADF87040139101E040020020ADF8508012A806F04C
:2069200035FB00252E462F460DAB072212A9404606F02FFB78B10A285DD195B38EB3ADF820
:206940006450ADF866609DF85E008DF8144019AC012864D06BE09DF83A001FB3012859D1EB
:20696000BDF8381059451FD118A809A901940294CDE9031007200090BDF83610102300221F
:20698000404606F098FBB0BBBDF86000042801D006284AD1BDF82410219881423AD10F2083
:2069A00093E73AE0012835D1BDF83800B0F5205F03D042F6010188422CD1BAF80600BDF8C2
:2069C0003610884201D1012700E0002705B19EB1219881421ED118A809AA01940294CDE9E2
:2069E0000320072000900D4610230022404606F062FB00B902E02DE04E460BE0BDF8600000
:206A0000022801D0102810D1C0B217AA09A90BF0EDF850B9BDF8369086E7052055E705A99D
:206A200017A8221D0BF001F908B103204DE79DF814000023001DC2B28DF8142022980092F1
:206A4000CDE901401BA8069906F090F910B902228AF80420FEF711FE37E710B50B46401E35
:206A600088B084B205AA00211846FEF7A6FE00200DF1080C06AA05A901908CE8070007201E
:206A800000900123002221464FF6FF7006F0B1F80446BDF81800012800D0FFDF2046FEF71D
:206AA000ECFD08B010BDF0B5F74F044687B038790E46032804D0042802D0082007B0F0BD6E
:206AC00004AA03A92046FEF751FE0500F6D160688078C0F3410002280AD19DF80D0010F08B
:206AE000380F05D02069FAF7EAFB08B11020E5E7208905AA21698DE807006389BDF8102037
:206B00002068039906F032F910B1FEF7B6FDD5E716B1BDF814003080042038712846CDE7DC
:206B2000F8B50C0006460CD001464FF6FF7500236A46284606F044FB28B100BFFEF79DFDD7
:206B4000F8BD1020F8BD69462046FEF7C7FD0028F8D1A078314600F001032846009A06F05B
:206B60005EFBEBE730B587B0144600220DF1080C05AD01928CE82C00072200920A46014609
:206B800023884FF6FF7006F034F8BDF814102180FEF773FD07B030BD70B50D46042109F05B
:206BA0008DFA040000D1FFDF294604F11400BDE8704005F039B870B50D46042109F07EFADA
:206BC000040000D1FFDF294604F11400BDE8704005F04DB870B50D46042109F06FFA040038
:206BE00000D1FFDF294604F11400BDE8704005F065B870B50546042109F060FA040000D14A
:206C0000FFDF214628462368BDE870400122FEF703BF70B50646042109F050FA040000D159
:206C2000FFDF04F1140004F0F0FF401D20F0030511E0011D00880022431821463046FEF72F
:206C4000EBFE00280BD0607CABB2684382B2A068011D09F002F9A06841880029E9D170BD35
:206C600070B50546042109F029FA040000D1FFDF214628466368BDE870400222FEF7CCBE18
:206C800070B50E46054601F021FA040000D1FFDF0120207266726580207820F00F00001D2D
:206CA00020F0F00040302070BDE8704001F012BA10B50446012900D0FFDF2046BDE8104080
:206CC0000121FEF7A7BA2DE9F04F97B04FF0000A0C008346ADF814A0D04619D0E06830B101
:206CE000A068A8B10188ADF81410A0F800A05846FAF724FD070043F2020961D03878222887
:206D00005CD30421584609F0D9F9050005D103E0102017B0BDE8F08FFFDF05F1140004F001
:206D200074FF401D20F00306A078012803D0022801D00720EDE7218807AA584606F0EBF88F
:206D400030BB07A806F0F3F810BB07A806F0EFF848B99DF82600012805D1BDF82400A0F538
:206D60002451023902D04FF45050D2E7E068B0B1CDE902A00720009005AACDF804A004928F
:206D8000A2882188BDF81430584605F032FF10B1FEF773FCBDE7A168BDF8140008809DF8AB
:206DA0001F00C00602D543F20140B2E70B9838B1A1780078012905D080071AD40820A8E7C0
:206DC0004846A6E7C007F9D002208DF83C00A8684FF00009A0B1697C4288714391420FD95E
:206DE0008AB2B3B2011D08F0EEFF8046A0F800A006E003208DF83C00D5F800804FF0010991
:206E00009DF8200010F0380F00D1FFDF9DF820001E49C0F3C200084497F8231010F8010C13
:206E2000884201D90F2074E72088ADF8400014A90095CDE90191434607220FA95846FEF700
:206E400015FE002891D19DF8500050B9A078012807D1687CB3B2704382B2A868011D08F038
:206E6000C6FF002055E770B5064615460C460846FEF7C2FB002805D12A4621463046BDE8E3
:206E8000704073E470BD12E538020020F2B0010070B51E4614460D0009D044B1616831B161
:206EA00038B1FC49C988814203D0072070BD102070BD2068FEF7A0FB0028F9D13246214623
:206EC0002846BDE87040FFF746BA70B515460C0006D038B1EF490989814203D0072070BDFA
:206EE000102070BD2068FEF787FB0028F9D129462046BDE87040D6E570B5064686B00D4665
:206F000014461046FAF7BDF9D0BB6068FAF7E0F9B0BBA6F57F40FF3803D03046FAF70EFCBD
:206F200080B128466946FEF79BFC00280CD19DF810100F2008293DD2DFE801F0080606067C
:206F4000060A0A0843F2020006B070BD0320FBE79DF80210012908D1BDF80010B1F5C05FBC
:206F6000F2D06FF4C052D142EED09DF8061001290DD1BDF80410A1F52851062907D200E096
:206F800029E0DFE801F0030304030303DCE79DF80A1001290FD1BDF80810B1F5245FD3D008
:206FA000A1F60211B1F50051CED00129CCD0022901D1C9E7FFDF606878B9002305AA294607
:206FC000304606F0FDF810B1FEF757FBBCE79DF81400800601D41020B6E761882246284615
:206FE0006368FFF7BFFDAFE72DE9F043814687B0884614461046FAF744F918B1102007B0DB
:20700000BDE8F083002306AA4146484606F0D8F818B100BFFEF731FBF1E79DF81800C006B6
:2070200002D543F20140EAE70025072705A8019500970295CDE9035062884FF6FF7341463D
:20704000484606F038F8060013D16068FAF719F960B960680195CDE902500097049523886D
:2070600062884146484606F026F80646BDF8140020803046CEE739B1864B0A889B899A42D0
:2070800002D843F2030070471DE610B586B0814C0423ADF81430638943B1A4898C4201D29E
:2070A000914205D943F2030006B010BD0620FBE7ADF81010002100910191ADF8003002215B
:2070C0008DF8021005A9029104A90391ADF812206946FFF7F8FDE7E72DE9FC4781460D46E5
:2070E0000846FAF7A8F888BB4846FAF727FB5FEA00080AD098F80000222829D30421484619
:2071000008F0DCFF070005D103E043F20200BDE8FC87FFDF07F1140004F08DFD0646287829
:20712000012803D0022804D00720F0E7B0070FD502E016F01C0F0BD0A8792C1DC00709D0C4
:20714000E08838B1A068FAF776F818B11020DEE70820DCE721882A780720B1F5847F35D0AE
:207160001EDC40F20315A1F20313A94226D00EDCB1F5807FCBD003DCF9B1012926D1C6E7C0
:20718000A1F58073013BC2D0012B1FD113E0012BBDD0022B1AD0032BB9D0042B16D112E0FA
:2071A000A1F20912082A11D2DFE802F00B04041010101004ABE7022AA9D007E0012AA6D03D
:2071C00004E0320700E0F206002AA0DACDB200F07DFF50B198F82300CDE90005FA892346D0
:2071E00039464846FEF78DFC91E711208FE72DE9F04F8BB01F4615460C4683460026FAF763
:207200009DFA28B10078222805D208200BB081E543F20200FAE7B80801D00720F6E7032F3D
:2072200000D100274FF6FF79CCB1022D73D32046FAF74EF830B904EB0508A8F10100FAF79A
:2072400047F808B11020E1E7AD1E38F8028CAAB22146484606F007F940455CD1ADB20D4907
:20726000B80702D58889401C00E001201FFA80F8F80701D08F8900E04F4605AA4146584648
:2072800005F049FE4FF0070A4FF00009DCB320460BE0000038020020408810283BD8361D7A
:2072A000304486B2AE4236D2A01902884245F3D351E000BF9DF8170002074CD594B304EB9E
:2072C0000608361DB8F80230B6B2102B23D89A19AA4220D8B8F8002091421CD1C0061CD5EF
:2072E000CDE900A90DF1080C0AAAA11948468CE80700B8F800100022584605F07AFC20B1EA
:20730000FEF7BBF982E726E005E0B8F80200BDF82810884201D00B2078E7B8F80200304486
:2073200086B207E0FFE7C00604D55846FEF71CFC002888D19DF81700BDF81A1020F01000D2
:207340008DF81700BDF81700ADF80000FF235846009A05F064FF05A805F0E9FD18B9BDF860
:207360001A10B942A6D90421584608F0A7FE040000D1FFDFA2895AB1CDE900A94D4600230B
:2073800021465846FEF7BDFB0028BBD1A5813DE700203BE72DE9FF4F8BB01E4617000D468E
:2073A0004FF0000412D0B00802D007200FB0B1E4032E00D100265DB10846F9F780FF28B9CF
:2073C0003888691E0844F9F77AFF08B11020EDE7C74AB00701D5D18900E00121F0074FF6BE
:2073E000FF7802D0D089401E00E0404686B206AA0B9805F090FD4FF000094FF0070B0DF183
:20740000140A38E09DF81B00000734D5CDF80490CDF800B0CDF80890CDE9039A434600224D
:207420000B9805F048FE60BB05B3BDF814103A8821442819091D8A4230D3BDF81E2020F85A
:20744000022BBDF8142020F8022BCDE900B9CDE90290CDF810A0BDF81E10BDF814300022A7
:207460000B9805F028FE08B103209FE7BDF814002044001D84B206A805F059FD20B10A2870
:2074800006D0FEF7FAF891E7BDF81E10B142B9D934B17DB13888A11C884203D20C2085E788
:2074A000052083E722462946404605F0DCFF014628190180A41C3C80002077E710B50446FE
:2074C000F9F7DFFE08B1102010BD8948C0892080002010BDF0B58BB00D46064614220021AC
:2074E00003A805F050FF01208DF80C008DF8100000208DF81100ADF814503046FAF71EF919
:2075000048B10078222812D30421304608F0D6FD040005D103E043F202000BB0F0BDFFDF2B
:2075200004F11400074604F086FB800601D40820F3E7207C022140F00100207409A800945A
:20754000CDE90110072203A930466368FEF78EFA20B1217C21F001012174DEE72946304611
:20756000FDF749FE08A9384604F054FB00B1FFDFBDF82040172C01D2172000E02046A8423D
:2075800001D92C4602E0172C00D2172421463046FFF711FB21463046FDF751FB0020BCE7AE
:2075A000F8B51C4615460E46069F08F0BAFE2346FF1DBCB231462A46009408F0B6FAF8BDED
:2075C00070B50C4605460E220021204605F0DBFE002020802DB1012D01D0FFDF70BD062096
:2075E00000E00520A07170BD10B548800878134620F00F00001D20F0F00080300C4608702C
:207600001422194604F1080005F093FE00F062FD3748046010BD2DE9F047DFF8D890491D61
:20762000064621F0030117460C46D9F8000008F092FB050000D1FFDF4FF000083560A5F8B7
:2076400000802146D9F8000008F085FB050000D1FFDF7560A5F800807FB104FB07F1091D07
:207660000BD0D9F8000008F076FB040000D1FFDFB460C4F80080BDE8F087C6F80880FAE7AF
:207680002DE9F0411746491D21F00302194D064601681446286808F089FB22467168286878
:2076A00008F084FB3FB104FB07F2121D03D0B168286808F07BFB042008F0ACFC0446042020
:2076C00008F0B0FC201A012804D12868BDE8F04108F036BBBDE8F08110B50C4605F0EAFB78
:2076E00000B1FFDF2046BDE81040FDF7C6BF000038020020140000204FF0E0214FF40040D6
:20770000C1F88001BFF34F8FBFF36F8F00F021B810B5044600F01DF8002C09D0124A124857
:2077200012491432124B012C03D0022C07D0FFDF10BD0224046011604FF0407004E00324A6
:20774000046011604FF40000186010BD00B5FFDF00BD054800210160016005494FF06070EF
:20776000091D08607047000000F500404802002004F501402DE9F05FDFF850A44FF0000874
:207780008B4606469AF80940474645469AF8019008E0284601F00EF8817B407811FB007732
:2077A0006D1CEDB24D45F4D19AF809002044204420440744FF2F01D94FF013083068C01C62
:2077C00020F0030232605BEA080021D1FF48FBB2062120300CF0C8F9002408E0062C0FD27C
:2077E000DFE804F005030A0A0C05F94800E0F9480CF0DAF9054604E0F748F9E7F748F7E705
:20780000FFDFA54200D0FFDF641CE4B2062CE5D3306800EB071030604046BDE8F09F38B524
:207820000C468288817B19B14189914200D90A462280C188121D90B26A4607F081FCBDF82B
:207840000000032800D30320C1B2208800F0D1FF38BD38B50C468288817B19B101899142CB
:2078600000D90A462280C188121D90B26A4607F067FCBDF80000022800D30220C1B220888A
:2078800000F0B7FF401CC0B238BD2DE9FF5F82468B46D34814460BF10302D0E90110CDE97C
:2078A000021022F0030201A84421019208F035FAC64E002C02D1CB49019A8A60019901444C
:2078C0000191B57E05F1010504D1E8B20AF026F900B1FFDF019800EB0510C01C20F0030147
:2078E000019144B9727A00200870B08B80B205F040F900B1FFDF0198F16908440190214614
:2079000001A8FFF737FF80460198C01C20F003000190717A04B1002008F0F5FA0199084426
:207920000190214601A800F06FFFA84800273D4690F801900CE0284600F03CFF06468178CB
:207940008088FDF713FA71786D1C00FB0177EDB24D45F0D10198C01C20F00300019004B179
:2079600000203946FDF70DFA019900270844019096483D4690F801900CE0284600F01AFFF2
:207980000646C1788088FEF77AFB71786D1C00FB0177EDB24D45F0D10198C01C20F0030091
:2079A000019004B100203946FEF772FB01994FF000090844019085484D4647780EE0284646
:2079C00000F0F8FE0646807B30B106F1080002F09DF8727800FB02996D1CEDB2BD42EED1AD
:2079E0000198C01C20F00300019004B100207D494A78494602F08EF801990844019021462C
:207A000001A800F0B3FE0198C01D20F007000190DAF80010814204D3A0EB0B01B1F5803F86
:207A200004DB4FF00408CAF8000004E0CAF80000B8F1000F02D0404604B0EEE674BB6A493A
:207A40000020019A0CF0FEF9FAF77EFB5F4C207E0090607E012823D0002318B300225B4888
:207A600000210C30FBF74AF800B1FFDFE07EFEF7BCFE00B1FFDF55484FF4F6720021383079
:207A800005F081FC51480421383080F8E91180F8EA11062180F8EB11032101710020CBE766
:207AA0000123DAE702AADAE770B5484C06463834207804EB4015E078083598B9A01990F800
:207AC000E80100280FD0A0780F2800D3FFDF20220021284605F057FC687866F3020068708A
:207AE0000120E070284670BD2DE9F04105460C4600270078052190463E46B1EB101F00D0DC
:207B0000FFDF287A50B101280ED0FFDFA8F800600CB1278066800020BDE8F0810127092628
:207B200074B16888A08008E00227142644B16888A0802869E060A88A2082287B2072E5E71A
:207B4000A8F80060E7E730B5204C0120002120706170207260726176217621730521A182B4
:207B60001F21E182607321A121610A21A176E0761C4D4FF4B060E0616868C11C21F00301F4
:207B8000814200D0FFDF6868606030BD30B5154C1568636810339D4202D20420136030BDEF
:207BA0000A4B5D785A6802EB0512107051700320D080172090800120D07090700020907356
:207BC0005878401C58706068103013E054030020A11F0000359C0000A9B000000F1901002C
:207BE000F8B0010018000020000000206E524635780000006060002030BD70B50646F84853
:207C00000024457807E0204600F0D4FD0178B14204D0641CE4B2AC42F5D1002070BDF7B572
:207C2000074608780C4610B3FFF7E7FF0546A7F12006202F06D0052E19D2DFE806F00F2B43
:207C40002B151A0000F0C2FD0DB1697800E00021401AA17880B20844FF2808D8A07830B18A
:207C6000A088022824D202E06088172820D20720FEBD207AE0B161881729F8D3A188172957
:207C8000F5D3A1790029F2D0E1790029EFD0402804D9ECE7242F0BD1207A48B161884FF6CD
:207CA000FB70814202D8A188814201D90420FEBD65B9207802AA0121FFF768FF0028F6D147
:207CC0002078FFF79AFF050000D1FFDF052E18D2DFE806F0030B0E081100A0786870A088A2
:207CE000E8800FE06088A8800CE0A078A87009E0A078E87006E054F8020FA8606068E8604D
:207D000000E0FFDF0020FEBD1A2835D00DDC132832D2DFE800F01B31203131272723252D13
:207D2000313129313131312F0F00302802D003DC1E2821D1072070473A3809281CD2DFE83F
:207D400000F0151B0F1B1B1B1B1B07000020704743F20400704743F20200704704207047D6
:207D60000D2070470F207047082070471120704713207047062070470320704710B5007894
:207D800000F0010007F0D2F9BDE81040BCE710B5007800F0010007F0CEF9BDE81040B3E71D
:207DA0000EB5017801F001018DF80010417801F001018DF801100178C1F340018DF80210B8
:207DC0004178C1F340018DF80310017889088DF80410417889088DF8051081788DF8061042
:207DE000C1788DF8071000798DF80800684606F05DFEFFF789FF0EBD2DE9F84F784CDFF868
:207E0000E481383400261FE0012000F048FD0120FFF74AFE054644214746D8F8080007F0AB
:207E20009AFF686000B9FFDF686806F03BFDA8B12846F9F7F1FD284600F036FD20B94422D7
:207E40006968B86807F0B2FF94F9E9010428DBDA022008F0DFF807460025A6E04422696811
:207E6000D8F8080007F0A2FFF2E7B8F802104046491C89B2A8F80210B94201D3002141806E
:207E80000221B8F8020008F019F9002865D0B8F80200694607F0C8F8FFF736FF00B1FFDFD4
:207EA0009DF8000078B1B8F8020008F04CFA5FEA000900D1FFDF484607F0CBFC18B1B8F84E
:207EC000020002F0D0F8B8F8020008F02AFA5FEA000900D1FFDF484607F0B3FCE8BB03211C
:207EE000B8F8020008F0EAF85FEA000B48D1FFDF46E000BFDBF8100010B10078FF2849D06A
:207F0000022000F0CCFC0220FFF7CEFD8246484607F0A3FDCAF8040000B9FFDFDAF8040084
:207F200007F06BFE002100900170B8F802105046AAF8021001F0BAFF484607F060FE00B96D
:207F4000FFDF504600F0B0FC18B99AF80100000704D50099CBF8101012E024E0DBF8100078
:207F600038B10178491C11F0FF01017008D1FFDF06E000221146484600F0F6FB00B9FFDFAC
:207F800094F9EA01022805DBB8F8020001F055FF0028AFD194F9E901042804DB484607F0B9
:207FA00092FE00B101266D1CEDB2BD4204D294F9EA010228BFF659AF002E7FF423AFBDE8E5
:207FC000F84F032000F06BBC10B5064CE06008682061AFF2DB1002F0C8FF607010BD0000F6
:207FE0005403002018000020F74800210170F7480170F7494160704770B505464FF080503A
:208000000C46D0F8A410491C05D1D0F8A810C9430904090C0BD050F8A01F01F0010129703B
:20802000416821608068A080287830B970BD062120460BF08CFB01202870607940F0C000C7
:20804000607170BD70B54FF080540D46D4F88010491C0BD1D4F88410491C07D1D4F88810F9
:20806000491C03D1D4F88C10491C0CD0D4F880100160D4F884104160D4F888108160D4F84F
:208080008C10C16002E010210BF061FBD4F89000401C0BD1D4F89400401C07D1D4F898002D
:2080A000401C03D1D4F89C00401C09D054F8900F286060686860A068A860E068E86070BD23
:2080C0002846BDE8704010210BF041BBBE4838300079E9E470B5BC4C3834E07830B3207895
:2080E00004EB4010407A00F00700204490F9E801002800DCFFDF2078002504EB4010407A22
:2081000000F00700011991F8E801401E81F8E8012078401CC0B220700F2800D12570A07871
:20812000401CA0700BF09CF9E57070BDFFDF70BD3EB50546032107F0C1FF0446284608F0ED
:20814000F0F8054604B9FFDF206918B10078FF2800D1FFDF01AA6946284600F005FB60B9E0
:20816000FFDF0AE0002202A9284600F0FDFA00B9FFDF9DF8080000B1FFDF9DF80000411E5E
:208180008DF80010EED220690199884201D1002020613EBD70B50546A0F57F400C46FF38E2
:2081A00000D1FFDF012C01D0FFDF70BDFFF78EFF040000D1FFDF207820F00F00401D20F0AD
:2081C000F0005030207065800020207201202073BDE870407EE72DE9F04116460D46074657
:2081E000FFF774FF040000D1FFDF207820F00F00401D20F0F00050302070678001202072A5
:2082000028682061A888A0822673BDE8F04161E77FB5FFF7F2FC040000D1FFDF02A9204668
:20822000FFF7FDFA054603A92046FFF712FB8DF800508DF80100BDF80800001DADF8020015
:20824000BDF80C00001DADF80400E088ADF80600684606F053FF002800D0FFDF7FBD2DE966
:20826000F05F5A4E8146307810B10820BDE8F09F4846F9F706F808B11020F7E7524C207802
:2082800008B9FFF760FC647A4D4600F09FFAA04207D2201AC1B22A460020FFF777FC002848
:2082A000E4D171684848C91C002721F003017160B3463E463D46BA463C4690F801800AE039
:2082C000204600F077FA4178807B0E4410FB0155641CE4B27F1C4445F2D10AEB870000EB0C
:2082E000C600DBF8041000EB850045185C46012229464846FFF7C9FA060013D00020FFF78A
:208300007CFC05000CD005F11300616820F00300884200D0FFDF2C484178491E417065609D
:208320003046A3E7002229464846FFF7AEFA00B1FFDFD9F8000060604FF6FF7060800120AB
:208340002070002092E72DE9F04104461F4817460E46007810B10820BDE8F0810846F8F797
:208360006AFF08B11020F7E7174D287808B9FFF7EAFB601E1E2807D8012C22D13078FE289C
:208380001FD8A8760020E7E7A4F120001F2805D8E0B23A463146BDE8F04140E4A4F14000A9
:2083A0001F2805D831462046BDE8F04100F0A2BAA4F1A0001F2804D80020A02C0AD0A12CAF
:2083C0000DD00720C8E70000540300201800002048100020317801F00101E976BCE731688C
:2083E0000922F82901D38B0701D01046B4E76B7B03F00303012B04D1EB8AD7339CB28C428E
:20840000F3D8E961A8E72DE9F04781460E460846F8F737FF48B94846F8F751FF28B909F134
:20842000030020F00301494502D01020BDE8F087FC484FF0000A817869B14178804600EB6F
:2084400041140834378832460021204600F039FA050004D027E0A6F800A00520E6E7B9F1F0
:20846000000F24D03088B84201D90C251FE0607800F00705284600F012FA08EB0507324688
:2084800097F8E8014946401C87F8E801204607F5F47700F016FA05463878401E3870032020
:2084A00000F0FDF92DB10C2D01D0A6F800A02846BCE76078DC4E00F00701012923D002295D
:2084C0000CD0032933D0FFDF98F801104046491CC9B288F801100F2934D035E0616821B12F
:2084E000000702D46088FFF723FE98F8EA014746012802D1707802F057FD97F9EA010428C7
:20850000E2DBFFDFE0E7616819B14422B06807F04DFC98F8E9014746032802D1707802F0C9
:2085200043FD97F9E9010428CEDBFFDFCCE7C00602D56088FFF7FCFD98F9EB010628C3DB5E
:20854000FFDFC1E780F801A08178491E8170617801F0070101EB080090F8E811491C80F807
:20856000E811A4E770B50D460446F8F764FE18B92846F8F786FE08B1102070BD29462046C7
:20858000BDE8704009F002BB70B5054609F021FBC4B22846F8F793FE08B1102070BD35B1EB
:2085A00028782C7018B1A04201D0072070BD2046FDF7D2FD052805D109F00FFB012801D086
:2085C000002070BD0F2070BD70B5044615460E460846F8F730FE18B92846F8F752FE08B132
:2085E000102070BD022C03D0102C01D0092070BD2A463146204609F0F9FA0028F7D005206D
:2086000070BD70B514460D460646F8F714FE38B92846F8F736FE18B92046F8F750FE08B15F
:20862000102070BD22462946304609F0FEFA0028F7D0072070BD3EB50446F8F722FE08B157
:2086400010203EBD684606F0C0F9FFF75DFB0028F7D19DF806002070BDF808006080BDF8D7
:208660000A00A08000203EBD70B505460C460846F8F725FE20B93CB12068F8F702FE08B19D
:20868000102070BDA08828B121462846BDE87040FDF7BABD092070BD70B505460C46084681
:2086A000F8F7C9FD30B9681E1E2814D82046F8F7C2FD08B1102070BD032D01D9072070BDDC
:2086C00005B9FFDF594800EB850050F8041C2046BDE870400847A5F120001F2805D821463A
:2086E0002846BDE87040F9F7C1BCF02D0AD0BF2DE4D1A078218800F0010001F08DFA68B16F
:20870000002070BDA068F8F796FD0028D2D1204606F04CFDBDE87040FFF7F6BA082070BDC2
:2087200070B504460D460846F8F7ABFD30B9601E1E280FD82846F8F77EFD08B1102070BD10
:20874000012C03D0022C01D0032C01D1062070BD072070BDA4F120001F28F9D829462046D0
:20876000BDE87040F9F7D0BC07F03AB81CB500291FD104F02AFE2C4800224178C06805F0CD
:208780001DFF29481030C0788DF8000010B1012802D004E0012000E000208DF8000068465B
:2087A00006F06BF9214824380068019001A806F0BFFA1CBD30B51B4D0446383D6878A042A2
:2087C00000D8FFDF686800EB041030BD70B51548002538382C46467807E02046FFF7EAFFB4
:2087E0004078641C2844C5B2E4B2B442F5D1284670BD021D5143452900D245210844C01CF0
:20880000B0FBF2F0C0B270472DE9FC5F064605484FF0000838388B464746444690F80190E0
:2088200029E000008C030020180000201CB101002046FFF7BFFF050000D1FFDF687869461D
:208840003844C7B22846FEF7EAFF824601A92846FEF7FFFF0346BDF804005246001D81B21A
:20886000BDF80000001D80B207F0A6FC6A78641C00FB0288E4B24C45DAD13068C01C20F01E
:2088800003003060BBF1000F00D000204246394607F0A0FC316808443060BDE8FC9F5649AC
:2088A00008710020C87070475349CA782AB10A7801EB42110831814201D0012070470020F1
:2088C00070472DE9F04106460078154600F00F0400201080601E0F46052800D3FFDF474888
:2088E0002A4600EB8400394650F8043C3046BDE8F04118472DE9F0413F4E0C46383E4028E3
:2089000006D041281AD0422822D0432826D11AE020786578012801D913201DE5FF2D08D8BD
:2089200009F0F4FA07460AF053FD381A401EA84201DA122010E5208830810DE0BDE8F04101
:20894000084600F00DB80878022807D8307603E00878022802D870760020FDE40720FBE491
:2089600038B50446407800F00300012803D002280BD0072038BD606858B1F8F7A9FCD0B90A
:208980006068F8F79CFC20B915E06068F8F753FC88B969462046FBF77FF90028EAD1607839
:2089A00000F00300022808D19DF8000028B16068F8F785FC08B1102038BD6189F8290ED84C
:2089C000208988420BD8607800F003020A483838012A06D1D731C26989B28A4201D209207A
:2089E00038BD94E80E0000F10C0585E80E000AB900218182002038BD8C03002004B101001A
:208A00002DE9F041074614468846084601F024FD064608EB88001C22796802EBC0000D1882
:208A2000688C58B14146384601F025FD014678680078C200082305F120000CE0E88CA8B1C6
:208A40004146384601F01EFD0146786808234078C20005F1240007F000FA38B1062121728B
:208A60006681D0E90010C4E9031009E0287809280BD00520207266816868E060002028708B
:208A80002046BDE8F04101F0C8BC072020726681F4E72DE9F04116460D460746406801EBD3
:208AA00085011C2202EBC1014418204601F00CFD40B10021708865F30F2160F31F4105201D
:208AC0000BF02CF909202070324629463846BDE8F04195E72DE9F0410E46074600241C21BD
:208AE000F07816E004EB8403726801EBC303D25C6AB1FFF7EBFA050000D1FFDF6F802A46DF
:208B000021463046FFF7C5FF0120BDE8F081641CE4B2A042E6D80020F7E770B5064600243E
:208B20001C21C0780AE000BF04EB8403726801EBC303D5182A782AB1641CE4B2A042F3D8E8
:208B4000402070BD28220021284604F01CFC706880892881204670BD70B5034600201C25B7
:208B6000DC780CE000EB80065A6805EBC6063244167816B1128A8A4204D0401CC0B284422B
:208B8000F0D8402070BDF0B5044600201C26E5780EE000BF00EB8007636806EBC7073B44AA
:208BA0001F788F4202D15B78934204D0401CC0B28542EFD84020F0BD0078032801D0002001
:208BC0007047012070470078022801D000207047012070470078072801D000207047012074
:208BE00070472DE9F041064688461078F1781546884200D3FFDF2C781C27641CF078E4B231
:208C0000A04201D8201AC4B204EB8401706807EBC1010844017821B14146884708B12C70A7
:208C200073E72878A042E8D1402028706DE770B514460B880122A240134207D113430B802E
:208C400001230A22011D07F0D2F8047070BD2DE9FF4F81B00878DDE90E7B9A4691460E46D5
:208C600040072CD4019807F06EFB040000D1FFDF07F1040820461FFA88F106F0BDFC050051
:208C800000D1FFDF204629466A4606F008FF0098A0F80370A0F805A0284606F0AEFF017839
:208CA00069F306016BF3C711017020461FFA88F106F0E5FC00B9FFDF019805F027FC06EBA2
:208CC0000900017F491C017705B0BDE8F08F2DE9F84F0E469A4691460746032107F0EEF99E
:208CE0000446008DDFF87C85002518B198F80000B0421ED1384607F026FB070000D1FFDF1A
:208D000009F10401384689B206F076FC050010D0384629466A4606F0C2FE009800210A46F2
:208D20000180817005F067FC0098C01DCAF8000021E098F80000B04216D104F1260734F87A
:208D4000341F012000FA06F911EA090F00D0FFDF2088012340EA090020800A22391D384646
:208D600007F060F8067006E0324604F1340104F12600FFF75CFF0A2188F800102846BDE86C
:208D8000F88FFEB515460C46064602AB0C220621FFF79DFF002827D00299607812220A70CC
:208DA000801C487008224A80A07002982988052381806988C180A9880181E98841810025AA
:208DC0000C20CDE90005062221463046FFF73FFF2946002266F31F41F02310460AF0F4FED4
:208DE0006078801C60700120FEBD2DE9FE430C46804644E002AB0E2207214046FFF767FFD9
:208E0000002841D060681C2267788678BF1C06EB860102EBC10145180298142101704770E0
:208E20000A214180698A0181E98A4181A9888180A9898181304601F00FFB029905230722D9
:208E4000C8806F700420287000250E20CDE9000521464046FFF7FBFE294666F30F2168F3F2
:208E60001F41F023002205200AF0AEFE6078FE49801C607062682046921CFFF7B2FE6068BB
:208E800080784028B6D10120BDE8FE83FEB50D46064638E002AB0E2207213046FFF717FFB3
:208EA000002835D068681C23C17801EB810203EBC2028418029815220270627842700A2285
:208EC0004280A2894281A2888281084601F0C4FA014602988180618AC180E18A0181A08895
:208EE000B8B10020207000210E20CDE900010523072229463046FFF7AAFE6A68DB4928461B
:208F0000D21CFFF76EFE6868C0784028C2D10120FEBD0620E6E72DE9FE430C46814644E09B
:208F2000204601F0BBFAD0B302AB082207214846FFF7CDFE0028A7D060681C226578067953
:208F4000AD1C06EB860102EBC10147180298B7F8108006210170457004214180304601F04F
:208F60007BFA0146029805230722C180A0F804807D70082038700025CDE90005214648465B
:208F8000FFF765FE294666F30F2169F31F41F023002205200AF018FE6078801C607062684C
:208FA000B3492046121DFFF71CFE606801794029B6D1012068E72DE9F34F83B00D4691E01F
:208FC000284601F06BFA00287ED068681C2290F806A00AEB8A0102EBC1014418514628468B
:208FE00001F050FAA178CB0069684978CA00014604F1240006F04DFF07468188E08B4FF054
:209000000009091A8EB208B1C84607E04FF00108504601F00CFA08B9B61CB6B2208BB042C9
:2090200000D80646B34602AB324607210398FFF74EFE060007D0B8F1000F0BD0504601F0F2
:20904000F6F910B106E000203EE60299B8884FF0020908800196E28B3968ABEB09001FFA2C
:2090600080F80A4403984E46009207F06CF9DDE90021F61D4346009606F08BFDE08B404487
:2090800080B2E083B988884201D1012600E00026CDE900B6238A072229460398FFF7D7FD1B
:2090A000504601F0C4F910B9E089401EE0815EB1A078401CA0706868E978427811FB02F1FE
:2090C000CAB20123816900E006E00E3006F08FFE80F800A00020E0836A6866492846921D46
:2090E000FFF77FFD6868817940297FF469AF0120EAE570B5064648680D461446817940291F
:2091000010D104EB84011C2202EBC101084401F0FCF9002806D06868294684713046BDE88E
:20912000704048E770BDFEB50C460746002645E0204601F0B3F9D8B360681C22417901EB4C
:20914000810102EBC1014518688900B9FFDF02AB082207213846FFF7BAFD002833D0029909
:20916000607816220A70801C4870042048806068407901F071F90146029805230722818016
:209180006989C1800820CDE9000621463846FFF75EFD6078801C6070A88969890844B0F52A
:2091A000803F00D3FFDFA88969890844A8816E81626831492046521DFFF713FD6068417917
:2091C0004029B5D10120FEBD30B5438C458BC3F3C704002345B1838B641EED1AC38A6D1E37
:2091E0001D4495FBF3F3E4B22CB1008918B1A04200D8204603444FF6FF70834200D30346D7
:2092000013800C7030BD2DE9FC41074616460D46486802EB86011C2202EBC10144186A46E6
:2092200001A92046FFF7D0FFA089618901448AB2BDF80010914212D0081A00D50020608153
:209240006868407940280AD1204601F054F9002805D06868294646713846FFF764FFBDE82F
:20926000FC8100002C000020B98B0000C78B0000D58B00000BA50000F7A400002DE9FE4F81
:209280000F46814615465088032106F017FF0190B9F8020001F0D3F882460146019801F0B6
:2092A000FDF8002824D001981C2241680AEB8A0002EBC0000C18204601F006F9002817D167
:2092C000B9F80000E18A88420ED8A18961B1B8420ED100265146019801F0CDF8218C01EB08
:2092E0000008608B30B114E0504601F0A0F8A0B3BDE8FE8F504601F09AF808B1678308E05E
:20930000022FF5D3B9F804006083618A884224D80226B81B87B2B8F80400A28B801A002834
:2093200014DD874200DA38461FFA80FB688869680291D8F800100A44009206F0F2FFF61D79
:20934000009A5B460299009606F0EFFBA08B384480B2A083618B884207D96888019903B0F2
:209360005246BDE8F04F01F0EDB81FD14FF009002872B9F802006881D8E90010C5E90410DA
:20938000608BA881284601F048F85146019801F072F801460198082340680078C20004F1AD
:2093A000200006F05AFD0020A0836083504601F03EF810B9A089401EA0816888019903B0AF
:2093C0000AF0FF02BDE8F04F1DE72DE9F041064615460F461C461846F7F72DFF18B9206834
:2093E000F7F74FFF08B110201AE47168688C0978B0EBC10F01D3132012E43946304601F0AE
:209400003AF80146706808230078C20005F1200006F0EDFCD4E90012C0E90012002005E40E
:2094200010B50446032106F049FE014600F114022046BDE81040A4E470B50446032106F002
:209440003DFE054601462046FFF765FD002816D029462046FFF767FE002810D02946204666
:20946000FFF714FD00280AD029462046FFF7BDFC002804D029462046BDE870409BE570BD8C
:209480002DE9F0410C4680461EE0E178427811FB02F1CAB2816901230E3006F0DEFC077846
:2094A00060681C22C179491EC17107EB8701606802EBC10146183946204600F0EFFF18B1F8
:2094C000304600F0FAFF20B16068C1790029DCD18AE7FEF7FBFD050000D1FFDF0A202872AE
:2094E000384600F0B9FF68813946204600F0CAFF0146606808234078C20006F1240006F0FA
:20950000ACFCD0E90010C5E90310A5F80280284600F083FFB07800B9FFDFB078401EB070B5
:2095200062E770B50C460546032106F0C7FD01464068C2792244C2712846BDE870409FE736
:209540002DE9FE4F8246507814460F464FF00008002850D0012807D0022822D0FFDF206858
:20956000B8606068F860C3E602AB0E2208215046FFF7ADFB0028F2D002981521052301707D
:20958000217841700A214180C0F80480C0F80880A0F80C80628882810E20CDE900080822F2
:2095A00021E0A678304600F057FF054606EB86012C22786802EBC1010822465A02AB114662
:2095C0005046FFF784FB0028C9D0029807210170217841700421418008218580C680CDE932
:2095E000001805230A4639464FEA0A00FFF72FFB87F808807CE6A678022516B1022E13D071
:20960000FFDF2A1D914602AB08215046FFF75FFB0028A4D002980121022E0170217841704F
:209620004580868002D005E00625EAE7A188C180E1880181CDE900980523082239465046A2
:20964000D4E710B50446032106F038FD014600F108022046BDE8104072E72DE9F04F0F4651
:20966000054687B014465088032106F027FD4FF000088DF808800646ADF80A80042F5CD3C7
:209680006A78002A59D028784FF6FF794FF01C0A132815D006DC01286FD006282BD0072811
:2096A00006D16EE0142869D0152868D0162867D0CDF80080CDF8048068788DF8000037E01C
:2096C000B078904239D13078010736D5062F34D120F0080030706088414660F31F41002097
:2096E0000AF01CFB02208DF80800ADF80C90A888ADF80E00F4E0082F1FD1A888EF8881461D
:2097000000F09DFE80460146304600F0C7FE18B1404600F08CFE98B1FA48D0E90010CDE9B3
:2097200000106878ADF804908DF80000ADF8067060886A463146FFF703FF07B0BDE8F08F7E
:20974000716808EB88002C2202EBC000085AB842F3D1EC486A46D0E90210CDE90010687845
:209760008DF8000008F0FF058DF8025060883146FFF7E6FE2246294623E097E025E0CEE054
:2097800023E1082FD9D1B5F80480E88800F057FE07460146304600F081FE0028CDD007EBCE
:2097A000870271680AEBC2000844028A4245C4D101780829C1D1407869788842BDD1F9B2C4
:2097C00022463046FFF765F9B7E70E2F7FF470AFE9886F898B46B5F808903046FFF7BCF94A
:2097E000ABF14001402901D3092048E0B9F1170F01D3172F01D20B2041E040280ED000EBC4
:20980000800271680AEBC20008440178012903D140786978884290D00A2030E03046FFF70A
:209820007CF940282AD000EB800372680AEBC30102EB0108012288F800206A7888F8012014
:209840007168AA884989B94200D93946AD8903232372A282E7812182A4F80C90658200F0A9
:20986000FBFD6081A8F81490A8F81870A8F80E50A8F810B0204600F0D0FD5EE70420052193
:209880002172A4F80A80E081012121739D49D1E90421CDE9002169788DF80010ADF802003F
:2098A00060886A463146FFF74BFEE3E7062F8BD3B07890421AD13078010717D520F0080064
:2098C00030706088414660F31F4100200AF026FA02208DF80800A888ADF80C00ADF80E90B9
:2098E0006088224602A9F8F785FB26E704213046FFF749F905464028BFD0022083030090A4
:2099000022462946304600F0E6FD4146608865F30F2160F31F4105200AF000FA0DE70E2F33
:20992000ABD104213046FFF72EF981464028A4D04146608869F30F2160F31F4105200AF083
:20994000EDF9A88906906889009070682F894089B84200D938468346B5F80680A888019072
:20996000484600F079FD6081069818B102200090069B24E0B8F1170F1ED3172F1CD304203B
:20998000207200986082E781A4F810B0A4F80C8009EB890271680AEBC2000D18DDE90002D3
:2099A000A5F81480A5F818B0E8812A82204600F034FD06202870C0E601200B2300902246CA
:2099C0004946304600F087FDB7E6082F8DD1A9883046FFF7C1F80746402886D000F027FD67
:2099E00000289BD107EB870271680AEBC2000844804600F069FD002890D1ED88B8F80E00A4
:209A00002844B0F5803F05D360883A46314600F099FD92E6002DCED0A8F80E0060883A46E0
:209A20003146FFF766FB08202072384600F014FD6081A5811EE72DE9F05F0C4601281ED045
:209A4000957992F80480567905EB85011F2202EBC10121F0030B08EB060111FB05F14FF655
:209A6000FF7202EAC10909F1030115FB0611264F21F0031ABB6840B101283ED125E06168DD
:209A8000E57891F800804E78DEE75946184606F062F9606000B9FFDF5A460021606803F0B4
:209AA00072FCE5705146B86806F055F96168486100B9FFDF6068426902EB090181616068CB
:209AC00080F800806068467017E0606852464169184606F06BF95A466168B86806F066F979
:209AE000032006F097FA0446032006F09BFA201A012802D1B86806F023F90BEB0A00BDE8B7
:209B0000F09F000028B101002C00002002460021022090E7F7B5FF4C0A20164620700098E9
:209B200060B100254FEA0D0006F0F7F80021A1706670002D01D10099A160FEBD0125002022
:209B4000F2E770B50C46154638220021204603F01AFC012666700A22002104F11C0003F022
:209B600012FC05B9FFDF297A207861F301002070A87900282DD02A4621460020FFF75BFF8E
:209B800061684020E34A88706168C870616808716168487161688871616828880881616825
:209BA00068884881606886819078002811D061680620087761682888C88561682888488691
:209BC00060680685606869889288018681864685828570BDC878002802D0002201202AE744
:209BE000704770B50546002165F31F4100200AF095F80321284606F061FA040000D1FFDF28
:209C000021462846FEF766FF002804D0207840F010002070012070BD70B505460C4603207E
:209C200006F0EAF908B1002070BDBA4885708480012070BD2DE9FF4180460E460F0CFEF77C
:209C400045FA050007D06F800321384606F036FA040008D106E004B03846BDE8F041132133
:209C6000F8F79EBDFFDF5FEA080005D0B8F1050F18D0FFDFBDE8FF8120782A4620F00800CE
:209C800020700020ADF8020002208DF800004FF6FF70ADF80400ADF8060069463846F8F7A2
:209CA000A9F9E7E7C6F3072101EB81021C23606803EBC202805C042803D008280AD0FFDF68
:209CC000D8E7012000904FF440432A46204600F002FCCFE704B02A462046BDE8F041FEF77F
:209CE000D8BE2DE9F05F05464089002790460C463E46824600F0A3FB8146287AC01E0828B5
:209D00006BD2DFE800F00D04192058363C4772271026002C6CD0D5E90301C4E902015CE00F
:209D200070271226002C63D00A2205F10C0104F1080003F0FEFA50E071270C26002C57D091
:209D4000E868A06049E0742710269CB3D5E90301C4E902016888032106F0B0F98346FEF787
:209D6000B5F902466888508049465846FEF748FE33E075270A26ECB1A88920812DE07627CD
:209D80001426BCB105F10C0004F1080307C883E8070022E07727102664B1D5E90301C4E97F
:209DA00002016888032106F089F901466888FFF767FB12E01CE073270826CCB1688803213E
:209DC00006F07CF901460078C00606D56888FEF781FE10B96888F7F703FEA8F800602CB1CF
:209DE0002780A4F806A066806888A080002086E6A8F80060FAE72DE9FC410C461E461746B1
:209E00008046032106F05AF905460A2C0AD2DFE804F005050505050509090907042303E0AD
:209E2000062301E0FFDF0023CDE90076224629464046FEF70CFFBDE8FC81F8B50546A0F5DF
:209E40007F40FF382BD0284606F06BFA040000D1FFDF204605F001FE002821D001466A462B
:209E6000204605F01CFE00980321B0F80560284606F024F90446052E13D0304600F0DFFA84
:209E800005460146204600F009FB40B1606805EB85013E2202EBC101405A002800D00120E5
:209EA000F8BD007A0028FAD00020F8BDF8B50446408806F036FA050000D1FFDF6A462846F5
:209EC000616800F0A8FA01460098091F8BB230F8032F0280428842800188994205D1042A13
:209EE00008D0052A20D0062A16D022461946FFF7C5F9F8BD001D0E46054601462246304644
:209F0000FBF763F90828F4D1224629463046FCF7C2F9F8BD2C000020636864880A46011DDD
:209F20002046F9F7C5FBF4E72246001DFFF795FBEFE770B50D460646032106F0BFF80400B6
:209F400004D02078000704D5112070BD43F2020070BD2A4621463046FEF713FF18B928683E
:209F600060616868A061207840F008002070002070BD2DE9F04F0E4691B08046032106F0D8
:209F80009DF80446404606F0DEF907460020079008900990ADF830000A9002900390049032
:209FA00004B9FFDF0DF10809FFB9FFDF1DE038460BA9002205F014FC9DF82C0000F07F05D6
:209FC0000A2D00D3FFDF6019017F491E01779DF82C00000609D52A460CA907A8FEF727FE2E
:209FE00019F80510491C09F80510761EF6B2DED204F13400F84D04F1260BDFF8E0A304F1F1
:20A000002A07069010E05846069900F08DFA064628700A2800D3FFDF5AF826104046884731
:20A02000E08CC05DB04202D0208D0028EBD10A202870EA4D4E4628350EE00CA907A800F016
:20A0400073FA0446375D55F8240000B9FFDF55F82420394640469047BDF81E000028ECD188
:20A0600011B0BDE8F08F10B5032106F027F8040000D1FFDF0A22002104F11C0003F083F97D
:20A08000207840F00400207010BD10B50C46032106F014F82044007F002800D0012010BD91
:20A0A0002DE9F84F894615468246032106F006F8070004D02846F7F7BEF840B903E043F23B
:20A0C0000200BDE8F88F4846F7F7DBF808B11020F7E7786828B169880089814201D9092043
:20A0E000EFE7B9F800001C2488B100F0A8F980460146384600F0D2F988B108EB88007968F4
:20A1000004EBC000085C01280BD00820D9E73846FEF703FD8046402807D11320D1E70520B7
:20A12000CFE7FDF7D3FF06000BD008EB8800796804EBC0000C18B9F8000020B1E88910B1DF
:20A1400013E01120BDE72888172802D36888172801D20720B5E7686838B12B1D22464146BE
:20A160003846FFF732F90028ABD104F10C0269462046FFF729F8288860826888E082B9F8D8
:20A18000000030B102202070E889A080E889A0B12BE003202070A889A08078688178402988
:20A1A00005D180F8028039465046FEF71EFE404600F052F9A9F8000021E07868218B4089F1
:20A1C000884200D908462083A6F802A004203072B9F800007081E0897082F181208B308219
:20A1E000A08AB081304600F018F97868C178402905D180F8038039465046FEF747FE0020CB
:20A200005FE770B50D460646032105F057FF04000ED0284600F013F905460146204600F091
:20A220003DF918B1284600F002F920B1052070BD43F2020070BD05EB85011C22606802EBD6
:20A24000C101084400F040F908B1082070BD2A462146304600F076F9002070BD2DE9F04179
:20A260000C4617468046032105F028FF0546204600F0E5F8044695B10146284600F00EF96F
:20A2800080B104EB84011C22686802EBC1014618304600F019F938B10820BDE8F08143F22A
:20A2A0000200FAE70520F8E73B46324621462846FFF78BF80028F0D1E2B229464046FEF709
:20A2C000A2FF708C0838082803D24348407800F06BFE0020E1E72DE9F0410D46174680465B
:20A2E000032105F0EBFE0446284600F0A8F8064624B13846F6F79FFF38B902E043F20200E0
:20A30000CBE73868F6F797FF08B11020C5E73146204600F0C3F860B106EB86011C226068BC
:20A3200002EBC1014518284600F0CEF818B10820B3E70520B1E7B888A98A884201D90C2062
:20A34000ABE76168E88C4978B0EBC10F01D31320A3E73146204600F095F8014660680823DD
:20A360004078C20005F1240005F041FDD7E90012C0E90012F2B221464046FEF7BAFE00202B
:20A380008BE72DE9F0470D461F4690468146032105F094FE0446284600F051F806463CB1D4
:20A3A0004DB13846F6F78BFF50B11020BDE8F08743F20200FAE7606858B1A0F80C8028E048
:20A3C0003146204600F06AF818B1304600F02FF830B10520EAE700002C00002040B10100E3
:20A3E00006EB86011C22606802EBC1014518284600F06AF808B10820D8E7A5F80880F2B2AA
:20A4000021464846FEF7FFFE1FB1A8896989084438800020CAE705F042BB017821F00F0101
:20A42000491C21F0F00110310170FDF753BE20B94E48807808B101207047002070474B499B
:20A440008988884201D100207047402801D2402000E0403880B2704710B50446402800D94C
:20A46000FFDF2046FFF7E3FF10B14048808810BD4034A0B210BD406842690078484302EBCC
:20A48000C0007047C2784068037812FB03F24378406901FB032100EBC1007047C2788A42F9
:20A4A00009D9406801EB81011C2202EBC101405C08B101207047002070470078062801D933
:20A4C00001207047002070470078062801D00120704700207047F0B401EB81061C274468A1
:20A4E00007EBC6063444049D05262670E3802571F0BCFEF785BA10B5418911B1FFF7DDFFC8
:20A5000008B1002010BD012010BD10B5C18C8278B1EBC20F04D9C18911B1FFF7CEFF08B1C9
:20A52000002010BD012010BD10B50C4601230A22011D05F092FC007821880122824091435E
:20A54000218010BDF0B402EB82051C264C6806EBC505072363554B681C79402C03D11A71CF
:20A56000F0BCFEF7D8BCF0BC704700002C00002070B50B2000F0BDF9082000F0BAF9002115
:20A580000B2000F0D4F90021082000F0D0F9F44C01256560A5600020C4F84001C4F8440183
:20A5A000C4F848010B2000F0B5F9082000F0B2F90B2000F091F9256070BD10B50B2000F0D3
:20A5C00098F9082000F095F9E548012141608160E4490A68002AFCD10021C0F84011C0F8FB
:20A5E0004411C0F848110B2000F094F9BDE81040082000F08FB910B50B2000F08BF9BDE8EF
:20A600001040082000F086B900B530B1012806D0022806D0FFDF002000BDD34800BDD34850
:20A6200000BDD248001D00BD70B5D1494FF000400860D04DC00BC5F80803CF4800240460F4
:20A64000C5F840410820C43500F053F9C5F83C41CA48047070BD08B5C14A002128B1012887
:20A6600011D002281CD0FFDF08BD4FF48030C2F80803C2F84803BB483C300160C2F84011A8
:20A68000BDE80840D0E74FF40030C2F80803C2F84803B44840300160C2F84411B3480CE016
:20A6A0004FF48020C2F80803C2F84803AD4844300160C2F84811AD48001D0068009008BD41
:20A6C00070B516460D460446022800D9FFDF0022A348012304F110018B4000EB8401C1F850
:20A6E000405526B1C1F84021C0F8043303E0C0F80833C1F84021C0F8443370BD2DE9F04152
:20A700001D46144630B1012833D0022838D0FFDFBDE8F081891E002221F07F411046FFF763
:20A72000CFFF012D23D00020944D924F012668703E61914900203C3908600220091D086023
:20A740008D490420303908608B483D34046008206C6000F0DFF83004C7F80403082000F0B9
:20A76000BBF88349F007091F08602E70D0E70120DAE7012B02D00022012005E00122FBE771
:20A78000012B04D000220220BDE8F04198E70122F9E774480068704770B500F0D8F8704CA1
:20A7A0000546D4F840010026012809D1D4F80803C00305D54FF48030C4F80803C4F840618D
:20A7C000D4F8440101280CD1D4F80803800308D54FF40030C4F80803C4F84461012008F077
:20A7E00014FAD4F8480101280CD1D4F80803400308D54FF48020C4F80803C4F84861022008
:20A8000008F003FA5E48056070BD70B500F09FF85A4D0446287850B1FFF706FF687818B129
:20A820000020687008F0F1F95548046070BD0320F8E74FF0E0214FF40010C1F80002704709
:20A84000152000F067B84B4901200861082000F061B848494FF47C10C1F8080300200246D9
:20A8600001EB8003C3F84025C3F84021401CC0B20628F5D37047410A43F609525143C0F38C
:20A88000080010FB02F000F5807001EB5020704710B5430B48F2376463431B0C5C020C603C
:20A8A000384C03FB0400384B4CF2F72443435B0D13FB04F404EB402000F58070401210703C
:20A8C00008681844086010BD2C484068704729490120C1F800027047002809DB00F01F0282
:20A8E000012191404009800000F1E020C0F80011704700280DDB00F01F02012191404009CE
:20A90000800000F1E020C0F88011BFF34F8FBFF36F8F7047002809DB00F01F020121914076
:20A920004009800000F1E020C0F8801270474907090E002804DB00F1E02080F800147047BA
:20A9400000F00F0000F1E02080F8141D70470C48001F00680A4A0D49121D116070470000CB
:20A9600000B0004004B500404081004044B1004008F501400080004040850040380000205D
:20A9800014050240F7C2FFFF6F0C01000100000110B5EFF3108000F0010472B6FC484178D6
:20A9A000491C41704078012801D108F081FD002C00D162B610BD70B5F54CA07848B90125D1
:20A9C000A570FFF7E5FF08F084FD20B1002008F04EFD002070BD4FF08040E570C0F804532B
:20A9E000F7E770B5EFF3108000F0010572B6E84C607800B9FFDF6078401E6070607808B982
:20AA000008F05AFD002D00D162B670BDE04810B5817821B10021C1708170FFF7E2FF0020B2
:20AA200010BD10B5044608F054FDD9498978084000D001202060002010BD10B5FFF7A8FFC6
:20AA400008F047FD02220123D149540728B1D148026023610320087202E00A72C4F8043337
:20AA60000020887110BD2DE9F84FDFF824934278817889F80420002689F80510074689F823
:20AA800006600078DFF810B3354620B1012811D0022811D0FFDF08F02EFD4FF0804498B190
:20AAA00008F030FDB0420FD1304608F02FFD0028FAD042E00126EEE7FFF76AFF584601688F
:20AAC000C907FCD00226E6E70120E060C4F80451B2490E600107D1F84412B04AC1F34231C2
:20AAE00024321160AD49343108604FF0020AC4F804A3A060AA480168C94341F3001101F180
:20AB00000108016841F01001016001E010F030F9D4F804010028F9D0304608F0F7FC0028CB
:20AB2000FAD0B8F1000F04D19D48016821F010010160C4F808A3C4F8045199F805004E464B
:20AB400080B1387870B908F0C4FC804608F0CAFE6FF00042B8F1000F02D0C6E9032001E0CF
:20AB6000C6E90302DBF80000C00701D008F0ADFC387810B13572BDE8F88F4FF01808C4F8B6
:20AB800008830127A7614FF42070ADF8000000BFBDF80000411EADF80010F9D2C4F80C5116
:20ABA000C4F810517A48C01D08F030FD3570FFF744FF67617949307920310860C4F80483A7
:20ABC000D9E770B5050000D1FFDF4FF080424FF0FF30C2F808030021C2F80011C2F80411ED
:20ABE000C2F80C11C2F81011694C617008F07DFC10B10120A070607067480068C00701D03B
:20AC000008F063FC2846BDE870402CE76048007A002800D0012070472DE9F04F61484FF0D8
:20AC2000000A85B0D0F800B0D14657465D4A5E49083211608406D4F8080110B14FF0010848
:20AC400001E04FF0000808F0B4FC78B1D4F8240100B101208246D4F81C0100B101208146EE
:20AC6000D4F8200108B1012700E00027D4F8000100B101200490D4F8040100B10120039096
:20AC8000D4F80C0100B101200290D4F8100100B101203F4D0190287800260090B8F1000F9D
:20ACA00004D0C4F80861012008F0E1FBBAF1000F04D0C4F82461092008F0D9FBB9F1000F29
:20ACC00004D0C4F81C610A2008F0D1FB27B1C4F820610B2008F0CBFB2D48C01D08F09EFC97
:20ACE00000B1FFDFDFF8AC800498012780B1C4F80873E87818B1EE70002008F0B8FB287AA2
:20AD0000022805D1032028720221C8F800102761039808B1C4F80461029850B1C4F80C61C2
:20AD2000287A032800D0FFDFC8F800602F72FFF758FE019838B1C4F81061287A012801D13F
:20AD400000F05CF86761009838B12E70287A012801D1FFF772FEFFF744FE0D48C01D08F063
:20AD600073FC1049091DC1F800B005B0BDE8F08F074810B5C01D08F051FC0549B0B101209D
:20AD800008704FF0E021C1F80002BDE81040FFE540000020340C00400C04004018050040DA
:20ADA00010ED00E01005024001000001087A012801D1FFF742FEBDE81040244808F044BC51
:20ADC00070B5224CE41FA07808B908F075FB01208507A861207A0026032809D1D5F80C0147
:20ADE00020B9002008F092FB0028F7D1C5F80C6126724FF0FF30C5F8080370BD70B5134C3C
:20AE0000E41F6079F0B1012803D0A179401E814218DA08F05EFB054608F064FD6179012993
:20AE200002D9A179491CA1710DB1216900E0E168411A022902DA11F1020F06DC0DB120619F
:20AE400000E0E060BDE87040F7E570BD47000020374901200860704770B50D2000F049F8CA
:20AE6000344C0020C4F800010125C4F804530D2000F050F825604FF0E0216014C1F80001E4
:20AE800070BD10B50D2000F034F82A48012141600021C0F80011BDE810400D2000F03AB854
:20AEA000254810B5046824492448083108602149D1F80001012804D0FFDF1F48001D046083
:20AEC00010BD1B48001D00680022C0B2C1F8002108F05FFCF1E710B5164800BFD0F8001169
:20AEE0000029FBD0FFF7DCFFBDE810400D2000F011B800280DDB00F01F0201219140400955
:20AF0000800000F1E020C0F88011BFF34F8FBFF36F8F7047002809DB00F01F020121914070
:20AF20004009800000F1E020C0F880127047000004D5004000D000401005024001000001D4
:20AF40004FF0E0214FF00070C1F8800101F5C071BFF34F8FBFF36F8FC1F80001394B802281
:20AF600083F8002441F8800C704700B502460420354903E001EBC0031B792BB1401EC0B245
:20AF8000F8D2FFDFFF2000BD41F8302001EBC00100224A718A7101220A7100BD2A4A00212F
:20AFA00002EBC0000171704710B50446042800D3FFDF254800EBC4042079012800D0FFDF3F
:20AFC0006079A179401CC0B2814200D060714FF0E0214FF00070C1F8000210BD70B5042587
:20AFE000194E1A4C16E0217806EBC1000279012A08D1427983799A4204D04279827156F861
:20B00000310080472078401CC0B22070042801D3002020706D1EEDB2E5D270BD0C4810B56B
:20B0200004680B490B4808310860064890F800044009042800D0FFDFFFF7D0FF0448001D31
:20B04000046010BD19E000E0780500205400002010050240010000010F4A12680D498A4287
:20B060000CD118470C4A12680A4B9A4206D101B508F00AFC08F0DDFEBDE80140074909688E
:20B080000958084706480749054A064B7047000000000000BEBAFECA58000020040000202F
:20B0A000B00F0020B00F002070B50C46054600F045FB21462846BDE8704001F026BC0000E3
:20B0C000F8B51D46DDE906470E000AD005F03BF92346FF1DBCB231462A46009404F059FD84
:20B0E000F8BDD0192246194602F023F92046F8BD70B50D4604461022002102F044F92581D8
:20B1000017206081A07B40F00A00A07370BD4FF6FF720A800146022008F000BE70470089E3
:20B120007047827BD30701D1920703D4808908800020704705207047827B920700D581818E
:20B14000704701460020098841F6FE52114200D00120704700B50346807BC00701D0052008
:20B1600000BD59811846FFF7ECFFC00703D0987B40F004009873987B40F00100987300209E
:20B1800000BD827B520700D509B14089704717207047827B61F3C302827370472DE9FC5F6C
:20B1A0000E46044601789646012000FA01F14DF6FF5201EA020962684FF6FF7B1188594545
:20B1C00002D10920BDE8FC9FB9F1000F05D041F6FE55294201D00120F4E741EA090111801D
:20B1E0001D0014D000232B7094F800C0052103221F464FF0020ABCF10E0F76D2DFE80CF074
:20B20000F909252F47646B77479193B4D1D80420D8E7616820898B7B9B0767D517284AD3EE
:20B220000B89834247D38989172901D3814242D185F800A0A5F80100328061688881606898
:20B24000817B21F002018173C6E0042028702089A5F801006089A5F803003180BCE0208AC1
:20B260003188C01D1FFA80F8414524D3062028702089A5F801006089A5F80300A089A5F8D6
:20B2800005000721208ACDE90001636941E00CF0FF00082810D0082028702089A5F8010021
:20B2A0006089A5F8030031806A1D694604F10C0006F0BBFC10B15EE01020EDE730889DF820
:20B2C00000100844308087E00A2028702089A5F80100328044E00C2028702089A5F8010011
:20B2E0006089A5F8030031803AE082E064E02189338800EB41021FFA82F843453BD3B8F1EF
:20B30000050F38D30E222A700BEA4101CDE90010E36860882A467146FFF7D2FEA6F8008009
:20B320005AE04020287060893188C01C1FFA80F8414520D32878714620F03F0012302870D3
:20B340002089A5F801006089CDE9000260882A46E368FFF7B5FEA6F80080287840063BD4A6
:20B3600061682089888037E0A0893288401D1FFA80F8424501D204273DE016202870208952
:20B38000A5F801006089A5F80300A089CDE9000160882A4671462369FFF792FEA6F8008067
:20B3A000DEE718202870207A6870A6F800A013E061680A88920401D405271CE0C98822896B
:20B3C000914201D0062716E01E21297030806068018821F400510180B9F1000F0BD0618869
:20B3E00078230022022008F0EFFB61682078887006E0338003276068018821EA0901018089
:20B400003846DFE62DE9FF4F85B01746129C0D001E461CD03078C10703D000F03F00192835
:20B4200001D9012100E000212046FFF7AAFEA8420DD32088A0F57F41FF3908D03078410645
:20B4400001D4000605D5082009B0BDE8F08F0720FAE700208DF800008DF8010030786B1ECE
:20B4600000F03F0C0121A81E4FF0050A4FF002094FF0030B9AB2BCF1200F75D2DFE80CF092
:20B480008B10745E7468748C749C74B574BA74C874D474E1747474F174EF74EE74ED748BB1
:20B4A000052D78D18DF80090A0788DF804007088ADF8060030798DF80100707800F03F0072
:20B4C0000C2829D00ADCA0F10200092863D2DFE800F0126215621A621D622000122824D075
:20B4E00004DC0E281BD01028DBD11BE016281FD01828D6D11FE02078800701E0207840077A
:20B50000002848DAEEE020780007F9E72078C006F6E720788006F3E720784006F0E7207814
:20B520000006EDE72088C005EAE720884005E7E720880005E4E72088C004E1E7207880076D
:20B5400029D5032D27D18DF800B0B6F8010081E0217849071FD5062D1DD381B2707801283C
:20B5600003D0022817D102E0C9E0022000E0102004228DF8002072788DF80420801CB1FB83
:20B58000F0F2ADF8062092B242438A4203D10397ADF80890A6E079E02078000776D598B2AB
:20B5A00082088DF800A0ADF80420B0EB820F6DD10297ADF8061095E02178C90666D5022D0E
:20B5C00064D381B206208DF80000707802285DD3B1FBF0F28DF80400ADF8062092B2424369
:20B5E0008A4253D1ADF808907BE0207880064DD5072003E0207840067FD508208DF800009A
:20B60000A088ADF80400ADF80620ADF8081068E02078000671D50920ADF804208DF800002E
:20B62000ADF8061002975DE02188C90565D5022D63D381B20A208DF80000707804285CD33E
:20B64000C6E72088400558D5012D56D10B208DF80000A088ADF8040044E021E026E016E02C
:20B66000FFE72088000548D5052D46D30C208DF80000A088ADF80400B6F803006D1FADF86B
:20B680000850ADF80600ADF80AA02AE035E02088C00432D5012D30D10D208DF8000021E0E4
:20B6A0002088800429D4B6F80100E080A07B000723D5032D21D3307800F03F001B2818D012
:20B6C0000F208DF80000208840F40050A4F80000B6F80100ADF80400ED1EADF80650ADF8EB
:20B6E00008B0039769460598F9F7B8FA050008D016E00E208DF80000EAE7072510E008256A
:20B700000EE0307800F03F001B2809D01D2807D00220059908F002FB208800F400502080EB
:20B72000A07B400708D52046FFF70BFDC00703D1A07B20F00400A073284685E61FB50228B2
:20B7400006D101208DF8000088B26946F9F786FA1FBD0000F8B51D46DDE906470E000AD02C
:20B7600004F0F1FD2346FF1DBCB231462A46009404F00FFAF8BDD0192246194601F0D9FD50
:20B780002046F8BD2DE9FF4F8DB09B46DDE91B57DDF87CA00C46082B05D0E06901F0FEF859
:20B7A00050B11020D2E02888092140F0100028808AF80010022617E0E16901208871E26984
:20B7C0004FF420519180E1698872E06942F601010181E069002181732888112140F02000CB
:20B7E00028808AF80010042638780A900A2038704FF0020904F118004D460C9001F0C6FB91
:20B80000B04681E0BBF1100F0ED1022D0CD0A9EB0800801C80B20221CDE9001005AB524681
:20B820001E990D98FFF796FFBDF816101A98814203D9F74800790F9004E003D10A9808B18B
:20B8400038702FE04FF00201CDE900190DF1160352461E990D98FFF77DFF1D980088401B0B
:20B86000801B83B2C6F1FF00984200D203461E990BA8D9B15FF00002DDF878C0CDE9032022
:20B8800009EB060189B2CDE901C10F980090BDF8161000220D9801F00EFC387070B1C0B2EB
:20B8A000832807D0BDF8160020833AE00AEB09018A19E1E7022011B0BDE8F08FBDF82C002C
:20B8C000811901F0FF08022D0DD09AF80120424506D1BDF82010814207D0B8F1FF0F04D0AF
:20B8E0009AF801801FE08AF80180C94800680178052902D1BDF81610818009EB08001FFA4F
:20B9000080F905EB080085B2DDE90C1005AB0F9A01F03FFB28B91D980088411B4145BFF664
:20B9200071AF022D13D0BBF1100F0CD1A9EB0800801C81B20220CDE9000105AB52461E99EA
:20B940000D98FFF707FF1D980580002038700020B1E72DE9F8439C46089E13460027B26B16
:20B960009AB3491F8CB2F18FA1F57F45FF3D05D05518AD882944891D8DB200E000252919AE
:20B98000B6F83C800831414520D82A44BCF8011022F8021BBCF8031022F8021B984622F826
:20B9A000024B914604F0BDFC4FF00C0C41464A462346CDF800C004F0B8F8F587B16B0020FE
:20B9C0002944A41D2144088003E001E0092700E083273846BDE8F88310B50B88848F9C42E7
:20B9E0000CD9846BE018048844B1848824F40044A41D23440B801060002010BD0A2010BD8B
:20BA00002DE9F0478AB00025904689468246ADF8185007274BE0059806888088000446D456
:20BA2000A8F8006007A8019500970295CDE903504FF4007300223146504601F03CFB040079
:20BA40003CD1BDF81800ADF82000059804888188B44216D10A0414D401950295039521F468
:20BA600000410097049541F4804342882146504601F0BFF804000BD10598818841F40041F2
:20BA8000818005AA08A94846FFF7A6FF0400DCD00097059802950195039504950188BDF89C
:20BAA0001C300022504601F0A4F80A2C06D105AA06A94846FFF790FF0400ACD0ADF81850EA
:20BAC00004E00598818821F40041818005AA06A94846FFF781FF0028F3D00A2C03D02046C9
:20BAE0000AB0BDE8F0870020FAE710B50C46896B86B051B10C218DF80010A18FADF808107D
:20BB0000A16B01916946FAF75BF800204FF6FF71A063E187A08706B010BD2DE9F0410D4610
:20BB20000746896B0020069E1446002911D0012B0FD1324629463846FFF762FF002808D1D3
:20BB4000002C06D0324629463846BDE8F04100F034BFBDE8F0812DE9FC411446DDE9087CB8
:20BB60000E46DDE90A15521DBCF800E092B2964502D20720BDE8FC81ACF8002017222A70B6
:20BB8000A5F80160A5F803300522CDE900423B462A46FFF7DFFD0020ECE770B50C46154630
:20BBA00048220021204601F0EEFB04F1080044F81C0F00204FF6FF71E06161842084A5848E
:20BBC0001720E08494F82A0040F00A0084F82A0070BD4FF6FF720A800146032008F09EB80F
:20BBE00030B585B00C460546FFF77FFFA18E284629B101218DF800106946F9F7E1FF00204D
:20BC0000E0622063606305B030BDB0F8400070475C00002090F84620920703D44088088031
:20BC20000020F4E70620F2E790F846209207EED5A0F84410EBE70146002009880A0700D524
:20BC4000012011F0F00F01D040F00200CA0501D540F004008A0501D540F008004A0501D525
:20BC600040F010000905D2D540F02000CFE700B5034690F84600C00701D0062000BDA3F8E7
:20BC800042101846FFF7D7FF10F03E0F05D093F8460040F0040083F8460013F8460F40F0B0
:20BCA00001001870002000BD90F84620520700D511B1B0F84200AAE71720A8E710F8462F82
:20BCC00061F3C3020270A2E72DE9FF4F9BB00E00DDE92B34DDE92978289D24D02878C107E6
:20BCE00003D000F03F00192801D9012100E000212046FFF7D9FFB04215D32878410600F01F
:20BD00003F010CD41E290CD0218811F47F6F0AD13A8842B1A1F57F42FF3A04D001E0122934
:20BD200001D1000602D504201FB0C5E5FA491D984FF0000A08718DF818A08DF83CA00FAAA6
:20BD40000A60ADF81CA0ADF850A02978994601F03F02701F5B1C04F1180C4FF0060E4FF020
:20BD6000040BCDF858C01F2A7ED2DFE802F07D7D107D267DAC7DF47DF37DF27DF17DF47D03
:20BD8000F07D7D7DEF7DEE7D7D7D7D7DED0094F84610B5F80100890701D5032E02D08DF806
:20BDA00018B01EE34FF40061ADF85010608003218DF83C10ADF84000D4E2052EEFD1B5F801
:20BDC00001002083ADF81C00B5F80310618308B1884201D9012079E10020A07220814FF66A
:20BDE000FF702084169801F0D1F8052089F800000220029083460AAB1D9A16991B9801F0E6
:20BE0000C8F890BB9DF82E00012804D0022089F80100102003E0012089F801000220059046
:20BE2000002203A90BA805F000FFE8BB9DF80C00059981423DD13988801CA1EB0B01814222
:20BE400037DB02990220CDE900010DF12A034A4641461B98FFF77EFC02980BF1020B801CB8
:20BE600081B217AA029101E09CE228E003A90BA805F0DBFE02999DF80C00CDE9000117ABF2
:20BE80004A4641461B98FFF765FC9DF80C000AAB0BEB00011FFA81FB02991D9A084480B2CF
:20BEA000029016991B9800E003E001F072F80028B6D0BBF1020F02D0A7F800B04FE20A2089
:20BEC0008DF818004BE200210391072EFFF467AFB5F801002083ADF81C00B5F803206283DE
:20BEE00000283FF477AF90423FF674AF0120A072B5F8050020810020A073E06900F04EFD5A
:20BF000078B9E16901208871E2694FF420519180E1698872E16942F601000881E0690021C2
:20BF20008173F01F20841E98606207206084169801F02CF8072089F8000001200490029025
:20BF40000020ADF82A0028E019E29FE135E1E5E012E2A8E080E043E00298012814D0E069A5
:20BF60008079012803D1BDF82800ADF80E00049803ABCDE900B04A4641461B98FFF7EAFBE6
:20BF80000498001D80B20490BDF82A00ADF80C00ADF80E00059880B202900AAB1D9A169963
:20BFA0001B9800F0F6FF28B902983988001D05908142D1D20298012881D0E0698079012816
:20BFC00003D1BDF82800ADF80E00049803ABCDE900B04A4641461B98FFF7BCFB0298BDE19E
:20BFE000072E02D0152E7FF4DAAEB5F801102183ADF81C10B5F80320628300293FF4EAAE20
:20C0000091423FF6E7AE0121A1724FF0000BA4F808B084F80EB0052E07D0C0B2691DE26929
:20C0200005F0E4FD00287FF44AAF4FF6FF70208401A906AA14A8CDF800B081E88503287822
:20C04000214600F03F031D9A1B98FFF79BFB8246208BADF81C0082E10120032EC3D1402173
:20C06000ADF85010B5F801102183ADF81C100AAAB8F1000F00D00023CDE9020304921D9823
:20C08000CDF80480009038880022401E83B21B9801F011F88DF8180090BB0B2089F8000011
:20C0A000BDF8280035E04FF0010C052E9BD18020ADF85000B5F801102183B5F80300208458
:20C0C000ADF81C10B0F5007F03D907208DF8180087E140F47C4222840CA8B8F1000F00D08F
:20C0E0000023CDE90330CDE9018C1D9800903888401E83B21B9800F0DEFF8DF8180018B173
:20C100008328A8D10220BFE00D2189F80010BDF83000401C22E100005C000020032E04D2B4
:20C1200048067FF53CAE002018E1B5F80110ADF81C102878400602D58DF83CE002E0072044
:20C140008DF83C004FF000080320CDE902081E9BCDF810801D980193A6F1030B00901FFA4F
:20C160008BF342461B9800F044FD8DF818008DF83C80297849060DD52088C00506D5208B32
:20C18000BDF81C10884201D1C4F8248040468DF81880E3E0832801D14FF0020A4FF4807061
:20C1A000ADF85000BDF81C002083A4F820B01E986062032060841321CDE0052EFFF4EFAD88
:20C1C000B5F80110ADF81C10A28F6AB3A2F57F43FE3B29D008228DF83C2000BF4FF0000BE3
:20C1E0000523CDE9023BDDF878C0CDF810B01D9A80B2CDF804C040F400430092B5F8032047
:20C200001B9800F0F6FC8DF83CB04FF400718DF81800ADF85010832810D0F8B1A18FA1F5C8
:20C220007F40FE3807D0DCE00B228DF83C204FF6FE72A287D2E7A4F83CB0D2E000942B4692
:20C2400031461E9A1B98FFF784FB8DF8180008B183284BD1BDF81C00208353E700942B46B7
:20C2600031461E9A1B98FFF774FB8DF81800E8BBE18FA06B0844831D8DE8880343888288FB
:20C2800001881B98FFF767FC824668E095F80180022E70D15FEA080002D0B8F1010F6AD163
:20C2A00009208DF83C0007A800908DF840804346002221461B98FFF730FC8DF842004FF023
:20C2C000000B8DF843B050B9B8F1010F12D0B8F1000F04D1A18FA1F57F40FF380AD0A08FE5
:20C2E00040B18DF83CB04FF4806000E037E0ADF850000DE00FA91B98F9F762FC82468DF8DA
:20C300003CB04FF48060ADF85000BAF1020F06D0FC480068C07928B18DF8180027E0A4F889
:20C32000188044E0BAF1000F03D081208DF818003DE007A800904346012221461B98FFF75E
:20C34000ECFB8DF8180021461B98FFF7CEFB9DF8180020B9192189F80010012038809DF8C1
:20C360003C0020B10FA91B98F9F72AFC8246BAF1000F33D01BE018E08DF818E031E0207891
:20C38000000712D5012E10D10A208DF83C00E088ADF8400003201B9907F0C0FC0820ADF810
:20C3A0005000C0E648067FF5FAAC4FF0040A2088BDF8501008432080BDF8500080050BD5C0
:20C3C000A18FA1F57F40FE3806D11E98E06228982063A6864FF0030A5046A5E49DF818004C
:20C3E00078B1012089F80000297889F80110BDF81C10A9F802109DF8181089F80410052034
:20C4000038802088BDF8501088432080E4E72DE9FF4F8846087895B0012181404FF209004D
:20C42000249C0140ADF820102088DDF88890A0F57F424FF0000AFF3A06D039B1000705D518
:20C44000012019B0BDE8F08F0820FAE7239E4FF0000B0EA886F800B018995D460988ADF84C
:20C460003410A8498DF81CB0179A0A718DF838B0086098F8000001283BD0022809D0032843
:20C480006FD1307820F03F001D303070B8F80400E08098F800100320022904D1317821F0E7
:20C4A0003F011B31317094F84610090759D505ABB9F1000F13D0002102AA82E80B0007207A
:20C4C000CDE90009BDF83400B8F80410C01E83B20022159800F0EFFD0028D1D101E0F11C7A
:20C4E000EAE7B8F80400A6F80100BDF81400C01C04E198F805108DF81C1098F8040001287B
:20C5000006D04FF4007A02282CD00328B8D16CE12188B8F8080011F40061ADF8201020D0D5
:20C5200017281CD3B4F84010814218D3B4F84410172901D3814212D1317821F03F01C91C8A
:20C540003170A6F801000321ADF83410A4F8440094F8460020F0020084F8460065E1052598
:20C560007EE177E1208808F1080700F4FE60ADF8200010F0F00F1BD010F0C00F03D03888F1
:20C58000228B9042EBD199B9B878C00710D0B9680720CDE902B1CDF804B00090CDF810B0F8
:20C5A000FB88BA883988159800F023FB0028D6D12398BDF82010401C80294ED006DC10298D
:20C5C0000DD020290BD0402987D124E0B1F5807F6ED051457ED0B1F5806F97D1DEE0C80645
:20C5E00001D5082000E0102082460DA907AA0520CDE902218DF83800ADF83CB0CDE9049662
:20C6000008A93888CDE900015346072221461598FFF7B8F8A8E09DF81C2001214FF00A0AA8
:20C62000002A9BD105ABB9F1000F00D00020CDE902100720CDE90009BDF834000493401E7F
:20C6400083B2218B0022159800F035FD8DF81C000B203070BDF8140020E09DF81C200121E0
:20C660004FF00C0A002A22D113ABB9F1000F00D00020CDE902100720CDE900090493BDF8E7
:20C680003400228C401E83B2218B159800F013FD8DF81C000D203070BDF84C00401CADF85C
:20C6A000340005208DF83800208BADF83C00BCE03888218B88427FF452AF9DF81C004FF0A2
:20C6C000120A00281CD1606AA8B1B878C0073FF446AF00E018E0BA680720CDE902B2CDF897
:20C6E00004B00090CDF810B0FB88BA88159800F080FA8DF81C00132030700120ADF8340027
:20C7000093E000005C0000203988208B8142D2D19DF81C004FF0160A0028A06B08D0E0B3AA
:20C720004FF6FF7000215F46ADF808B0019027E068B1B978C907BED1E18F0DAB0844821DCE
:20C7400003968DE80C0243888288018809E0B878C007BCD0BA680DAB03968DE80C02BB88BA
:20C76000FA881598FFF7F7F905005ED0072D72D076E0019005AA02A92046FFF72DF90146F1
:20C78000E28FBDF80800824201D00029F1D0E08FA16B084407800198E08746E09DF81C00C7
:20C7A0004FF0180A40B1208BC8B13888208321461598FFF79AF938E004F118000090237EAD
:20C7C000012221461598FFF7A8F98DF81C000028EDD1192030700120ADF83400E7E7052539
:20C7E00021461598FFF781F93AE0208800F40070ADF8200050452DD1A08FA0F57F41FE397C
:20C8000001D006252CE0D8F808004FF0160A48B1A063B8F80C10A1874FF6FF71E187A0F834
:20C8200000B002E04FF6FF70A087BDF8200030F47F611AD0782300220320159907F0C4F986
:20C8400098F8000020712088BDF82010084320800EE000E007252088BDF82010884320804D
:20C86000208810F47F6F1CD03AE02188814321809DF8380020B10EA91598F9F7A1F9054633
:20C880009DF81C000028EBD086F801A001203070208B70809DF81C0030710520ADF8340039
:20C8A000DEE7A18EE1B118980DAB0088ADF834002398CDE90304CDE90139206B0090E36A59
:20C8C000179A1598FFF700FA054601208DF838000EA91598F9F774F900B10546A4F834B0A4
:20C8E00094F8460040070AD52046FFF7A4F910F03E0F04D114F8460F20F004002070189870
:20C90000BDF83410018028469BE500B585B0032806D102208DF8000088B26946F9F750F9FA
:20C9200005B000BD10B5384C0B782268012B02D0022B2AD111E013780BB1052B01D10423A8
:20C94000137023688A889A802268CB88D38022680B891381498951810DE08B88938022687A
:20C96000CB88D38022680B8913814B8953818B899381096911612168F9F722F9226800216C
:20C980000228117003D0002800D0812010BD832010BD806B002800D0012070478178012965
:20C9A00009D10088B0F5205F03D042F60101884201D10020704707207047F0B587B0002493
:20C9C00015460E460746ADF8184011E005980088288005980194811DCDE902410721049417
:20C9E0000091838842880188384600F002F930B905AA06A93046FEF7EFFF0028E6D00A282F
:20CA000000D1002007B0F0BD5C00002010B58B7883B102789A4205D10B885BB102E08B7998
:20CA2000091D4BB18B789A42F9D1B0F801300C88A342F4D1002010BD812010BD072826D094
:20CA400012B1012A27D103E0497801F0070102E04978C1F3C20105291DD2DFE801F0031849
:20CA6000080C12000AB1032070470220704704280DD250B10DE0052809D2801E022808D37E
:20CA800003E0062803D0032803D005207047002070470F20704781207047C0B282060BD4EA
:20CAA000000607D5FA48807A4143C01D01EBD00080B27047084670470020704770B51388B6
:20CAC0000B800B781C0625D5F14CA47A844204D843F010000870002070BD956800F007062D
:20CAE00005EBD0052D78F54065F304130B701378D17803F0030341EA032140F20123B1FB8F
:20CB0000F3F503FB15119268E41D00FB012000EBD40070BD906870BD37B51446BDF80410D2
:20CB20001180117841F0040111709DF804100A061ED5D74AA368C1F30011927A824208D8D7
:20CB4000FE2811D1D21DD2084942184600F01BFC0AE003EBD00200F00703012510789D40E5
:20CB6000A843994008431070207820F0100020703EBD2DE9F0410746C81C0E4620F0030004
:20CB8000B04202D08620BDE8F081C14D002034462E60AF802881AA72E8801AE0E988491CB3
:20CBA000E980810614D4E17800F0030041EA002040F20121B0FBF1F201FB12012068FFF797
:20CBC0006CFF2989084480B22881381A3044A0600C3420784107E1D40020D4E7AC48012284
:20CBE0000189C08800EB400002EB8000084480B270472DE9FF4F89B01646DDE9168A0F46E2
:20CC0000994623F44045084600F054FB040002D02078400703D401200DB0BDE8F08F0998DD
:20CC200003F016FA02902078000606D59848817A0298814201D88720EEE7224601A90298AD
:20CC4000FFF73CFF834600208DF80C004046B8F1070F1AD001222146FFF7F0FE0028DBD1B8
:20CC60002078400611D502208DF80C00ADF81070BDF80400ADF81200ADF814601898ADF83A
:20CC80001650CDF81CA0ADF818005FEA094004D500252E46A84601270CE02178E07801F008
:20CCA000030140EA012040F20121B0FBF1F2804601FB12875FEA494009D5B84507D1A1784A
:20CCC000207901F0030140EA0120B04201D3BE4201D90720A0E7A8191FFA80F9B94501D902
:20CCE0000D2099E79DF80C0028B103A90998F8F765FF002890D1B84507D1A0784FEA192184
:20CD000061F30100A07084F804901A9800B10580199850EA0A0027D0199830B10BEB06003C
:20CD20002A46199900F005FB0EE00BEB06085746189E099803F0F5FA2B46F61DB5B23946AF
:20CD40004246009502F0F1FE224601A90298FFF7B5FE9DF80400224620F010008DF80400D6
:20CD6000DDE90110FFF7D8FE002055E72DE9FF4FDFF81C91824685B0B9F80610D9F8000037
:20CD800001EB410100EB810440F20120B2FBF0F1174600FB1175DDE9138B4E462946069831
:20CDA000FFF77BFE0346FFF719FF1844B1880C30884202D9842009B02FE70698C6B2300678
:20CDC00003D5B00601D50620F5E7B9F80620521C92B2A9F80620BBF1000F01D0ABF800204E
:20CDE000B00602D5C4F808800AE0B9F808201A4492B2A9F80820D9F80000891A0844A06074
:20CE00002246FE200699FFF787FEE77025712078390A61F301002A0AA17840F0040062F37F
:20CE20000101A17020709AF802006071BAF80000E08000252573300602D599F80A7000E023
:20CE40000127B00601D54FF000084E4600244FF007090FE0CDE902580195CDF8009004954D
:20CE6000F1882046129B089AFFF7C3FE0028A2D1641CE4B2BC42EDD300209CE700B5FFF710
:20CE8000ADFE03490C308A88904203D9842000BD98050020CA88086802EB420300EB83001F
:20CEA000521C037823F004030370CA80002101730846ECE72DE9F047804600F0FBF90700FE
:20CEC00005D000264446F74D40F2012916E00120BDE8F087204600F0EDF90278C17802F019
:20CEE000030241EA0222B2FBF9F309FB13210068FFF7D3FD3044641C86B2A4B2E988601E6E
:20CF00008142E7DCA8F10100E8802889801B288100203870DCE710B5144631B1491E218000
:20CF200003F096F8A070002010BD012010BD70B50446DC48C188036801E0401C20802088B9
:20CF4000884207D200EB400213EB820202D015786D07F2D580B2884216D2AAB15079A072CB
:20CF6000D08820819178107901F0030140EA0120A081A078E11CFFF7A1FD20612088401C97
:20CF80002080E080002070BD0A2070BD0121018270472DE9FF4F85B04FF6FF798246A3F8D8
:20CFA000009048681E460D4680788DF8060048680088ADF8040000208DF80A00088A0C8841
:20CFC000A04200D304462C8251E03878400708D4641C288AA4B2401C288208F10100C0B2A6
:20CFE00046E0288A401C2882781D6968FFF70EFDD8BB3188494501D1601E30803188A1EBCD
:20D00000080030806888A04238D3B878397900F0030041EA002801A9781DFFF7F7FC20BB50
:20D02000298949452ED0002239460798FFF706FDD8B92989414518D1E9680391B5F80AC06B
:20D04000D7F808B05046CDF800C003F06AF9DDF800C05A460CF1070C1FFA8CFC43460399CD
:20D06000CDF800C002F02BFD60B1641CA4B200208046204600F01EF90700A6D1641E2C8229
:20D080000A2098E674807879B071F888B0803978F87801F0030140EA01207081A6F80C80B6
:20D0A000504602F0D5FF3A4606F10801FFF706FD306100207FE62DE9FF4F87B081461C46C1
:20D0C0009246DDF860B0DDF85480089800F0F2F8050002D02878400702D401200BB09CE57F
:20D0E000484602F0B5FF2978090605D56D49897A814201D88720F1E7CAF309062A4601A9B8
:20D10000FFF7DCFC0746149807281CD000222946FFF794FC0028E1D12878400613D501204D
:20D120008DF808000898ADF80C00BDF80400ADF80E00ADF81060ADF8124002A94846F8F771
:20D140003DFD0028CAD12978E87801F0030140EA0121AA78287902F0030240EA02205645EF
:20D1600007D0B1F5007F04D9611E814201DD0B20B4E7864201D90720B0E7801B85B2A542D7
:20D1800000D92546BBF1000F01D0ABF80050179818B1B9192A4600F0CCF8B8F1000F0DD0C9
:20D1A0003E4448464446169F03F0CDF82146FF1DBCB232462B46009402F0EBFC00208DE78D
:20D1C0002DE9F04107461D461646084600F072F8040002D02078400701D40120D3E4384674
:20D1E00002F036FF2178090605D52E49897A814201D88720C7E422463146FFF75FFC65B1D8
:20D200002178E07801F0030140EA0120B0F5007F01D8012000E0002028700020B3E42DE95A
:20D22000F04107461D461646084600F043F8040002D02078400701D40120A4E4384602F095
:20D2400007FF2178090605D51649897A814201D8872098E422463146FFF75EFCFF2D14D0E6
:20D260002178E07801F0030240EA022040F20122B0FBF2F302FB130015B900F2012080B273
:20D28000E070000A60F30101217000207BE410B50C4600F00FF810B10178490704D401203E
:20D2A00010BD000098050020C18821804079A0700020F5E70749CA88824209D340B1096891
:20D2C00000EB40006FF00B0202EB800008447047002070479805002070B504460D4621468A
:20D2E0002B460AB9002070BD01E0491C5B1C501E021E03D008781E78B042F6D008781E78AB
:20D30000801BF0E730B50C4601462346051B954206D202E0521E9D5C8D54002AFAD107E0DD
:20D3200004E01D780D70491C5B1C521E002AF8D130BDF0B50E460146334680EA030404F0AD
:20D340000304B4B906E002B9F0BD13F8017B01F8017B521E01F00307002FF4D10C461D46FB
:20D3600002E080CD80C4121F042AFAD221462B4600BF04E013F8014B01F8014B521E002A5E
:20D38000F8D100BFE0E7F0B50C460146E6B204E002B9F0BD01F8016B521E01F00307002F1D
:20D3A000F6D10B46E5B245EA052545EA054501E020C3121F042AFBD2194602E001F8016B56
:20D3C000521E002AFAD100BFE3E710B506F0F7FEFAF792F906F09CFDBDE8104006F02EBECD
:20D3E000202801D2012070470020704701224FF0A043824011B1C3F80C257047C3F808250F
:20D4000070474FF0A04101228240C1F81825704770B50346002002466FF02F050EE09C5C54
:20D42000A4F130060A2E02D34FF0FF3070BD00EB800005EB4000521C2044D2B28A42EED3FB
:20D4400070BD30B50A230BE0B0FBF3F403FB1404B0FBF3F08D183034521E05F8014CD2B225
:20D46000002AF1D130BD30B500234FF6FF7510E0040A44EA002084B2C85C6040C0F3031402
:20D48000604005EA00344440E0B25B1C84EA40109BB29342ECD330BDF94A137882F88B30AD
:20D4A000A2F88C0082F88A10012082F8880092F8640008B192F8600082F88E00704710B5FA
:20D4C0000B46114658B11846FFF7E6FFED488068008802F026FFBDE8104002F0CDBBBDE892
:20D4E00010404FF6FF70D7E770B5002604464670E44D1120207029682022A01C6831FFF70F
:20D5000018FF0121A171286800F8666F8078002811D1DB48B0F86A20A0F89220AA68537BE2
:20D5200080F8943080F89010108802F0FAFEBDE8704002F0B0BB70BD70B5D24D296891F8D8
:20D5400096200024012A11D091F89020012A1CD091F86620012A22D091F88820012A21D01C
:20D5600091F8A020012A2ED0002070BD44701722027051F8972FC0F802204A68C0F8062014
:20D580000A7A827201F8014C1BE0447005220270D1F89220C0F8022081F8904011E0FFF700
:20D5A000A3FF0EE091F86620012AF8D044701422027051F88A2FC0F802208A88C28001F854
:20D5C000024C012070BD44701A2200F8022B2222A131FFF7AEFE286880F8A040F1E7A94831
:20D5E000006890F8661011B1B0F86A0070474FF6FF70704770B5A34C206800B9FFDF206814
:20D60000417811B10C25284670BD0025C4222946FFF7B9FE2168FF2008707F2081F837002D
:20D6200013204884282081F86500012081F85C00002081F85F0007F0AFF906F091FCE2E7EC
:20D6400070B5904C0546206800B9FFDF2168002048706560FFF7CEFF002800D0FFDF70BD73
:20D66000884909680978814201D10120704700207047844800B5016891F82400498CC0F384
:20D680008002C0F340031A4400F001001044132915D004DC102909D0122904D10FE015291F
:20D6A00008D01D2904D0FFDF002000BD764903E0764800BD7449083131F8100000BD7249F9
:20D6C0000839F9E76F4840F271210068806A484370476C48006890F83600002800D0012027
:20D6E000704710B5664C207B00F074FD40B1207D04F115010BF034FB082801D0012010BD4E
:20D70000207B30B1022804D00120BDE8104007F0A6BC0020F9E75A49087370475949096838
:20D7200081F83000704770B50646554890F82D000BF0A4FA050018D010210BF076FD002879
:20D7400013D1504C012032462168C87628461C3107F092FCD4E900101C310BF0BFFF60680E
:20D76000BDE8704001210BF0C8BF70BD2DE9F041434C074694F82D000BF0FDFA064694F8DD
:20D780002F0004F10E0528B126B194F82D000BF018FAA0B194F83000002824D094F82E00F9
:20D7A000002820D0607B294600F025FDA8B10BF08AFB3A462946BDE8F04107F05DBC012026
:20D7C00060733A462946304607F056FC94F82D102846BDE8F0410BF065BB39462846BDE80E
:20D7E000F04107F07EBCBDE8F08170B5254C2168087BB0B1022814D0012048730E3107F08E
:20D8000018FC2068007B00F0E5FC216881F82F00082081F82D00487B0E3100F0E3FC40B957
:20D8200001E00020E9E72168487B0E3100F0E3FC00B10120216881F82E0091F82F0018B932
:20D8400091F82200400706D5087D15310BF088FA216881F82D0020680025456004F0ADFD94
:20D86000216888600020FFF781FF2068C57690F8220040070CD5BDE87040002053E700005D
:20D88000A405002064000020A0B101008F89130070BDFB4A1268137B0370D2F80E00086091
:20D8A000508A8880704778B5F6490446F44D407B08732A68207810706088ADF8000080B239
:20D8C00000F00101C0F3400341EA4301C0F3800341EA8301C0F3C00341EAC301C0F30013E1
:20D8E00041EA0311C0F3401341EA4311C0F3801041EA80105084E07D012825D0022825D0F8
:20D90000FFDF286880F85E60217B80F82410418C1D291DD061688162617D80F83610A17BB7
:20D92000C1B1022916D00121017554F80F1FC0F81510A188A0F81910217B012900D00021D4
:20D9400080F83410002078BD0126DAE70226D8E70021E0E70021E7E7C948006890F82200ED
:20D96000C0F38000704700B5FFF7F6FF08B1002000BD1F2000BD00B5FFF7F5FF002800D0F4
:20D98000012000BDBE49002209680A664B8C1D2B02D081F86400704781F864207047B84A64
:20D9A0000023126882F85D3042F84C1F9080012050747047B24A0023126882F85C30A2F839
:20D9C000580042F8541F012010727047AC49096881F835007047AA49096881F85F0070472A
:20D9E000A748006890F95F007047A548006890F8220000F001007047A148006890F822008F
:20DA0000C0F340007047002070479D48006890F82200C0F3C00070470120704701207047B4
:20DA20000120704770B500F0FAFB954C2068016E491C016690F83300002530B106F0ACFFFE
:20DA400006F08EFA206880F833502068457090F8381009B102201AE090F86410B1B1006E16
:20DA6000814213D8022007F095FF206890F82200C00704D0A06843220188012003E043221F
:20DA80004FF6FF710020BDE8704018E50020BDE8704007F07FBF10B501280DD002280DD0E3
:20DAA00004280FD0FFDF7648006890F85E10BDE81040252006F0FEBB252000E0262006F017
:20DAC000D3FCF0E72720FAE702460020D30701D0CB0705D0930705D58B0703D40220704708
:20DAE000012070475207FCD54907FAD4042070472DE9F041624C86B0206800B9FFDF206859
:20DB00004178E9BB0178FF2942D0002580F83150A0F85A50857080F83850284606F09EFEA0
:20DB2000182259496846FFF704FC684606F08AFE06F0CCFB206890F95F0006F085FC5248FB
:20DB40001D3806F087FC5048203806F06CFE606806F087FE2068002190F82400FFF7B4FF66
:20DB6000FFF799FF206880F82C5006F071FE206890F85E10002006F030FD0F21052000E040
:20DB800006E006F038FC206890F82E1051B902E00C2006B027E690F82F1019B990F8220009
:20DBA00040072BD504F009FC804620684146806805F004F9354F064690FBF7F007FB1060C2
:20DBC0004142404604F0CDF82168886096FBF7F04A68104448600BF0BFF821684A6890422D
:20DBE0000CD8C1E901580120FFF7C0FD206890F82200400702D50120FFF795FD2068417B2D
:20DC00000E3006F0EAFB206890F85C1039B1B0F85810A0F84810416D416480F85C5090F886
:20DC20005D1041B1B0F85010A0F84010C16C40F83C1F80F821500BF0FCF8032160680BF016
:20DC40002FF9216881F833000020A2E70C49886070472DE9F0410A4C0746002620683146BB
:20DC6000C57E6068068000F0D1FA2068408C132840D00DDC102861D012280DD15CE0000013
:20DC800064000020A4050020B0B1010040420F00152838D01D2836D0FFDF00BF00F0CAFA63
:20DCA0002068418C1D2907D0152905D0B0F84820416C60680BF028FD206890F82C1090F866
:20DCC0002400FFF701FF05463FB1FFF7E4FE01224FF49671002006F01EFD206890F82C102D
:20DCE000294380F82C1090F824208A434FF0010129D02DE0002160680BF0C4FC0121606896
:20DD000000F084FACAE7012160680BF0BBFC0121606800F07BFAD4E9001025B11C310BF00E
:20DD2000DDFC012104E015310BF0D8FC2068017D60680BF0E2FCB1E7062100E002216068BE
:20DD40000BF0A0FCAAE7428C1D2A0BD080F831104170418C13290ED007DC10290AD0122929
:20DD600007D108E080F82C60F2E7152903D01D2901D0FFDF37E590F85E20BDE8F0410121E6
:20DD8000084606F05ABEF84810B50068417841B90078FF2805D00021084600F059FA0020C1
:20DDA00010BD00F03CFA0C2010BD2DE9F041EE4D0446174628680E4690F8660000B1FFDFED
:20DDC0002968002F81F868704ED12088A1F86A006088A1F88000A088A1F88200E088A1F823
:20DDE000840094F88C0181F8860091F82F0020B1487B0E3100F0FFF940B9296891F83000D1
:20DE000060B1487B0E3100F0EDF938B12868D0F80E104167418AA0F8781003E02868476706
:20DE2000A0F878706968FF2E0878C0F380106076D1F80300C4F81A00B1F80710E18314D021
:20DE4000296801F16E02C1F87A00E08BA1F87E0030466D310AF099FF00B9FFDF286810F845
:20DE60006D1F41F002010170BDE42868C0F87A70A0F87E70617E80F86D10D4F81A1040F816
:20DE80006E1FE18B8180AEE470B5FFF7BEFDB64C012538B13C22FF21A068FFF786FF206886
:20DEA00080F86650206890F82200C00704D0A0683C220188012003E03C224FF6FF71002041
:20DEC000FFF7FDFA206880F8385070BDA649096881F83200704770B5002507F0BAFC50B1E6
:20DEE000A14C20684178012908D0022901D0032936D0FFDF70BDBDE8704093E581780029CA
:20DF0000F8D1418C102913D090F8330020B106F019F8402006F02DFD206890F822104907AA
:20DF200010D490F83610012904D0032902D002E0002119E0102590F85E2045F00E01002098
:20DF400006F07BFD206890F8340008B106F054FD0021962006F0B1FC21680220487070BD05
:20DF600081780029FBD18178BDE87040012000F06FB957E510B57C4C206890F8340008B166
:20DF800000F07AF9206890F8330018B106F004FD05F0E6FF07F05DFC88B12068407802284E
:20DFA00000D0FFDF0021012000F052F920684178002903D04078012800D0FFDF10BDBDE8F8
:20DFC00010402FE510B50AF0CBFE04460AF07DFF38B120460AF052FE18B110210BF025F9E9
:20DFE00008B1002010BD012010BD2DE9F047DFF878910E460746032809D0FFF7F6FC044689
:20E00000D9F8000090F8320020B1012003E0FFF7F3FC04460020804606F018FA0546032F06
:20E020002BD0012734EA080453D0D9F800004C4690F8330068B10AF0E2FE30700146FF2851
:20E0400007D06068C01C0AF0B7FE30780AF0E1FE054360680178C1F3801221680B7D9A4259
:20E0600005D10622C01C1531FFF736F938B100203178FF290BD0D8B903E00227D2E701202F
:20E08000F6E7206890F82D00884211D008E038B1616811F8030BC0F38010FFF793FF38B156
:20E0A0000020216891F82210490703D5A0B910E00120F6E785B92D4890F8360008B1B84269
:20E0C00007D1616811F8030BC0F38010FFF77AFF10B10020BDE8F0870120FBE7F8B5224CBB
:20E0E0000746002520684078022800D0FFDF206890F8340008B100F0BFF860680BF0E4FA51
:20E1000006460FB306F073F9F0B1052E1DD1606890F8240000F01F00102816D9206890F813
:20E12000350090B1FF208DF80000012569460520FFF75BFF40B1206880F8A050616822228D
:20E14000A130C91CFFF7F5F815E060680BF0FCFA88B1062E0FD2DFE806F00E0E0E030E0B27
:20E1600000F0CDF806E0000064000020A405002000F091F800B90125206890F8330018B153
:20E1800006F00AFC05F0ECFE1DB10021012000F05FF820684178002906D04178012903D057
:20E1A0004078032800D0FFDFF8BD70B59F4E05460C463068807800280BD106F02FF8034670
:20E1C0003068214690F85E202846BDE8704007F0C1BD70BD022803D0032801D00020704705
:20E1E00001207047012802D14879800901D00020704701207047012806D148790121B1EB02
:20E20000901F01D101207047002070470278202322F0200203EA41110A430270704710B563
:20E2200006F09AFB06F079FB06F0C8FABDE8104006F0FFBA10B57D4C7D4960680BF048FA34
:20E240007B480E38417B6068BDE810400BF04CBA764A10B5126892F831303BB1508C1D2844
:20E2600000D1FFDFBDE81040FFF7DCBB002902D1BDE81040EDE410BD10B56C4C2068373072
:20E2800006F0C5FB18B921687F2081F83700BDE8104006F0A7BB38B5FF208DF8000001251B
:20E2A00069460520FFF7A1FE30B3604C2068807808BB6268A0681278417BC2F340121140B3
:20E2C0004173012100F04AF800229DF80010A068FFF76BFD2068012100F8661F82788188DF
:20E2E0000120FFF7ECF8216800204870FFF797FF012007F04FFB00E00025284638BD38B57F
:20E30000FF208DF80000012569460320FFF76DFE464C002820681CD090F8341031B190F89C
:20E32000960018B99DF8000000F04CF860680021018004210BF0A6F9FFF77CFF2068B0F8E3
:20E340004020C16B60680BF0EFF921680320487002E0807800B90025284638BD70B5334D62
:20E360000446686850F80F2FC4F80E208288628282792275C27962750289E28242896280E5
:20E380008289A280C289E2800269A260027D2273427D02F01F022276407D400984F88C01A9
:20E3A00084F8641084F86510002104F130000BF02AFB286890F8651004F8661F90F85F0021
:20E3C000607070BD70B5194C0122216881F896200A7881F89720FF280DD001F199029831CF
:20E3E0000AF0D3FC00B9FFDF206810F8981F41F0020101700CE060680278C2F3801281F8E3
:20E400009820D0F8032041F8992FB0F807008880256895F837009F357F2800D1FFDF20689E
:20E4200010F8371F29707F21017070BD64000020B20500202DE9FC470C460646694600F0B6
:20E4400010FF002860D1FFF7CAF8B0425CD02146304608F0DEFF28BB019D95F82C017035EC
:20E4600018B9287F08B1012000E00020814695F839004FF000084FF0010AA0B195F83A0014
:20E48000800710D584F8018084F800A084F80280A68095F83B10A171A98F2181E98F6181B5
:20E4A00085F839802DE0304601F04DFF070000D1FFDF384601F06DF940B184F801800D21BF
:20E4C0002170A680E08084F802A01AE0304601F028FF070000D1FFDFB9F1000F14D03846AE
:20E4E00001F0AFF980B1304606F01EFD84F801800A21217084F80280A680697FA17185F877
:20E500001C800120BDE8FC870020FBE71CB5694600F0A7FE00B1FFDF684600F0AFFEF949E3
:20E5200000208968A1F8F2001CBD2DE9FC4104460E46062001F06EFD00250746A846064449
:20E5400017E02088401C80B22080B04202D34046A4F8008080B2B84204D3B04202D200209C
:20E56000BDE8FC81694600F07CFE0028F8D06D1CEDB2AE42E5D84FF6FF7020801220EFE73F
:20E5800010B506F043FD0AF026FBDF484FF6FF7100234182818203701B2141804FF4A472D7
:20E5A0008280C180028103228275C27582720424C4728181C1810282837610BD70B5D14C20
:20E5C0000D466060217006F0ADFC00F063FEFFF7D7FF207809F09EFD284607F04DFACA48F1
:20E5E0002838FFF72DF82178606808F0F6FFBDE870400AF0F0BA10B501240AB1002010BDC7
:20E6000021B1012903D00024204610BD02210BF0CBF8F9E7887800B90320C97801B9032118
:20E62000107019700020704730B587B004460088694600F016FE002806D1A08830B1012828
:20E6400004D0022802D0122007B030BD05AB04AA21466846FFF7DEFF0400F5D10199012049
:20E6600081F8C501019991F81012002539B9019991F8C41119B9019991F8971009B13A2453
:20E6800015E00199039581F8C40101989DF8102080F8C621019B9DF8140083F8C7018DF84B
:20E6A0000C208DF80D0003AA01200AF0F4FE019880F8C5512046C7E710B504460020A1785F
:20E6C00001B90120E2780AB940F0020000F0F6FD002803D12046BDE81040A5E710BD70B558
:20E6E0000D4604460189002380880AF0C9FE696A81421DD2401A401CA1884008091A8AB2FC
:20E70000A2802189081A2081668895F8641010460AF08DFE864200D230466080E68895F8B5
:20E72000651020890AF083FE864200D23046E08070BDF0B585B00D46064603A900F091FD00
:20E7400000282AD104990022FB20B1F84E30FB2B00D30346B1F85040FB20FB2C00D30446BB
:20E76000DFF8A8C19CE8811000900197CDF808C0ADF80230ADF806406846FFF7B0FF6E808C
:20E78000BDF80400E880BDF808006881BDF80200A880BDF806002881002005B0F0BD2DE9D7
:20E7A000F04186B004460088694600F05AFD002859D12189E08800F09BFD002853D1A188C9
:20E7C000608800F095FD00284DD12189E08800F085FD002847D1A188608800F07FFD060042
:20E7E00041D1208802A9FFF7A4FF00B1FFDFBDF8101062880920914235D3BDF80C10E2888E
:20E80000914230D3BDF81210BDF80E2023891144A2881A44914226D3019D01274FF0000806
:20E8200085F8BB71019890F8FC0105F5DD7508B13A2615E0E08868806088E880218940F637
:20E840004800814200D30146A980A188814200D208462881002228460199FFF740FF2F70B7
:20E8600085F80180304606B0BDE8F08197E710B50446FEF761FE002813D0207814280FD1B8
:20E88000A07868B1A088062101F018FC40B1008806F04AFBA088062101F022FC00B1FFDF52
:20E8A000012010BD2DE9F041060000D1FFDF1648022114308046FFF738FE00B1FFDF124CCA
:20E8C0000620A78A01F0A6FB0546A08AA84203D13046FFF7CCFF20B9A08A3146FFF7AAFDCE
:20E8E00030B1304600F012FD0028EED10120BBE702214046FFF719FE10B9A08AB842E4D1C0
:20E900000020B1E77000002090060020C8B1010010B500F083FC08B10C2010BD0AF096F910
:20E92000002010BD10B50446007818B1012801D0122010BD00F07DFC20B10AF0FDF908B1BE
:20E940000C2010BD207800F053FCE21D04F11703611CBDE810400AF09BB910B5044600F01A
:20E960005DFC08B10C2010BD207818B1012801D0122010BD00F03CFC611C0AF041F908B1A0
:20E98000002010BD072010BD10B50AF0D9F908B1002010BD302010BD10B5044600F049FCFE
:20E9A00008B10C2010BD20460AF0C2F9002010BD10B500F03EFC20B10AF0BEF908B10C2047
:20E9C00010BD0AF0A7F9002010BDFF2181704FF6FF718180F84949680A7882718A88028120
:20E9E0004988418101214170002070471CB5002412F1080F15D00CDC12F1280F11D012F1E0
:20EA0000140F0ED012F1100F0BD012F10C0F0CD107E012F1040F04D01AB1032A01D0042A35
:20EA200003D1012804D0032806D0122420461CBD1046FEF7D0FFF9E708461446694600F04E
:20EA400010FC08B10224F1E7019880F867400024ECE710B5134601220AF003FC002010BD1D
:20EA600010B5044600F0E5FB08B10C2010BD2146002006F0CCFA002010BD10B5044607F0CF
:20EA800095F920B1207807F003F8002010BD0C2010BD10B5044600F0CCFB08B10C2010BD2F
:20EAA0002146012006F0B3FA002010BD38B504464FF6FF70ADF80000A079E179884216D08B
:20EAC0002079FEF78DFC90B16079FEF789FC70B10022A07911460BF0DBFB40B90022E07993
:20EAE00011460BF0D5FB10B9207A072801D9122038BD07F067F948B900216846FFF715FD32
:20EB000020B1204605F0ADFB002038BD0C2038BD2DE9FC41817804461A2925D00EDC1629F4
:20EB20002DD2DFE801F02C2C2C2C2C212C2C2C2C2C2C2C2C2C2C2C2C2C2121212A291ED041
:20EB40000BDCA1F11E010C2919D2DFE801F018181818181818181818180D3A3904290ED2B0
:20EB6000DFE801F00D020D022088B0F5706F06D20127694600F075FB18B10220F0E4122093
:20EB8000EEE4019D68462E4605F5C87506F2911600F05AFB08B1287808B10C20E0E42F7027
:20EBA000A0783070684600F069FB0020D8E41CB50C46694600F055FB002118B121602171B0
:20EBC00002201CBD0198024610F1700080F8421093682360137B237190F84230002BF5D193
:20EBE00000201CBD10B5044600F023FB20B10AF0A3F808B10C2010BD207800F0F9FAE27911
:20EC0000611C0AF06EF908B1002010BD022010BD10B5886E60B1002241F8682F0120CA7167
:20EC2000897988400BF028FB002800D01F2010BD0C2010BD1CB50C46694600F012FB0028F8
:20EC400005D10198B0F87000401C208000201CBD1CB504460088694600F003FB08B102201D
:20EC60001CBD606828B1DDE90001224600F09CFB1CBDDDE90001FFF7CBFF1CBD10B50078EE
:20EC8000012800D00020FEF7A1FE002010BDF0B544888188C288038945898089A71F40F6B7
:20ECA0007B46B74215D28F1FB74212D28C4210D8B2F5FA7F0DD2A3F10A04361FB44208D2AC
:20ECC000521C4A43B2EB830F03DA854201D80020F0BD3020F0BDF8B515460E46044607F026
:20ECE00071F808B10C20F8BD204600F09CFB0028F9D1A078C1064FF01100F4D5E17D0329B0
:20ED0000F1D0FEF76DFE3070A07555B9FF208DF8000069460020FEF74DFE69460020FEF798
:20ED20003EFE2046BDE8F840FEF7BDBD0022D2E70078C10801D01220704720498876002088
:20ED4000704710B504460078C00704D1608810B1FEF711FE80B12078618800F001026078AF
:20ED600000F0ACFB002806D1FEF7FDFD01466088884203D9072010BD122010BD6168FEF788
:20ED800019FE002010BD10B504460078C00704D1608810B1FEF730FE90B12078618800F0CE
:20EDA0000102607800F08AFB002804D160886168FEF7F5FD002010BD70000020900600203B
:20EDC0001220F8E77CB5044640784225012808D8A078FEF745FC20B120781225012802D096
:20EDE00090B128467CBDFEF710FE20B1A0880028F7D08028F5D8FEF70FFE60B160780028B8
:20EE0000EFD02078012808D006F07EF9044606F009FE00287FD00C207CBDFEF762FC10B9EE
:20EE2000FEF7F1FD90B306F0CDFF0028F3D1FEF7D6FBA0F57F41FF39EDD1FEF7D6FCA688F8
:20EE400042F210704643A079FEF79CFDFEF7CDFDF8B10022062101A801F002F9040058D05C
:20EE6000F7480021846020460AF01EF92046FEF7EDFEF44D04F13000AA89E989C2830184BC
:20EE8000FEF7CCFD60B1288A01210DE0FFE712207CBD3146002006F0FEFD88B3FFDF44E0CC
:20EEA000FEF7BEFD0146288A06F090FE0146A0620022204606F02BF9FEF7B0FD38B9FEF7B2
:20EEC000AFFD0246214601200AF0E3FAD0B1DD4A2146163201200AF0DEFAE87A0090AB7A7E
:20EEE000EA89A989208801F0A5F900B1FFDF208806F019F83146204606F0CDFD00B1FFDFCC
:20EF000013E008E00621BDF8040001F0E9F800B1FFDF09207CBD44B1208806F005F820883B
:20EF2000062101F0DDF800B1FFDF00207CBD002148E770B50D46062101F0C0F8040003D08D
:20EF400094F8930110B10AE0022070BD94F87D00142801D0152802D194F8E00108B10C201F
:20EF600070BD1022294604F5CA70FEF7E2F9012084F89301002070BD10B5062101F09EF8CF
:20EF800018B190F8931111B107E0022013E790F87D10142903D0152901D00C200BE7022142
:20EFA00080F89311002006E72DE9FC410D464BF680321221954213D895B1694600F051F96B
:20EFC00000280CD1019EB41C703627882A46394630460AF02AF82088B842F6D10020CDE5AC
:20EFE0000846CBE51CB504460088694600F039F9002808D10199A378084691F82C20703125
:20F000009A4201D10C201CBD7F220A728A720022CA72E17880F82D10217980F82E10A1784F
:20F0200080F82C1010461CBD1CB50C46694600F018F9002806D1019890F88C0000B101209C
:20F04000207000201CBD7CB50D461446694600F008F9002805D1019890F82C00012801D064
:20F060000C207CBD019890F87810297090F87900207000207CBD70B50D461646062101F013
:20F080001DF818B381880124C388428804EB4104AC4217D842F210746343A4106243B3FBD7
:20F0A000F2F2521E94B24FF4FA72944200D91446A54200D22C46491C641CB4FBF1F24A43CF
:20F0C000521E91B290F8CC211AB901E0022070BD01843180002070BD10B50C46062100F054
:20F0E000EDFF48B180F8FF4024B190F8FD1009B106F083FD00205EE602205CE6017899B14F
:20F10000417889B141881B290ED381881B290BD3C188022908D34B490268283941F8322F9B
:20F1200040684860002070471220704710B506F01EFD00203FE610B506F01CFD00203AE690
:20F1400070B514460A46064600250121104606F03DFD002800D8284605460121304600F086
:20F160004EF806460121002000F049F83118012296318D4206D901F19600691AB1FBF0F012
:20F18000401C82B22280002070BD10B5044600F050F808B10C200EE6601C09F08FFE207836
:20F1A00000F00100FEF7BAFA002004E610B50446062000F021FF08B10C20FCE52078C00741
:20F1C00010D00022607811460BF062F808B11220F1E5A06808F073FD6078616808F078FD6A
:20F1E0000020E8E5002008F06AFD00210846F5E718B1022801D0012070470020704710B520
:20F20000012904D0022905D0FFDF2046D3E5C000503001E080002C3084B2F6E710B506F029
:20F22000D1FD20B1FEF755FA08B10120C3E50020C1E510B506F0C6FD002800D00120BAE56D
:20F240007000002090060020416891F82C0191F88C1021B918B1042801D00120704700204C
:20F26000704710B50C46062100F028FF606018B10120207000209EE502209CE5416891F8D0
:20F28000FD20002A05D0002281F8FD20406806F0B4BC704708B54FF6FF70ADF8000006E0D9
:20F2A0000621BDF8000000F01BFF00B1FFDF00216846FFF73AF90028F2D008BD70B51446B3
:20F2C0000546012200F00EF9002806D121462846BDE87040002200F005B970BDFB2803D8A5
:20F2E00040F64800814201D911207047002070471B38E12806D2B1F5A47F03D344F290207B
:20F30000814201D912207047002070471FB58E49897ECA0702D10278192A0AD08A0702D43C
:20F320000278182A24D0490739D40178122933D035E04088ADF8000002A9FFF792FF00B1A4
:20F34000FFDF039810F8601F8DF8021040788DF803000020ADF8040001B9FFDF9DF80300DD
:20F3600000B9FFDF6846FFF7A7F9D8B1FFDF19E04088ADF8000040F64800FB21ADF80400A2
:20F38000ADF80800ADF80210ADF806106846FFF76DFA38B1FFDF05E0007BC00702D0002063
:20F3A00004B008E50120FBE7F8B50646508914460F4640B1B0F5004F05D20022A0781146DB
:20F3C0000AF066FF08B11220F8BDB86E394607F1700530B1A07891F86E20904201D00C203D
:20F3E000F8BD012081F86F00A07881F86E00606841F8680F608988802089A884002087F873
:20F400006F0020886946FFF715FCA88CBDF80010081A00B2002804DD39463046FFF7F8FB6B
:20F42000DDE70020F8BD38B504460078EF2841D86088ADF80000009800F061F888B36188C2
:20F44000080708D4D4E90120824233D8202A31D3B0F5804F2ED8207B18B307282AD8607BDA
:20F4600028B1012803D0022801D0032822D14A0703D4022801D0032805D1A07B08B101287D
:20F4800018D1480707D4607D28B1012803D0022801D003280ED1C806E07D03D5012809D19C
:20F4A00004E007E0012801D0032803D1E07E18B1012801D0122038BD002038BD70B50C46B4
:20F4C0000546FF2904D8FEF7A9FA18B11F2C01D9122070BD2846FEF7C3F808B1002070BDD4
:20F4E000422070BD0AB1012200E00222024202D1880802D109B1002070471120704780B276
:20F50000C1060BD401071CD481064FEAC07101D5B9B900E099B1800713D410E0410610D461
:20F5200081060ED4C1074FEA807104D0002902DB400704D405E0010703D4400701D4012076
:20F5400070470020704700009006002030B5058825F4004421448CB24FF4004194420AD2BF
:20F56000121B92B21B339A4201D2A94307E005F40041214303E0A21A92B2A9431143018008
:20F5800030BD0844083050434A31084480B2704770B51D4616460B46044629463046049AB5
:20F5A000FFF7EFFF0646B34200D2FFDF282200212046FDF7E8FE4FF6FF70A082283EB0B22D
:20F5C00065776080B0F5004F00D9FFDF618805F13C00814200D2FFDF60880835401B34384A
:20F5E00080B220801B2800D21B2020800020A07770BD8161886170472DE9F05F0D46C18862
:20F60000044600F12809008921F4004620F4004800F063FB10B10020BDE8F09F4FF0000A92
:20F620004FF0010BB0450CD9617FA8EB0600401A0838854219DC09EB060000210580418075
:20F640001AE06088617F801B471A083F0DD41B2F00DAFFDFBD4201DC294600E0B9B2681AAA
:20F660000204120C04D0424502DD84F817A0D2E709EB06000180428084F817B0CCE770B5E8
:20F68000044600F12802C088E37D20F400402BB110440288438813448B4201D2002070BD40
:20F6A00000258A4202D30180458008E0891A0904090C418003D0A01D00F01FFB08E0637F6C
:20F6C00000880833184481B26288A01DFFF73EFFE575012070BD70B5034600F12804C5887E
:20F6E000808820F400462644A84202D10020188270BD98893588A84206D3401B75882D1A5A
:20F700002044ADB2C01E05E02C1AA5B25C7F20443044401D0C88AC4200D90D809C8924B1D4
:20F72000002414700988198270BD0124F9E770B5044600F12801808820F400404518208AD7
:20F74000002825D0A189084480B2A08129886A881144814200D2FFDF288869880026084445
:20F76000A189884212D1A069807F2871698819B1201D00F0C2FA08E0637F2888083318445C
:20F7800081B26288201DFFF7E1FEA6812682012070BD2DE9F041418987880026044600F19C
:20F7A0002805B94219D004F10A0800BF21F400402844418819B1404600F09FFA08E0637F45
:20F7C00000880833184481B262884046FFF7BEFE761C6189B6B2B942E8D13046BDE8F08191
:20F7E0002DE9F04104460B4627892830A68827F40041B4F80A8001440D46B74201D10020DC
:20F80000ECE70AB1481D106023B1627F691D1846FDF78FFD2E88698804F1080021B18A1953
:20F8200096B200F06AFA06E0637F62880833991989B2FFF78BFE474501D120896081304675
:20F84000CCE78188C088814201D1012070470020704701898088814201D101207047002041
:20F86000704770B58588C38800F1280425F4004223F4004114449D421AD08389058A5E1951
:20F8800025886388EC18A64214D313B18B4211D30EE0437F08325C192244408892B2801A1D
:20F8A00080B22333984201D211B103E08A4201D1002070BD012070BD2DE9F0478846C188D1
:20F8C0000446008921F4004604F1280720F4004507EB060900F001FA002178BBB54204D969
:20F8E000627FA81B801A002503E06088627F801B801A083823D4E28962B1B9F80020B9F88D
:20F9000002303BB1E81A2177404518DBE0893844801A09E0801A217740450ADB607FE1896A
:20F920000830304439440844C01EA4F81280BDE8F087454503DB01202077E7E7FFE7618273
:20F940000020F4E72DE9F74F044600F12805C088884620F4004A608A05EB0A0608B140454C
:20F9600002D20020BDE8FE8FE08978B13788B6F8029007EB0901884200D0FFDF207F4FF07E
:20F98000000B50EA090106D088B33BE00027A07FB9463071F2E7E18959B1607F2944083035
:20F9A00050440844B4F81F1020F8031D94F821108170E28907EB080002EB0801E181308039
:20F9C000A6F802B002985F4650B1637F30880833184481B26288A01DFFF7B8FDE78121E078
:20F9E000607FE18908305044294408442DE0FFE7E089B4F81F102844C01B20F8031D94F8F7
:20FA00002110817009EB0800E28981B202EB0800E081378071800298A0B1A01D00F06DF92E
:20FA2000A4F80EB0A07F401CA077A07D08B1E088A08284F816B000BFA4F812B084F817B0D8
:20FA400001208FE7E0892844C01B30F8031DA4F81F10807884F82100EEE710B5818800F123
:20FA6000280321F400442344848AC288A14212D0914210D0818971B9826972B11046FFF73D
:20FA8000E8FE50B91089283220F40040104419790079884201D1002010BD184610BD00F12C
:20FAA0002803407F08300844C01E1060088808B9DB1E136008884988084480B270472DE921
:20FAC000F04100F12806407F1C4608309046431808884D88069ADB1EA0B1C01C80B290421D
:20FAE00014D9801AA04200DB204687B298183A464146FDF7F1FB002816D1E01B84B2B84450
:20FB0000002005E0ED1CADB2F61EE8E7101A80B20119A94206D8304422464146BDE8F0411D
:20FB2000FDF7DABB4FF0FF3058E62DE9F04100F12804407F1E4608309046431800250888EB
:20FB40004F88069ADB1E90B1C01C80B2904212D9801AB04200DB304685B299182A4640466E
:20FB6000FDF7E7FB701B86B2A844002005E0FF1CBFB2E41EEAE7101A80B28119B94206D8CD
:20FB8000211832464046FDF7D4FBA81985B2284624E62DE9F04100F12804407F1E4608303C
:20FBA00090464318002508884F88069ADB1E90B1C01C80B2904212D9801AB04200DB304606
:20FBC00085B298182A464146FDF7B3FB701B86B2A844002005E0FF1CBFB2E41EEAE7101A68
:20FBE00080B28119B94206D8204432464146FDF7A0FBA81985B22846F0E5401D704710B55A
:20FC0000044600F12801C288808820F400431944904206D0A28922B9228A12B9A28A904257
:20FC200001D1002010BD0888498831B1201D00F064F800202082012010BD637F6288083382
:20FC4000184481B2201DFFF781FCF2E70021C18101774182C1758175704703881380C289A2
:20FC600042B1C28822F4004300F128021A440A60C08970470020704710B50446808AA0F586
:20FC80007F41FF3900D0FFDFE088A082E08900B10120A07510BD4FF6FF7181820021817548
:20FCA000704710B50446808AA0F57F41FF3900D1FFDFA07D28B9A088A18A884201D100202B
:20FCC00010BD012010BD8188828A914201D1807D08B1002070470120704720F4004221F4DF
:20FCE00000439A4207D100F4004001F40041884201D0012070470020704730B504460088A2
:20FD00000D4620F40040A84200D2FFDF21884FF4004088432843208030BD70B50C00054637
:20FD200009D0082C00D2FFDF1DB1A1B2286800F044F8201D70BD0DB100202860002070BD0C
:20FD40000021026803E093881268194489B2002AF9D100F032B870B500260D460446082921
:20FD600000D2FFDF206808B91EE0044620688188A94202D001680029F7D181880646A9425A
:20FD800001D100680DE005F1080293B20022994209D32844491B0260818021680968216070
:20FDA0000160206000E00026304670BD00230B608A8002680A600160704700234360021D50
:20FDC000018102607047F0B50F460188408815460C181E46AC4200D3641B3044A84200D9E3
:20FDE000FFDFA019A84200D9FFDF3819F0BD2DE9F041884606460188408815460C181F4637
:20FE0000AC4200D3641B3844A84200D9FFDFE019A84200D9FFDF70883844708008EB040090
:20FE2000BDE8F0812DE9F041054600881E461746841B8846BC4200D33C442C806888304403
:20FE4000B84200D9FFDFA019B84200D9FFDF68883044688008EB0400E2E72DE9F0410688A6
:20FE60001D460446701980B2174688462080B84201D3C01B20806088A84200D2FFDF7019FB
:20FE8000B84200D9FFDF6088401B608008EB0600C6E730B50D460188CC18944200D3A41ADC
:20FEA0004088984200D8FFDF281930BD2DE9F041BF4D04469046A8780E46A04200D8FFDF3D
:20FEC00005EB8607786A50F8240000B1FFDFB868002816D0304600F032F90146B868FFF7AC
:20FEE0003AFF05000CD0786A072E40F8245000D3FFDFB0484246294650F8263020469847A2
:20FF00002846BDE8F0812DE9F84305000C46009524D00026E81C20F00300A84200D0FFDF57
:20FF2000DFF88C820027314688F8007088F8014088F8024088F8034088F8044088F805407F
:20FF400088F80640684600F003F9002042460099C91C21F00301009116B10FE00126D9E7D8
:20FF600002EB80035962002106E000BFD3F824C04CF82170491CC9B2A142F7D30099401C8A
:20FF800001EB8401C0B200910728E0D3481BBDE8F88310B50446F1F774F908B1102010BD6E
:20FFA0002078834A618802EB800092780EE0436A53F8213043B14A1C6280A180406A50F8F6
:20FFC0002100A060002010BD491C89B28A42EED86180052010BD70B505460C460846F1F716
:20FFE00050F908B1102070BD072D01D3072070BD25700020608070BD0EB56946FFF7EBFF32
:020000040001F9
:2000000000B1FFDF6846FFF7C4FF08B100200EBD01200EBD10B50446072800D3FFDF6448BF
:20002000005D10BD3EB5054600246946FFF7D3FF18B1FFDF01E0641CE4B26846FFF7A9FFD3
:200040000028F8D02846FFF7E5FF001BC0B23EBD57498978814201D9C0B27047FF207047A3
:200060002DE9F04106291BD1514C00273B464FF6FF7604EB810514F801C00AE0DC19D5F831
:2000800024E0A4B25EF824E0BEF1000F04D05B1C9BB29C45F2D8344604802046B44201D17F
:2000A00000202EE7BDE8F04100E7A0F57F43FF3B01D0072901D300207047F7E6A0F57F42DE
:2000C000FF3A0BD0072909D2394A9378834205D902EB8101496A51F82000704700207047B7
:2000E0002DE9F04104460D46A4F57F4143F20200FF3902D0072D01D3072002E72C494FF0B6
:2001000000088A78A242F8D901EB8506726A52F82470002FF1D0274839461C3050F8252038
:2001200020469047716A284641F8248000F007F802463946B068FFF739FE0020E1E61D4914
:20014000383131F810004FF6FC71C01C084070472DE9F843164E8846054600242868C01C12
:2001600020F0030028602046FFF7E9FF315D4843B8F1000F01D0002200E02A680146009291
:2001800032B100274FEA0D00FFF7C7FD1FB106E001270020F8E706EB8401009A8A602968ED
:2001A000641C0844E4B22860072CD7D3EFE60000AC060020D4B1010070B50E461D46114618
:2001C00000F0D5F804462946304600F0D9F82044001D70BD2DE9F04190460D4604004FF011
:2001E000000610D00027E01C20F00300A04200D0FFDFE5B141460020FFF78FFD0C3000EB6D
:20020000850617B113E00127EDE7624F04F10C00AA003C602572606000EB8500206000213C
:200220006068FDF7B0F841463868FFF776FD3046BDE8F0812DE9FF4F564C804681B02068B9
:200240009A46934600B9FFDF2068027A424503D9416851F8280020B143F2020005B0BDE86B
:20026000F08F5146029800F082F886B258460E9900F086F885B27019001D87B22068A146F4
:2002800039460068FFF767FD04001FD0678025802946201D0E9D07465A4601230095FFF7AB
:2002A00077F92088314638440123029ACDF800A0FFF76EF92088C1193846FFF79AF9D9F857
:2002C00000004168002041F82840C7E70420C5E770B5304C0546206800B9FFDF2068017A28
:2002E000A9420ED9426852F8251051B1002342F825304A880068FFF759FD216800200A7A9C
:2003000008E043F2020070BD4B6853F8203033B9401CC0B28242F7D80868FFF711FD002062
:2003200070BD70B51B4E05460024306800B9FFDF3068017AA94204D9406850F8250000B1C3
:20034000041D204670BD70B5124E05460024306800B9FFDF3068017AA94206D9406850F8F9
:20036000251011B131F8040B4418204670BD10B50A460121FFF705F9C01C20F0030010BD78
:2003800010B50A460121FFF7FCF8C01C20F0030010BD00007C00002070B50446C2F11005AD
:2003A0002819FCF7C6FF15F0FF0109D0491ECAB28020A0542046BDE870400021FCF7E3BF7E
:2003C00070BD30B505E05B1EDBB2CC5CD55C6C40C454002BF7D130BD10B5002409E00B78CE
:2003E000521E44EA430300F8013B11F8013BD2B2DC09002AF3D110BD2DE9F04389B01E4696
:20040000DDE9107990460D00044622D002460846F949FEF71EFB102221463846FFF7DCFFA0
:20042000E07B000606D5F44A3946102310320846FFF7C7FF102239464846FFF7CDFFF87BD0
:20044000000606D5EC4A4946102310320846FFF7B8FF102200212046FCF795FF0DE0103E0B
:20046000B6B208EB0601102322466846FFF7A9FF224628466946FEF7ECFA102EEFD818D0E6
:20048000F2B241466846FFF787FF10234A46694604A8FFF796FF1023224604A96846FFF772
:2004A00090FF224628466946FEF7D3FA09B0BDE8F08310233A464146EAE770B59CB01E46B5
:2004C0000546134620980C468DF80800202219460DF10900FCF72DFF202221460DF129004A
:2004E000FCF727FF17A913A8CDE90001412302AA31462846FFF780FF1CB070BD2DE9FF4FEA
:200500009FB014AEDDE92D5410AFBB49CDE90076202320311AA8FFF76FFF4FF000088DF80E
:2005200008804FF001098DF8099054F8010FCDF80A00A088ADF80E0014F8010C1022C0F3C8
:2005400040008DF8100055F8010FCDF81100A888ADF8150015F8010C2C99C0F340008DF852
:20056000170006A88246FCF7E4FE0AA8834610222299FCF7DEFEA0483523083802AA40680E
:200580008DF83C80CDE900760E901AA91F98FFF733FF8DF808808DF809902068CDF80A002C
:2005A000A088ADF80E0014F8010C1022C0F340008DF810002868CDF81100A888ADF815003D
:2005C00015F8010C2C99C0F340008DF817005046FCF7AFFE584610222299FCF7AAFE864883
:2005E0003523083802AA40688DF83C90CDE900760E901AA92098FFF7FFFE23B0BDE8F08F8F
:20060000F0B59BB00C460546DDE922101E461746DDE92032D0F801C0CDF808C0B0F805C0F9
:20062000ADF80CC00078C0F340008DF80E00D1F80100CDF80F00B1F80500ADF813000878C7
:200640001946C0F340008DF815001088ADF8160090788DF818000DF119001022FCF769FE13
:200660000DF1290010223146FCF763FE0DF1390010223946FCF75DFE17A913A8CDE90001EE
:20068000412302AA21462846FFF7B6FE1BB0F0BDF0B5A3B017460D4604461E46102202A821
:2006A0002899FCF746FE06A820223946FCF741FE0EA820222946FCF73CFE1EA91AA8CDE9CE
:2006C0000001502302AA314616A8FFF795FE1698206023B0F0BDF0B589B00446DDE90E078B
:2006E0000D463978109EC1F340018DF8001031789446C1F340018DF801101968CDF8021058
:200700009988ADF8061099798DF808100168CDF809108188ADF80D1080798DF80F0010237C
:200720006A46614604A8FFF74CFE2246284604A9FEF78FF9D6F801000090B6F80500ADF8BF
:200740000400D7F80100CDF80600B7F80500ADF80A000020039010236A46214604A8FFF7F8
:2007600030FE2246284604A9FEF773F909B0F0BD1FB51C6800945B680193136802935268F4
:200780000392024608466946FEF763F91FBD10B588B00446106804905068059000200690FC
:2007A000079008466A4604A9FEF753F9BDF80000208008B010BD1FB51288ADF800201A8807
:2007C000ADF802200022019202920392024608466946FEF73EF91FBD7FB5074B14460546FC
:2007E000083B9A1C6846FFF7E6FF224669462846FFF7CDFF7FBD000022B2010070B50446B0
:2008000000780E46012813D0052802D0092813D10EE0A06861690578042003F07FFA052DED
:200820000AD0782300220420616903F0CDF903E00420616903F072FA31462046BDE8704018
:2008400001F08AB810B500F12D03C2799C78411D144064F30102C271D2070DD04A795C79A3
:2008600022404A710A791B791A400A718278C9788A4200D9817010BD00224A71F5E741785F
:20088000012900D00C21017070472DE9F04F93B04FF0000B0C690D468DF820B00978012662
:2008A0000C2017464FF00D084FF0110A4FF008091B2975D2DFE811F01B00C40207031F0351
:2008C0005E037103A303B803F9031A0462049504A204EF042D05370555056005F3053606CF
:2008E000390668068406FE062207EB06F00614B120781D282AD0D5F808805FEA08004FD04C
:2009000001208DF82000686A02220D908DF824200A208DF82500A8690A90A8880028EED020
:2009200098F8001091B10F2910D27DD2DFE801F07C1349DEFCFBFAF9F8F738089CF6F5005E
:2009400002282DD124B120780C2801D00026F0E38DF82020CBE10420696A03F0DFF9A888A1
:200960000728EED1204600F0F2FF022809D0204600F0EDFF032807D9204600F0E8FF072886
:2009800002D20120207004E0002CB8D020780128D7D198F80400C11F0A2902D30A2061E0EA
:2009A000C4E1A070D8F80010E162B8F80410218698F8060084F83200012028700320207044
:2009C00044E00728BDD1002C99D020780D28B8D198F8031094F82F20C1F3C000C2F3C002E2
:2009E000104201D0062000E00720890707D198F805100142D2D198F806100142CED194F8A0
:200A0000312098F8051020EA02021142C6D194F8322098F8061090430142BFD198F804002A
:200A2000C11F0A29BAD200E008E2617D81427CD8D8F800106160B8F80410218198F80600BB
:200A4000A072012028700E20207003208DF82000686A0D9004F12D000990601D0A900F30C5
:200A60000B9022E12875FCE3412891D1204600F06EFF042802D1E078C00704D1204600F085
:200A800066FF0F2884D1A88CD5F80C8080B24FF0400BE669FFF745FC324641465B464E4662
:200AA000CDF80090FFF741F80B208DF82000686A0D90E0690990002108A8FFF79FFE207895
:200AC000042806D0A07D58B1012809D003280AD04AE305202070032028708DF82060CEE196
:200AE00084F800A032E712202070EAE11128BCD1204600F02CFF042802D1E078C00719D0E6
:200B0000204600F024FF062805D1E078C00711D1A07D02280ED0204608E0CCE084E072E181
:200B200051E124E103E1E9E019E0B0E100F00FFF11289AD1102208F1010104F13C00FCF754
:200B4000F8FB607801286ED012202070E078C00760D0A07D0028C8D00128C6D05AE0112843
:200B600090D1204600F0F3FE082804D0204600F0EEFE132886D104F16C00102208F1010167
:200B80000646FCF7D6FB207808280DD014202070E178C8070DD0A07D02280AD06278022AB0
:200BA00004D00328A1D035E00920F0E708B1012837D1C80713D0A07D02281DD00020009030
:200BC000D4E9062133460EA8FFF777FC10220EA904F13C00FCF780FBC8B1042042E7D4E98E
:200BE0000912201D8DE8070004F12C0332460EA8616BFFF770FDE9E7606BC1F34401491EA5
:200C00000068C84000F0010040F08000D7E72078092806D185F800908DF8209036E3287072
:200C2000EFE30920FBE79EE1112899D1204600F08EFE0A2802D1E078C00704D1204600F084
:200C400086FE15288CD104F13C00102208F101010646FCF76EFB20780A2816D016202070FA
:200C6000D4E90932606B611D8DE80F0004F15C0304F16C0247310EA8FFF7C2FC10220EA92D
:200C80003046FCF729FB18B1F9E20B20207073E22046FFF7D7FDA078216AC0F110020B185A
:200CA00000211846FCF76FFB26E3394608A8FFF7A5FD06463CE20228B7D1204600F047FED1
:200CC000042804D3204600F042FE082809D3204600F03DFE0E2829D3204600F038FE1228E6
:200CE00024D2A07D0228A0D10E208DF82000686A0D9098F801008DF82400F5E3022894D163
:200D0000204600F024FE002810D0204600F01FFE0128F9D0204600F01AFE0C28F4D0042064
:200D20008DF8240098F801008DF8250060E21128FCD1002CFAD020781728F7D16178606A4F
:200D4000022912D05FF0000101EB4101182606EBC1011022405808F10101FCF7EAFA042057
:200D6000696A00F0E7FD2670F0E50121ECE70B28DCD1002CDAD020781828D7D16078616A93
:200D800002281CD05FF0000000EB4002102000EBC2000958B8F8010008806078616A02287D
:200DA0000FD0002000EB4002142000EBC2000958404650F8032F0A604068486039E00120D1
:200DC000E2E70120EEE71128B0D1002CAED020781928ABD16178606A022912D05FF000019B
:200DE00001EB41011C2202EBC1011022405808F10101FCF79EFA0420696A00F09BFD1A20CF
:200E0000B6E00121ECE7082890D1002C8ED020781A288BD1606A98F80120017862F3470165
:200E20000170616AD8F8022041F8012FB8F8060088800420696A00F07DFD90E2072011E66C
:200E40003878012894D1182204F114007968FCF770FAE079C10894F82F0001EAD001E078E2
:200E600061F30000E070217D002974D12178032909D0C00725D0032028708DF82090686AA6
:200E80000D90412008E3607DA178884201D90620E8E502262671E179204621F0E001E17119
:200EA000617A21F0F0016172A17A21F0F001A172FFF7C8FC2E708DF82090686A0D9007202F
:200EC000EAE20420ABE6387805289DD18DF82000686A0D90B8680A900720ADF824000A98E6
:200EE0008DF830B06168016021898180A17A817104202070F8E23978052985D18DF8201033
:200F0000696A0D91391D09AE0EC986E80E004121ADF824108DF830B01070A88CD7F80C8051
:200F200080B24026A769FFF70EFA41463A463346C846CDF80090FEF72CFE002108A8FFF742
:200F40005DFCE07820F03E00801CE0702078052802D00F200CE04AE1A07D20B1012802D0E0
:200F6000032802D002E10720BEE584F80080EDE42070EBE4102104F15C0002F0E8FB606B79
:200F8000B0BBA07D18B1012801D00520FDE006202870F8486063A063C2E23878022894D15D
:200FA000387908B12875B7E3A07D022802D0032805D022E0B8680028F5D060631CE06078D1
:200FC000012806D0A07994F82E10012805D0E94806E0A17994F82E00F7E7B8680028E2D06E
:200FE0006063E078C00701D0012902D0E14803E003E0F8680028D6D0A06306200FE68DF882
:201000002090696A0D91E1784846C90709D06178022903D1A17D29B1012903D0A17D032908
:2010200000D00720287033E138780528BBD1207807281ED084F800A005208DF82000686A37
:201040000D90B8680A90ADF824A08DF830B003210170E178CA070FD0A27D022A1AD0002177
:201060000091D4E9061204F15C03401CFFF725FA6BE384F80090DFE7D4E90923211D8DE889
:201080000E0004F12C0304F15C02401C616BFFF722FB5AE3626BC1F34401491E1268CA40A2
:2010A00002F0010141F08001DAE738780528BDD18DF82000686A0D90B8680A90ADF824A027
:2010C0008DF830B0042100F8011B102204F15C01FCF72FF9002108A8FFF790FB20780928B8
:2010E00001D0132044E70A2020709AE5E078C10742D0A17D012902D0022927D038E0617829
:2011000008A8012916D004F16C010091D4E9061204F15C03001DFFF7BBFA0A202870032640
:201120008DF82080686A0D90002108A8FFF766FBE1E2C7E204F15C010091D4E9062104F1CB
:201140006C03001DFFF7A4FA0026E9E7C0F3440114290DD24FF0006101EBB0104FEAB060D0
:20116000E0706078012801D01020BDE40620FFE6607801283FF4B6AC0A2050E5E178C90753
:2011800008D0A17D012903D10B202870042030E028702EE00E2028706078616B012818D043
:2011A00004F15C0304F16C020EA8FFF7E1FA2046FFF748FBA0780EAEC0F110023044002126
:2011C000FCF7E1F806208DF82000686A09960D909BE004F16C0304F15C020EA8FFF7C8FACA
:2011E000E8E73978022903D139790029D0D0297592E28DF82000686A0D9056E538780728B5
:20120000F6D1D4E909216078012808D004F16C00CDE90002029105D104F16C0304E004F188
:201220005C00F5E704F15C0304F14C007A680646216AFFF763F96078012822D1A078216A3F
:20124000C0F110020B1800211846FCF79CF8D4E90923606B04F12D018DE80F0004F15C03F3
:2012600000E05BE204F16C0231460EA8FFF7C8F910220EA904F13C00FCF72EF808B10B20F3
:20128000ACE485F8008000BF8DF82090686A0D908DF824A009E538780528A9D18DF820002B
:2012A000686A0D90B8680A90ADF824A08DF830B080F80080617801291AD0D4E9092104F176
:2012C0002D03A66B03910096CDE9013204F16C0304F15C0204F14C01401CFFF791F90021C4
:2012E00008A8FFF78BFA6078012805D015203FE6D4E90912631DE4E70E20287006208DF8FF
:201300002000686ACDF824B00D90A0788DF82800CBE438780328C0D1E079C00770D00F2036
:201320002870072065E7387804286BD11422391D04F11400FBF7FDFF616A208CA1F80900EE
:20134000616AA078C871E179626A01F003011172616A627A0A73616AA07A81F824001620F7
:201360005DE485F800A08DF82090696A50460D9192E0000022B201003878052842D1B8687C
:20138000A8616178606A022901D0012100E0002101EB4101142606EBC1014058082102F0B4
:2013A000D6F96178606A022901D0012100E0002101EB410106EBC101425802A8E169FFF737
:2013C0000BFA6078626A022801D0012000E0002000EB4001102000EBC1000223105802A908
:2013E0000932FEF7EEFF626AFD4B0EA80932A169FFF7E1F96178606A022904D0012103E04A
:2014000044E18DE0BFE0002101EB4101182606EBC101A27840580EA9FBF78BFF6178606AD3
:20142000022901D0012100E0002101EB410106EBC1014158A0780B18C0F110020021184696
:20144000FBF7A1FF05208DF82000686A0D90A8690A90ADF824A08DF830B0062101706278D6
:20146000616A022A01D0012200E0002202EB420206EBC202401C89581022FBF75AFF0021BE
:2014800008A8FFF7BBF91220C5F818B028708DF82090686A0D900B208DF8240005E4387892
:2014A000052870D18DF82000686A0D90B8680A900B20ADF824000A98072101706178626A1C
:2014C000022901D0012100E0002101EB4103102101EBC30151580988A0F801106178626A54
:2014E000022902D0012101E02FE1002101EB4103142101EBC30151580A6840F8032F496870
:20150000416059E01920287001208DF8300074E6162028708DF830B0002108A8FFF76EF98F
:20152000032617E114202870AEE6387805282AD18DF82000686A0D90B8680A90ADF824A01B
:201540008DF830B080F800906278616A4E46022A01D0012200E0002202EB42021C2303EB65
:20156000C202401C89581022FBF7E3FE002108A8FFF744F9152028708DF82060686A0D9020
:201580008DF8246039E680E0387805287DD18DF82000686A0D90B8680A90ADF82490092147
:2015A00001706169097849084170616951F8012FC0F802208988C18020781C28A8D1A1E721
:2015C000E078C00702D04FF0060C01E04FF0070C607802280AD000BF4FF0000000EB0401CC
:2015E00001F1090105D04FF0010004E04FF00100F4E74FF000000B78204413EA0C030B702E
:2016000010F8092F02EA0C02027004D14FF01B0C84F800C0D2B394F801C0BCF1010F00D048
:201620009BB990F800C0E0465FEACC7C04D028F001060670102606E05FEA887C05D528F093
:201640000206067013262E70032694F801C0BCF1020F00D092B991F800C05FEACC7804D03C
:201660002CF001060E70172106E05FEA8C7805D52CF002060E701921217000260078D0BBEE
:20168000CAB3C3BB1C20207035E012E002E03878062841D11A2015E4207801283CD00C2876
:2016A0003AD02046FFF7EBF809208DF82000686A0D9031E03878052805D0062038700326EA
:2016C0001820287046E005208DF82000696A0D91B9680A910221ADF8241001218DF830103A
:2016E0000A990870287D4870394608A8FFF786F8064618202870012E0ED02BE001208DF8F5
:201700002000686A0D9003208DF82400287D8DF8250085F814B012E0287D80B11D20207049
:20172000172028708DF82090686A0D9002208DF82400394608A8FFF761F806460AE00CB1FA
:20174000FE2020709DF8200020B1002108A8FFF755F80CE413B03046BDE8F08F2DE9F043AB
:2017600087B00C464E6900218DF8041001202578034602274FF007094FF0050C85B1012D3C
:2017800053D0022D39D1FE2030708DF80030606A059003208DF80400207E8DF8050063E004
:2017A0002179012925D002292DD0032928D0042923D1B17D022920D131780D1F042D04D3DC
:2017C0000A3D032D01D31D2917D12189022914D38DF80470237020899DF80410884201E04B
:2017E0001AB2010018D208208DF80000606A059057E070780128EBD0052007B0BDE8F0832F
:201800001D203070E4E771780229F5D131780C29F3D18DF80490DDE7083402F804CB94E846
:201820000B0082E80B000320E7E71578052DE4D18DF800C0656A0595956802958DF81010DC
:2018400094F80480B8F1010F13D0B8F1020F2DD0B8F1030F1CD0B8F1040FCED1ADF804700A
:201860000E202870207E687000216846FEF7C6FF0CE0ADF804700B202870207E002100F02C
:201880001F0068706846FEF7B9FF37700020B4E7ADF804708DF8103085F800C0207E687003
:2018A000277011466846FEF7A9FFA6E7ADF804902B70207F6870607F00F00100A870A07F10
:2018C00000F01F00E870E27F2A71C0071CD094F8200000F00700687194F8210000F00700D2
:2018E000A87100216846FEF789FF2868F062A8883086A87986F83200A069407870752879A3
:20190000B0700D203070C1E7A9716971E9E700B587B004280CD101208DF800008DF804004A
:20192000002005918DF8050001466846FEF766FF07B000BD70B50C46054602F0EFF92146A1
:201940002846BDE870407823002202F03DB908B1007870470C20704770B50C0005784FF067
:2019600000010CD021702146F1F757FC69482178405D884201D1032070BD022070BDF1F74D
:201980004CFC002070BD0279012A05D000220A704B78012B02D003E0042070470A758A61B2
:2019A00002799300521C0271C15003207047F0B587B00F4605460124287905EB800050F853
:2019C000046C7078411E02290AD252493A46083901EB8000314650F8043C284698470446EB
:2019E0000CB1012C11D12879401E10F0FF00287101D00324E0E70A208DF80000706A0590A7
:201A0000002101966846FFF7A7FF032CD4D007B02046F0BD70B515460A4604462946104648
:201A2000FFF7C5FF064674B12078FE280BD1207C30B100202870294604F10C00FFF7B7FF90
:201A40002046FEF71CFF304670BD704770B50E4604467C220021FBF796FC0225012E03D087
:201A6000022E04D0052070BD0120607000E065702046FEF704FFA575002070BD28B1027C4E
:201A80001AB10A4600F10C01C4E70120704710B5044686B0042002F041F92078FE2806D081
:201AA00000208DF8000069462046FFF7E7FF06B010BD7CB50E4600218DF8041041780129EB
:201AC00003D0022903D0002405E0046900E044690CB1217C89B16D4601462846FFF753FFEE
:201AE000032809D1324629462046FFF793FF9DF80410002900D004207CBD04F10C05EBE735
:201B000030B40C460146034A204630BC024B0C3AFEF751BE60B201001AB2010070B50D46BA
:201B2000040012D08DB1220100212846FBF72BFC102255492846FBF7FCFB53480121083892
:201B4000018044804560002070BD012070BD70B54D4E00240546083E10E07068AA7B00EBB3
:201B60000410817B914208D1C17BEA7B914204D10C222946FBF7B0FB30B1641C3088844247
:201B8000EBDB4FF0FF3070BD204670BD70B50D46060006D02DB1FFF7DAFF002803DB401CEE
:201BA00014E0102070BD384C083C20886288411C914201D9042070BD6168102201EB001028
:201BC0003146FBF7B6FB2088401C20802870002070BD2D480838008870472B490839088829
:201BE000012802D0401E08800020704770B514460D0018D0BCB10021A170022802D01028E6
:201C000011D105E0288870B10121A170108008E02846FFF79CFF002805DB401CA070A889DD
:201C20002080002070BD012070BD70B5054614460E000BD000203070A878012808D005D9F7
:201C40001149A1F108010A8890420AD9012070BD24B1287820702888000A507002200870E1
:201C60000FE064B14968102201EB001120461039FBF75FFB287820732888000A6073102095
:201C80003070002070BD0000880000202DE9F04190460C4607460025C2EB4811FE48072F4C
:201CA00000EB410607D2DFE807F00707070704040400012500E0FFDF06F81470002D13D0BD
:201CC000F5487C3000EB880191F827001F2803D006EB4000447001E081F8264006EB440201
:201CE0001F20507081F82740BDE8F081F0B51F4614460E4605461F2A00D1FFDFE648C7EB14
:201D0000471100EB410CE4490CEB44007C3101EB87021F2E07D00CEB460140784B78487014
:201D200018461F210AE092F82530407882F82500F6E701460CEB410005704078A142F8D1B0
:201D400092F827401F2C03D00CEB4404637001E082F826300CEB41041F23637082F82710AF
:201D6000F0BD30B50D46CD4B44190022181A72EB020100D2FFDFCA48854200DDFFDFC84801
:201D80004042854200DAFFDFC448401C844207DA002C01DB204630BDC048401C201830BD4F
:201DA000BE48C043FAE710B504460168407ABD4A52F82020114450B10220084420F07F40E3
:201DC000F8F759FD94F90810BDE81040C9E70420F3E72DE9F047B04E7C3696F82D50DFF897
:201DE000B89206EB850090F8264036E0C5EB451109EB41074FF0070817F81400012806D06D
:201E000004282ED005282ED0062800D0FFDF01F045F9014607EB4400427806EB850080F83D
:201E2000262090F82720A24202D11F2280F82720084601F03EF92A4621460120FFF726FF4D
:201E40009948414600EB041002682046904796F82D5006EB850090F826401F2CC6D1BDE87E
:201E6000F087022000E003208046D0E710B58A4C1F217C3484F8251084F8261084F82710A8
:201E8000002084F8280084F82D0084F82E10411EA16044F8100B2074607420736073A07383
:201EA0008249E07720750870487000217A4A103C02F81100491CC9B21F29F9D30120F8F7FB
:201EC000CAFB0020F8F7C7FB012084F82200F9F737F87748F9F749F8744CA41E20707548CF
:201EE000F9F743F86070BDE81040F8F741BB10B5F8F763FB6D4CA41E2078F9F74FF86078D3
:201F0000F9F74CF8BDE8104001F000B91F2070470020F8F779BB70B5054601240E46AC40E0
:201F20005AB1FFF7F5FF0146634800EBC500C0F81015C0F81465614801E06048001D046049
:201F400070BD2DE9F34F544D00247C3505EB810A89B09AF825001F2823D0611E0291524934
:201F6000009401EB0017391D03AB07C983E8070005F11400A0460189ADF81C10807A8DF8BA
:201F80001E009DF81500C8B10226464951F820400399A219114421F07F41019184B1022139
:201FA0000FE00120F8F757FB0020F8F754FBF8F722FB01F0ABF885F82F40A9E00426E4E768
:201FC00000218DF81810022801D0012820D1039801190998081A801C9DF81C1020F07F407A
:201FE00001B10221353181420BD203208DF815000398C4F13201401A20F07F4032240390B4
:202000000CE095F8240018B901F063FA002863D0322C03D214B101F06DF801E001F076F81B
:20202000224A107818B393465278039B121B00219DF81840994601281AD0032818D0002040
:202040008DF81E00002A04DD981A039001208DF818009DF81C0000B102210398184A20F03D
:202060007F40039003AB099801F05CF810B110E00120E5E79DF81D0018B99BF8000003289B
:2020800029D08DF81C80CDF80C908DF818408DF81E809DF8180015E0DC080020FF7F841EFF
:2020A0000020A10770B20100EC0600209A000020773A0100D31D010000F0014004F501405B
:2020C000FFFF3F0058B103980123811900221846F8F714FB06E000200BB0BDE8F08F0120DD
:2020E000F8F7B9FA97F90C20012300200199F8F705FBF87BC00701D0F8F7E9FB012085F839
:202100002F008AF8288020226946FE48FBF711F90120E1E72DE9F05FDFF8E883064608EB64
:20212000860090F825501F2D21D0A8F17C01C6EB46102C4601EB4007A1F5F879DFF8C8B3C4
:2021400005E0A24607EB4A0044781F2C0AD0F8F720FB09EB04135A4601211B1D00F0E2FFB5
:202160000028EED0AC4202D0334652461EE0E74808B1AFF30080F8F70CFB98F82F206AB1B0
:20218000D8F80C20411C891A0902CA1701EB12610912002902DD0020BDE8F09F3146FFF714
:2021A000D0FE08B10120F7E733462A461F210420FFF79CFDEFE72DE9F041D24C2569F8F705
:2021C000E8FA401B0002C11700EB1160001200D4FFDF94F8220000B1FFDF012784F8227055
:2021E00094F82E001F2800D1FFDF94F82E601F2084F82E00002584F82F5084F8205084F8A4
:202200002150C34825600078022835D0032833D000202077A068401C05D04FF0FF30A0608A
:202220000120F8F718FA0020F8F715FAF8F711FBF8F709FBF8F7DFF908F0C6F8B548056091
:2022400005604FF0E0214FF40040B846C1F88002F0F7B5FE94F82D703846FFF75BFF002864
:20226000FAD0A849C7EB47107C3901EB400010F81600022802D006E00120CAE73A463146F0
:202280000620FFF703FD84F8238004EB870090F826001F2804D09E48801E4078F8F784FE17
:2022A000207F002803D0F8F7C4FA257765771BE5944910B591F82D20924B0024C2EB4211E6
:2022C0007C3B03EB410100BF11F814302BB1641CE4B21F2CF8D31F2010BD8F4901EB04111E
:2022E00008600020C87321460120FFF7CFFC204610BD10B5012801D0032800D181B3814AE5
:2023000092F82D307F4C0022C3EB43137C3C04EB430300BF13F812400CB1082010BD521CBC
:20232000D2B21F2AF6D37A4A48B1022807D0072917D2DFE801F01606080A0C0E10000021FF
:202340000AE01B2108E03A2106E0582104E0772102E0962100E0B52151701070002010BDBC
:20236000FFE70720FBE76A4810B54078F8F783FA80B2F4E710B51F2815D2624991F82D2052
:20238000C2EB4213A1F17C0202EB430414F810304BB191F82D30C3EB431302EB430212F889
:2023A0001020012A01D00020D9E791F82D2001460020FFF76BFC0120D1E710B5F8F7E9F908
:2023C000BDE81040F8F757BA2DE9F0410E464D4F01781F257C3FC3EB43130C4607EB4303CB
:2023E00003E0254603EB45046478944202D01F2CF7D108E01F2C06D0A14206D103EB4101CE
:202400004978017007E000206EE403EB440003EB450140784870414F7EB127B1002140F271
:202420002D40AFF300803078A04206D127B100214FF48660AFF30080357027B1002140F298
:202440003540AFF3008001204EE410B542680B689A1A1202D41702EB1462121216D4497AC9
:2024600091B1427A82B92E4A006852F82110126819441044001D891C081A0002C11700EBF4
:2024800011600012322801DB012068E7002066E72DE9F0478146204EC1EB411006F5F871C3
:2024A0009846144601EB400713E000BF06EB0415291D4846FFF7C9FF68B988F80040A97B5E
:2024C00099F80A00814201D80020C8E407EB440044781F2CEAD10120C1E42DE9F047824626
:2024E00008480E4600EB8600DFF82C8090F825401F201070C1EB46109946154608F5F871F6
:2025000010E0000058090020FFFF3F00000000009A00002000F50040EC060020000000000C
:2025200070B2010001EB40070BE000BF08EB04105146001DFFF789FF28B107EB44002C70B7
:2025400044781F2CF2D1297889F800104B46224631465046BDE8F0479AE72DE9FC410E4675
:2025600007460024FE4D08E09DF8000005EB00108168384600F0EAFD01246B4601AA3146EC
:202580003846FFF7AAFF0028EED02046BDE8FC8170B50446C0EB44110125F248A54300EB0E
:2025A0004101C5EB451200EB42003E22FAF7C1FEED4E26B100214FF49360AFF30080E948D9
:2025C0007C3000EB850100EB8400D0F82500C1F8250026B1002140F29C40AFF3008028460E
:2025E00070BD8A4203D003460520FFF77FBB1F2908D0DC4AC0EB401002EB400000EB4100D7
:2026000040787047D7497C3101EB800090F825007047D34901EB0010001DFFF7C4BB7CB5D3
:202620001D46134604460E4600F1080221461846F8F72EF994F908000F2804DD1F382072D4
:202640002068401C206096B10220C84951F82610461820686946801B20F07F40206094F911
:2026600008002844C01C1F2803DA012009E00420EBE701AAF8F70CF99DF8040010B1009855
:20268000401C00900099206831440844C01C20F07F4060607CBDFEB50C460646097860791D
:2026A000907220791F461546507279B1217900222846A368FFF7B3FFAA4928467C3191F85F
:2026C0002E201F2A0AD00969491D0DE0D4E90223217903B02846BDE8F040A0E7A44949781D
:2026E000052900D20521314421F07F4100F02EFD39462846FFF731FFD4E902322179684607
:20270000FFF78DFF2B4600213046019A00F00AFD002806D103B031462846BDE8F04000F041
:2027200015BDFEBD2DE9FE4F814600F0CBFC38B15FF0000799F8000020B10020BDE8FE8F38
:202740000127F7E7874D884C4FF0000A7C3524B1002140F2FF40AFF3008095F82D8085F891
:2027600023A0002624B1002140F20450AFF300801FB94046FFF70CFF804624B1002140F285
:202780000C50AFF30080F8F704F843466A464946FFF781FF24B1002140F21250AFF30080E6
:2027A00095F82E001F280CD029690098401A0002C21700EB1260001203D5684600F0C6FC35
:2027C000012624B1002140F21C50AFF3008095F823000028BBD124B1002140F22250AFF37C
:2027E0000080F7F7D6FF6B46624A002100F09AFC0028A3D027B941466846FFF7AEFE0643F7
:2028000026B16846FFF7CFFAC9F8080024B1002140F23550AFF3008001208FE72DE9F04FF0
:2028200089B08B46824600F04DFC4E4C7C3428B39BF80000002710B1012800D0FFDF4A4D7F
:2028400025B1002140F2F750AFF300804449012001EB0A18A94607905FEA090604D0002157
:2028600040F2FF50AFF30080079800F022FC94F82D50002084F8230067B119E094F82E0075
:2028800001271F2800D1FFDF9BF800000028D6D0FFDFD4E72846FFF77BFE054626B1002100
:2028A00040F20960AFF3008094F823000028D3D126B1002140F21360AFF30080F7F769FFCB
:2028C0002B4602AA59460790FFF7E5FE98F80F005FEA060900F001008DF8130004D0002157
:2028E00040F21D60AFF300803B462A4602A9CDF800A0079800F035FC064604EB850090F8FE
:2029000028000090B9F1000F04D0002140F22460AFF3008000F0C2FB0790B9F1000F04D0A8
:20292000002140F22A60AFF3008094F82300002892D1B9F1000F04D0002140F23260AFF34A
:2029400000800DF1080C9CE80E00C8E90112C8F80C30BEB35FEA090612D000210CE00000DB
:20296000EC060020DC0800200000000070B201009A000020FFFF3F0040F23F60AFF3008034
:202980000098B84312D094F82E001F280ED126B1002140F24460AFF300802846FFF7BAFBD9
:2029A00020B99BF80000D8B3012849D0B9F1000F04D0002140F26160AFF30080284600F0BD
:2029C00066FB01265FEA090504D0002140F26A60AFF30080079800F06CFB25B1002140F2E6
:2029E0006E60AFF300808EB194F82D0004EB800090F826001F2809D025B1002140F27560B4
:202A0000AFF30080F9484078F8F7CEFA25B1002140F27A60AFF3008009B03046BDE8F08F6C
:202A2000FFE7B9F1000F04D0002140F24C60AFF3008094F82D2051460420FFF727F9C0E7B1
:202A4000002E3FF409AF002140F25760AFF3008002E72DE9F84FE64D814695F82D004FF0F8
:202A60000008E44C4FF0010B474624B100214FF4D160AFF30080584600F01BFB85F8237006
:202A800024B1002140F28D60AFF3008095F82D00FFF77EFD064695F8230028B1002CE4D01F
:202AA000002140F293604DE024B1002140F29760AFF30080CE49C6EB46107C3901EB400162
:202AC00011F81900032856D1334605EB830A4A469AF82500904201D1012000E000200090F0
:202AE0000AF125000021FFF76FFC01460098014203D001228AF82820AF77E1B324B10021A2
:202B000040F29C60AFF30080324649460120FFF7BDF89AF828A024B1002140F2A760AFF367
:202B2000008000F0BBFA834624B1002140F2AC60AFF3008095F8230038B1002C95D0002106
:202B40004FF4D660AFF300808FE7BAF1000F07D095F82E001F2803D13046FFF7DBFAE0B12B
:202B600024B1002140F2C460AFF30080304600F08EFA4FF0010824B1002140F2CD60AFF3BA
:202B80000080584600F095FA24B1002140F2D160AFF300804046BDE8F88F002CF1D000215D
:202BA00040F2BF60AFF30080E6E70120F7F72CBD8E48007870472DE9F0418D4C94F82E00FE
:202BC0001F2821D194F82D6004EB860797F825501F2D00D1FFDF8649C6EB46107C3901EBB1
:202BE000400000EB4500407807F8250F0120F87084F82300294684F82E50324602202234F9
:202C0000FFF744F8002020701EE42DE9F0417A4E774C012538B1012821D0022879D0032837
:202C20007DD0FFDF10E400F065FAFFF7C4FF207E00B1FFDF84F821500020F7F70CFDA16833
:202C4000481C04D0012300221846F7F757FD14F82E0F217806EB01110A68012154E0FFF7B3
:202C6000AAFF0120F7F7F7FC94F8210050B1A068401C07D014F82E0F217806EB01110A6869
:202C8000062141E0207EDFF86481002708F10208012803D002281ED0FFDFB5E7A777F7F7CE
:202CA000C8FD98F80000032801D165772577607D524951F8200094F8201051B948B16168E1
:202CC0000123091A00221846F7F718FD022020769AE7277698E784F8205000F00BFAA07FD5
:202CE00050B198F8010061680123091A00221846F7F704FD257600E0277614F82E0F2178C9
:202D000006EB01110A680021BDE8F041104700E005E036480078BDE8F041F8F745B9FFF77C
:202D20004AFF14F82E0F217806EB01110A680521EAE710B52E4C94F82E001F2800D1FFDF0D
:202D400014F82E0F21782C4A02EB01110A68BDE81040042110477CB5254C054694F82E0092
:202D60001F2800D1FFDFA068401C00D0FFDF94F82E00214901AA01EB0010694690F90C003C
:202D80002844F7F785FD9DF904000F2801DD012000E00020009908446168084420F07F41BD
:202DA000A16094F82100002807D002B00123BDE8704000221846F7F7A1BC7CBD30B5104AF8
:202DC0000B1A541CB3EB940F1ED3451AB5EB940F1AD3934203D9101A43185B1C14E0954225
:202DE00010D9511A0844401C43420DE0980000205809002000000000EC06002070B20100F7
:202E0000FF7F841EFFDF0023184630BD0123002201460220F7F772BC0220F7F71CBCF7F7A5
:202E2000B8BC2DE9FE4FF24C05468A4694F82E001F2800D1FFDFEE4E94F82E10A046204660
:202E4000A6F51B7202EB01141F218DF8001090F82D10376900EB8101D8F8000091F8259093
:202E6000284402AA01A90C36F7F712FD9DF90800002802DD0198401C0190A0680199642DF3
:202E8000084453D3DB4B00225B1B72EB02014DD36168411A21F07F41B1F5800F46D220F030
:202EA0007F40706086F80AA098F82D1044466B464A463046FFF7ECFAB8B3A068401C10D0C2
:202EC000F7F767FCA168081A0002C11700EB1160001202282CDD0120F7F7BDFB4FF0FF30C6
:202EE000A06094F82D009DF800201F210F34FFF778FBA17FBE4AC1EB41117C3A02EB41016D
:202F0000E27F01EB4201487054F80F0C284444F80F0C012020759DF800001F2803D0B648DC
:202F20004078F8F741F8012008E401E0002005E47760FBE72DE9F047AD4C074694F82D00B5
:202F4000A4F17C06C0EB401006EB400010F8170000B9FFDF94F82D50A046A84C24B100219F
:202F600040F6E800AFF30080C5EB451040F6F40940F6FD0A06EB400616F81700012819D02E
:202F8000042811D005280FD006280DD01CB100214846AFF3008007F0EBFE002CECD0002186
:202FA0005046AFF30080E7E72A4639460120FEF76DFEF2E74FF0010A4FF00009454624B150
:202FC000002140F60410AFF30080504600F071F885F8239024B1002140F60910AFF30080DE
:202FE00095F82D00FFF7D4FA064695F8230028B1002CE4D0002140F60F101FE024B1002133
:2030000040F61310AFF3008005EB860000F1270133463A462630FFF7D7F924B1002140F665
:203020001710AFF3008000F039F8824695F8230038B1002CC3D0002140F61D10AFF3008060
:20304000BDE785F82D60012085F82300504600F030F8002C04D0002140F62A10AFF30080A0
:20306000BDE8F08730B5044661480D4690F82D005F49C0EB40107C3901EB400010F81400B4
:2030800000B9FFDF5E4800EB0410C57330BD584981F82D00012081F82300704710B55948AE
:2030A00008B1AFF30080EFF3108000F0010072B610BD10B5002804D1534808B1AFF30080A5
:2030C00062B610BD51480068C005C00D10D0103840B2002804DB00F1E02090F8000405E0F5
:2030E00000F00F0000F1E02090F8140D400970470820704710B53E4C94F82400002804D15C
:20310000F7F746FC012084F8240010BD10B5384C94F82400002804D0F7F763FC002084F813
:20312000240010BD10B51C685B68241A181A24F07F4420F07F40A14206D8B4F5800F03D2AE
:20314000904201D8012010BD002010BDD0E90032D21A21F07F43114421F07F41C0E900313F
:2031600070472DE9FC418446214815460F46C2EB45117C38089C00EB410616F8140001288A
:2031800004D0022802D00020BDE8FC813B46204A01216046FFF7C6FFF0B101AB6A46294643
:2031A0003846FFF79AF9B8B19DF804209DF800102846FFF716FA06EB440148709DF800004A
:2031C0001F280DD006EB400044702A4621460320FEF75CFD0120D7E72A4621460420F7E7E6
:2031E0000348012100EB850000F8254FC170ECE758090020FF1FA107980000200000000083
:20320000EC060020000000000000000004ED00E0FFFF3F002DE9F041044680074FF0000532
:203220004FF001060CD56B480560066000F0DEF920B16948016841F48061016024F00204A6
:20324000E0044FF0FF3705D564484660C0F8087324F48054600003D56148056024F08044AC
:20326000E0050FD55F48C0F80052C0F808735E490D60091D0D605C4A04210C321160066119
:2032800024F48074A00409D558484660C0F80052C0F808735648056024F40054C4F3803047
:2032A000C4F3C031884200D0FFDF14F4404F14D050484660C0F808734F488660C0F800527B
:2032C000C0F808734D490D600A1D16608660C0F808730D60166024F4404420050AD54848EF
:2032E00046608660C0F80873C0F848734548056024F4006407F042F84348044200D0FFDF7E
:20330000BDE8F081F0B50022202501234FEA020420FA02F1C9072DD051B2002910DB00BF78
:203320004FEA51174FEA870701F01F0607F1E02703FA06F6C7F88061BFF34F8FBFF36F8F37
:203340000CDB00BF4FEA51174FEA870701F01F0607F1E02703FA06F6C7F8806204DB01F1DF
:20336000E02181F8004405E001F00F0101F1E02181F8144D02F10102AA42C9D3F0BD10B5EC
:20338000224C20600846F7F71CFC2068FFF742FF2068FFF7B7FF06F031FC00F088F906F06E
:2033A000EDFF06F02CFFF7F7CBFDBDE8104006F0D9BC10B5154C2068FFF72CFF2068FFF77D
:2033C000A1FF06F0DBFFF7F7FBFC0020206010BD0A207047FC1F00403C17004000C000405C
:2033E00004E50140008000400485004000D0004004D5004000E0004000F0004000F500406C
:2034000000B0004008B50040FEFF0FFD9C00002070B526490A680AB30022154601244B68E2
:203420005B1C4B600C2B00D34D600E7904FA06F30E681E420FD0EFF3108212F0010272B6DF
:2034400000D001220C689C430C6002B962B649680160002070BD521C0C2AE0D3052070BDDF
:203460004FF0E0214FF48000C1F800027047EFF3108111F0010F72B64FF0010202FA00F2FB
:203480000A48036842EA0302026000D162B6E7E706480021016041607047012181400348CF
:2034A0000068084000D0012070470000A000002001208107086070470121880741600021B9
:2034C000C0F8001118480170704717490120087070474FF08040D0F80001012803D01248CD
:2034E0000078002800D00120704710480068C00700D0012070470D480C300068C00700D0C5
:20350000012070470948143000687047074910310A68D20306D5096801F00301814201D171
:203520000120704700207047A8000020080400404FF08050D0F830010A2801D000207047E6
:203540000120704700B5FFF7F3FF20B14FF08050D0F8340108B1002000BD012000BD4FF066
:203560008050D0F83001062803D0401C01D000207047012070474FF08050D0F830010D2868
:2035800001D000207047012070474FF08050D0F83001082801D000207047012070474FF0B4
:2035A0008050D0F83001102801D0002070470120704700B5FFF7F3FF30B9FFF7DCFF18B962
:2035C000FFF7E3FF002800D0012000BD00B5FFF7C6FF38B14FF08050D0F83401062803D3D4
:2035E000401C01D0002000BD012000BD00B5FFF7B6FF48B14FF08050D0F83401062803D37A
:20360000401C01D0012000BD002000BD00210170084670470146002008707047EFF3108122
:2036200001F0010172B60278012A01D0012200E000220123037001B962B60AB100207047D9
:203640004FF400507047E9E7EFF3108111F0010F72B64FF00002027000D162B60020704731
:20366000F2E700002DE9F04115460E460446002700F0EBF8A84215D3002341200FE000BF33
:2036800094F84220A25CF25494F84210491CB1FBF0F200FB12115B1C84F84210DBB2AB424A
:2036A000EED3012700F0DDF83846BDE8F081724910B5802081F800047049002081F8420097
:2036C00081F84100433181F8420081F84100433181F8420081F841006948FFF797FF684871
:2036E000401CFFF793FFF7F7B3FBBDE8104000F0B8B840207047614800F0A7B80A4601464F
:203700005E48AFE7402070475C48433000F09DB80A46014659484330A4E7402101700020D2
:20372000704710B504465548863000F08EF82070002010BD0A460146504810B58630FFF7DD
:2037400091FF08B1002010BD42F2070010BD70B50C460646412900D9FFDF4A480068103805
:2037600040B200F054F8C5B20D2000F050F8C0B2854201D3012504E0002502E00DB1F7F775
:20378000AAFB224631463D48FFF76CFF0028F5D070BD2DE9F0413A4F0025064617F1040751
:2037A00057F82540204600F041F810B36D1CEDB2032DF5D33148433000F038F8002825D0BA
:2037C0002E4800F033F8002820D02C48863000F02DF800281AD0F7F754FB2948FFF71EFF2E
:2037E000B0F5005F00D0FFDFBDE8F0412448FFF72BBF94F841004121265414F8410F401C94
:20380000B0FBF1F201FB12002070D3E74DE7002804DB00F1E02090F8000405E000F00F0026
:2038200000F1E02090F8140D4009704710F8411F4122491CB1FBF2F302FB13114078814291
:2038400001D1012070470020704710F8411F4078814201D3081A02E0C0F141000844C0B27C
:20386000704710B50648FFF7D9FE002803D1BDE81040F7F7F1BA10BD0DE000E088090020DC
:20388000AC00002004ED00E070B5154D2878401CC4B26878844202D000F0DBFA2C7070BD8C
:2038A0002DE9F0410E4C4FF0E02600BF00F0C6FA07F05EFA40BF20BF677820786070D6F871
:2038C0000052EDF759FD854305D1D6F8040210B92078B842EAD000F0ACFA0020BDE8F08109
:2038E000BC0000202DE9F04101264FF0E02231034FF000084046C2F88011BFF34F8FBFF3AF
:203900006F8F204CC4F800010C2000F02EF81E4D2868C04340F30017286840F0100028609E
:20392000C4F8046326607F1C02E000BF07F020FAD4F800010028F9D01FB9286820F010004B
:203940002860124805686660C4F80863C4F800810C2000F00AF82846BDE8F08110B504463D
:20396000FFF7C0FF2060002010BD002809DB00F01F02012191404009800000F1E020C0F8A3
:203980008012704700C0004010ED00E008C500402DE9F047FF4C0646FF21A06800EB0612E5
:2039A00011702178FF2910D04FF0080909EB011109EB06174158C05900F0F4F9002807DDE3
:2039C000A168207801EB061108702670BDE8F08794F8008045460DE0A06809EB05114158EA
:2039E000C05900F0DFF9002806DCA068A84600EB08100578FF2DEFD1A06800EB061100EB85
:203A000008100D700670E1E7F0B5E24B0446002001259A680C269B780CE000BF05EB001778
:203A2000D75DA74204D106EB0017D7598F4204D0401CC0B28342F1D8FF20F0BD70B5FFF774
:203A4000EEF9D44C08252278A16805EB0212895800F0A8F9012808DD2178A06805EB011168
:203A60004058BDE87040FFF7D1B9FFF7A1F8BDE87040F7F799BA2DE9F041C64C2578FFF7C8
:203A8000CEF9FF2D6ED04FF00808A26808EB0516915900F087F90228A06801DD80595DE00E
:203AA00000EB051109782170022101EB0511425C5AB1521E4254815901F5800121F07F41FD
:203AC00081512846FFF764FF34E00423012203EB051302EB051250F803C0875CBCF1000F3B
:203AE00010D0BCF5007F10D9CCF3080250F806C00CEB423C2CF07F4C40F806C0C3589A1ACD
:203B0000520A09E0FF2181540AE0825902EB4C3222F07F428251002242542846FFF738FF42
:203B20000C21A06801EB05114158E06850F82720384690472078FF2814D0FFF770F92278ED
:203B4000A16808EB02124546895800F02BF9012893DD2178A06805EB01114058BDE8F0412B
:203B6000FFF754B9BDE8F081F0B51D4614460E460746FF2B00D3FFDFA00700D0FFDF85482C
:203B8000FF210022C0E90247C57006710170427082701046012204E002EB0013401CE15442
:203BA000C0B2A842F8D3F0BD70B57A4C064665782079854200D3FFDFE06840F8256060782F
:203BC000401C6070284670BD2DE9FF5F1D468B460746FF24FFF723F9DFF8B891064699F8F7
:203BE0000100B84200D8FFDF00214FF001084FF00C0A99F80220D9F808000EE008EB0113D5
:203C0000C35CFF2B0ED0BB4205D10AEB011350F803C0DC450CD0491CC9B28A42EED8FF2CFC
:203C200002D00DE00C46F6E799F803108A4203D1FF2004B0BDE8F09F1446521C89F80220E0
:203C400008EB04110AEB0412475440F802B00421029B0022012B01EB04110CD040F8012086
:203C60004FF4007808234FF0020C454513D9E905C90D02D002E04550F2E7414606EB4132CA
:203C800003EB041322F07F42C250691A0CEB0412490A81540BE005B9012506EB453103EB5E
:203CA000041321F07F41C1500CEB0411425499F800502046FFF76CFE99F80000A84201D076
:203CC000FFF7BCFE3846B4E770B50C460546FFF7A6F8064621462846FFF796FE0446FF28A9
:203CE0001AD02C4D082101EB0411A8684158304600F058F800F58050C11700EBD1404013EC
:203D00000221AA6801EB0411515C09B100EB4120002800DC012070BD002070BD2DE9F047CE
:203D200088468146FFF770FE0746FF281BD0194D2E78A8683146344605E0BC4206D02646F9
:203D400000EB06121478FF2CF7D10CE0FF2C0AD0A6420CD100EB011000782870FF2804D024
:203D6000FFF76CFE03E0002030E6FFF755F841464846FFF7A9FF0123A968024603EB041352
:203D8000FF20C854A878401EB84200D1A87001EB041001E0540A002001EB06110078087035
:203DA000104613E6081A0002C11700EB116000127047000010B5202000F07FF8202000F0F7
:203DC0008DF84D49202081F80004EDF7D3FA4B4908604B48D0F8041341F00101C0F80413EA
:203DE000D0F8041341F08071C0F80413424901201C39C1F8000110BD10B5202000F05DF821
:203E00003E480021C8380160001D01603D4A481E10603B4AC2F80803384B1960C2F80001BE
:203E2000C2F8600138490860BDE81040202000F055B834493548091F086070473149334816
:203E4000086070472D48C8380160001D521E026070472C4901200860BFF34F8F70472DE96C
:203E6000F0412849D0F8188028480860244CD4F800010025244E6F1E28B14046EDF7D4F9F7
:203E800040B9002111E0D4F8600198B14046EDF7CBF948B1C4F80051C4F860513760BDE8C4
:203EA000F041202000F01AB831684046BDE8F04106F068BFFFDFBDE8F08100280DDB00F0C9
:203EC0001F02012191404009800000F1E020C0F88011BFF34F8FBFF36F8F7047002809DBC8
:203EE00000F01F02012191404009800000F1E020C0F880127047000020E000E0C806024013
:203F000000000240180502400004024001000001454800210170417010218170704770B5EA
:203F2000054616460C460220F3F7F2FB3E490120F61E08703D4806603C4808380560001F28
:203F4000046070BD10B50220F3F7E2FB36490120087000F051F836494FF40000086010BDDA
:203F600010B5314C207888B131494FF40000091D086000F04AF8002120B1012060702D4859
:203F8000006801E061701020A0702170BDE810400020F3F7BDBB244810B5017859B126489D
:203FA000D0F8000128B100F030F8002800D0012010BD022010BD407810BD10B5C824641EBA
:203FC000E4B2FFF7E8FF022803D0012800D0002010BD002CF3D1FFDFF9E7134810B5017844
:203FE00041B100F012F818B112480068C0B210BD102010BD807810BD0F480021C0F8001108
:20400000C0F80411C0F8081170470B48D0F8001129B1D0F8041111B1D0F8080108B10020FC
:204020007047012070470000BE00002010F5004004F5014000F4004000F000404748002180
:2040400001704170704770B5064614460D460120F3F75EFB42480660001D0460001D056012
:2040600070BD70B53D4901250D7040EA02413C4A41F08071121F11603A4C0026C4F8046141
:20408000394A4FF04071116058B1012800D0FFDFC4F80062256034494FF00070091F0860FD
:2040A00070BDC4F80052256070BD2C48017871B12D4A4FF0407111602A49D1F804210021AA
:2040C0001AB12A4A1268427000E0417001700020F3F71EBB2148017841B12248D0F8040185
:2040E000002802D021480068C0B27047407870472DE9F04700282AD01848007800B9FFDF7F
:20410000184DD5F80401002821D10227C5F80473174C2068C04340F30016206840F01000F2
:2041200020604FF400484FF0E029761C04E000BFC9F8808206F01CFED5F804010028F7D063
:204140001EB9206820F010002060C5F80873BDE8F08704490120886070470000C10000201E
:2041600008F5004000F0004008F5014000F4004010ED00E010B541F6A474012802D002284A
:2041800002D0FFDF204610BD41F2883010BD38B5FE4D0024C5F80041C5F80C41C5F8104112
:2041A000C5F80441C5F81441C5F81841FFF70EFA08B1C5F82841F6480068009038BD70B5A8
:2041C000F44D00246C702C7000F0D2FD85F82540EC620922002105F11800AC63F9F7D3F8EF
:2041E000ED49601E0860091D0860091D0C60091D0860091D0C60091D0860091D0860091D21
:204200000860091D0860091D0860091D0860091D0860091D0860091D086070BDDF4800B5D9
:20422000016801F00F01032905D0006800F00F00042802D0FFDF012000BD022000BD00B55E
:20424000012802D0022800D0FFDF002000BD00B5012802D0022802D0FFDF282000BD1820E7
:2042600000BD10B5CB4902681839CA4C0A6342684A63007A81F83800207E50B1207FF9F7BA
:20428000C0F8A07E08B1012100E00021207FF9F7ADF8607E00280CD0607FF9F7B2F8E07E7F
:2042A00008B1012100E00021607FBDE81040F9F79DB810BD00F063BD10B500F060FDB3481F
:2042C000D0F80001002800D0FFDF10BD70B5012000F030FDB2480025056001260660FFF708
:2042E00085F9B04C18B1206840F480602060FFF736F928B12068AC4920F077000843206092
:20430000FFF764F938B1A748001D016821F47F4141F4B0510160A349A4483C310860FFF7DD
:2043200055F99C4C60B19D490220503184F821000860A0499E48086095481030091F0860C4
:204340004FF01020806C411C05D094497C310A6860F317420A60914940F25B602831086036
:20436000091F40F203100860081F06608B49032008608C48EC38066094F8211011B14FF45C
:20438000C02100E08C498B4A41F46021943A11608749884A091F083211607D490839121F10
:2043A0001160016821F440710160016841F480710160012000F0CFFC74491020C1F8040383
:2043C00084F83150E56270BD76483830016821F0010141F08071016070476E4A0368183A1B
:2043E000C2F81A308088D0836A4801727047694890F825007047674A517010707047F0B51F
:204400000546840061488B882044C0F820360B78D1F8011043EA0121C0F8001605F1080027
:204420000127604C07FA00F6FC3C52B1012A00D0FFDF2068304320602068AF4038432060B0
:20444000F0BD2068B043F6E706F0E8B8514890F832007047514AC1781432116000684F492C
:2044600000020C3108607047252807D0262807D0272807D00A2807D8042206E0022107E048
:204480001A2105E0502103E0062202EB4001C9B2424A083A116041494431086070473D48F5
:2044A000817A012917D0022914D1417E002911D0827F0121C37F01FA02F299400A433D4917
:2044C00094390A6090F820003C4A002102EB8000C0F810157047017EE8E72DE9F0472D4C41
:2044E000A17A01290BD0022975D1627E002A72D0012906D0677FE17E59B101260AE0227EDF
:20450000F4E7277FA17E09B1012600E00026112101E000262421DFF898804FF0010AA8F1C4
:204520004408C8F84CA0DFF898904518D9F80000A84200D3FFDF0021C8F84C11C9F800506C
:20454000380286F0010140EA015040F0031294F820101A4800EB8103C3F8102500EB8101FF
:20456000A27F184800EBC203C3F81415164DC3F81055E37F00EBC300C0F814150449083924
:20458000C0F810150AFA02F120E024E000100040181100407C0A0020000E00401015004031
:2045A000FC1F00403C170040880000802C000089448000409CF501400000040400600040D2
:2045C0004C85004000F001404C8100400AFA03F00143F9480160BDE8F0872DE9F0410E46F8
:2045E000F64907460320C1F80002F54C94F8210010B14FF4C02000E0F248EF4D286030462B
:2046000006F036F817B1012F0FD017E0FEF7DEFF10B1304600F0C9FB0120A072A06B40F479
:204620008010A0634FF4801007E00220A072A06B40F40010A0634FF400102860F6F744F9A2
:204640003146BDE8F04148E72DE9F05FDB4C074603200E469346C4F80002D94D95F8210023
:2046600010B14FF4C02100E0D649DFF84C93C9F80010104605F0FCFFDFF83C834FF0010AA9
:2046800008F1A808A7B3012F3ED0FFDFCE480660C949CE48A4310860A86B40F40020A863A8
:2046A000D4F800721025C4F808530020C4F80002C1494FF48028091DC1F8008004F50074D1
:2046C000FFF765FD2760C9F80080C4F80451E903C9F80010BE49C1F84CA0BB48001D0068B8
:2046E000B04200D3FFDF59463046BDE8F05FF4E6FFE7FEF76BFF10B1584600F056FBC8F88F
:20470000004085F80AA0C1E7AC49091DC8F800100220A872BAE72DE9F041A94C0646904664
:2047200094F831000F46002500B9FFDF16B1012E12D01DE094F83100012806D094F830203E
:204740004146384605F0A2FF10E094F830104246384605F0DCFF09E094F8310094F83010BA
:2047600001284246384609D005F0F8FFE16A4518424629463046BDE8F04165E705F0A8FF72
:20478000F4E708B5FF208DF800008C480021C0F810110121016104E09DF80010491E8DF816
:2047A00000109DF8001019B1D0F810110029F3D09DF80000002800D1FFDF08BD2DE9F0412D
:2047C0007E4CD4F8000220F00307D4F804034FF01008C0F30016C4F808830025C4F80052BA
:2047E000774890F8210010B14FF4C02000E07548714940F46020091D0860FFF750FEFFF79A
:20480000C0FFC4F81051FEF7E1FE08B1C4F8285100F0AEFAC4F80072002E01D0C4F80483F2
:20482000BDE8F081ADE700686A4920F07F400860704710B5012000F07DFABDE81040012062
:2048400000F089BA01465E4818221838F8F771BD4FF0E0210220C1F8000170475E4908709F
:2048600070475C4938390860704770B50546F6F72BF8534C2844E16A884200D8FFDF0120D5
:204880002074F6F721F82844606194F8211041B1084460614948D0F8001241F04001C0F800
:2048A00000124B490020C1F8440147496069091F0860BDE8704000F0A2BA70B5404C0646AD
:2048C00002200D462074FFF7A9FC024694F8310094F8301001281BD0304605F081FF6061A3
:2048E00094F8210048B16169084460613348D0F8001241F04001C0F8001235490020C1F853
:2049000044016169E06A08442F49091F086070BD2B46304605F037FFE1E727494FF48000B0
:20492000091D08602648816B21F4800181630021017470472A4A10B502EBC002274BC2F8B4
:204940001035C2F81415012181401B4801601C48826B0A43826310BD1D4801214160C160EF
:204960000021C0F844111848001F01601448C162704710B50446FEF729FE10B1104880F837
:2049800021401448243004600C48D0F8001241F04001C0F8001210BD084810B5D0F800127C
:2049A00021F04001C0F80012FEF710FE0949243100B10220086010BD04F50140001000409F
:2049C0007C0A0020000004044885004048810040008000403C150040C3000020041100408A
:2049E00000F00140F948D0F8001221F01001C0F80012012181617047F4480021C0F81C1182
:204A0000D0F8001241F01001C0F800127047EF4908B5D1F81C21012A01D0002008BDEC4AE7
:204A2000126802F07F02524202700020C1F81C01E84800680090012008BDF0B517460C0071
:204A4000064600D1FFDFE44DE0072F7302D0012C00D0FFDF46B102206872EC72012802D0A8
:204A6000022800D0FFDFF0BD0120F5E770B5DA4C0021E27A930703D5830701D5430713D4E9
:204A8000D30605D594F8333013B194F835305BB1130702D594F8243033B9520702D594F83A
:204AA00025200AB1C00700D00121607A012518B1A1B1BDE8704081E694F8210010B14FF4B5
:204AC000C02000E0C548C6490860C048D0F8001221F00301C0F80012E57270BD012803D051
:204AE000022808D0FFDF70BD00F042F9A5729621227B002006E000F03BF90220A072227B18
:204B000096210120BDE8704005E62DE9F05FDFF8D4B29BF80000042800D3FFDFB248D0F889
:204B20004C0108B1FFF7BBFCAB4CAD49A06B08604FF00008C4F8388000F06BF9DFF8AC923E
:204B40000546D9F80010A16294F8210008B1081AA062A648001F0068E062FFF75FFB84F819
:204B60003000A07ADFF868A2012184F83100AAF1440A022808D1607830B1DAF8002012781A
:204B800002402078904310D084F82480924EA807A6F1180605D5F5F797FEA16A081A316902
:204BA0008847E80704D0002709E084F82410EDE7A80701D5012702E0280707D50227F5F720
:204BC00083FEE16A7269081A394690479BF80000C0071CD1DAF800005746007800F00F0089
:204BE000072812D239680622A01C0931F8F774FB38B9207A39680978B0EBD11F01D101205A
:204C000000E0002084F8250001E084F825802846FFF72CFFE80701D030682FE0A80726D551
:204C200068071ED4FEF7D2FCD8B9FEF7DFFCC0B96748F4380168001F0068C0F3425CC0F3A7
:204C4000006700F00F03C0F30312C0F3032047B10BB102B128B921B1BCF1030F01D245F06C
:204C6000040545F380007168401C884709E0280701D5B06802E0E80602D5F068804700E0C3
:204C8000FFDFA07A02281BD1207C002818D0564AC2F8448102280FD0012800D0FFDFE16A10
:204CA0006069884200D8FFDFD4F81410C9F80010BDE8F05F00F0A3B86169E06A0144F5E776
:204CC000BDE8F09F70B5054641F2643441F66A06022806D0012D12D0022D0CD0FFDF30464F
:204CE00070BDFEF72FFC0028F6D1FEF738FC0028F2D141F6583441F29A00204470BD42F60B
:204D0000CE3070BD324808300168032904D00068022801D000207047012070472C4808308F
:204D200001680B2904D000680A2801D0002070470120704700280DDB00F01F0201219140D4
:204D40004009800000F1E020C0F88011BFF34F8FBFF36F8F7047002809DB00F01F0201211A
:204D600091404009800000F1E020C0F88012704719480021417281720121C172704730B58E
:204D800000240546012902D002290BD0FFDF184804430F4834380460164805430C48303894
:204DA000056030BD4FF08074F1E7094A4032116853060228D3F820031ED0C0F3062000BF61
:204DC00021F4FE4141EA00201060704700100040481500401C1100407C0A00200000040405
:204DE00008F50140C300002000800040448500400801100000000302C0F30660E0E735484E
:204E0000816B41F48001816333494FF480000860DBE7F8B52F4C314E0020217C19B1D6F8A7
:204E20004411012907D00023A27A2D49012A04D0022A0AD019E00123F6E7D1F80C01012869
:204E400001D0002011E008200FE0D1F80C01012806D0002223480068012803D0042002E08D
:204E60000222F7E7002010431843D1F81021012A2ED0002505431C48026812F0FF0F03D021
:204E8000D1F81421012A00D0002284F83220006810F0FF0F03D0D1F81801012800D00020E5
:204EA00084F833000F481030006884F83400FFF772F8012800D0002084F83500FFF767F914
:204EC0000020C6F844010948006800902846F8BD1025CFE77C0A002004F5014000800040B8
:204EE0000010004000140040401600404481004010B5444822220021F8F745FA41480024E2
:204F0000017821F010010170012104F04DFC3D494FF6FF70263981F8224088843A4908809B
:204F2000488010BDE4E7704700F05FB8354901607047354908807047324926398A8CA2F579
:204F40007F43FF3B02D00021016008E091F822202C492639012A02D0016001207047002024
:204F600070472848263810F8221F012908D00121017025482349263900888884012070472A
:204F8000002070472049488070471E491E4B26398A8C5B889A4205D191F8222012B1016089
:204FA00001207047002070471648174A2638818C5288914209D14FF6FF71818410F8221F8E
:204FC00019B10021017001207047002070470D480D4A2638818C5288914204D190F8220083
:204FE00008B10020704701207047064926398A8C824205D1002081F822004FF6FF70888470
:2050000070470000DE0A0020C400002070473D4A012338B1012804D11370086890608888B1
:205020009081704753700868C2F802008888D0807047344A10B1012807D00EE0507860B19C
:20504000D2F802000860D08804E0107828B1906808609089888001207047002070472949DD
:2050600010B1012802D005E0487800E0087808B1012070470020704730B50C4605468DB048
:205080004FF0030104F1030012B1FEF741FB01E0FEF75DFB60790D2220F0C00040F040006B
:2050A0006071002104A8F8F76EF9E0788DF81F0020798DF81E0060798DF81D0010222946A8
:2050C0006846F8F736F9684604F036FE9DF82F0020709DF82E0060709DF82D00A0700DB0B8
:2050E00030BD10B5002904464FF0060102D0FEF70FFB01E0FEF72BFB607920F0C0006071FE
:2051000010BD0000C8000020FE48406870472DE9F0410E46074601461446012004F011FD89
:20512000054697F86500FFF725F84AF2B12108444FF47A71B0FBF1F1788840F271225043B0
:20514000C1EB4000041BA4F2663402F0BBFD00B11E3CAE4201D2284600E03046A04204D220
:20516000AE4201D22C4600E034467C62BDE8F08130B502460020002914D0A2FB01104C0A4E
:2051800044EAC054400A641C40F100000021D4F1FF3240F2A175814100D2FFDF04F5F464B0
:2051A000B4FBF5F030BD2DE9FF4F8BB0044690F865008A460990DDE90D1008430890D2484F
:2051C0000026007800F004FE054694F88C0100F0FFFD284480B2009094F87D000D2804D0AF
:2051E000002007900D9810B131E00120F9E794F82C0103282BD1079848B3B4F8AE11514505
:2052000025D1D4F83401C4F82001608840F2E2414843C4F82401B4F87A01B4F806110844DB
:20522000C4F82801204602F057FDB4F8B201E08294F8B0016075B4F8B4016080B4F8B60166
:20524000A080B4F8B801E080022084F82C01D4F884010590D4F880010390B4F80681B4F8F9
:205260007811D4F8740106900D9820B194F8400100287DD108E004F580700290743004907A
:2052800004F5B075001D07E004F5AA700290001D049004F5A275001D0A90B4F87020AAEBFE
:2052A00002000FFA80F9AAEB010007B2002F05DAD4F87001069001204F46089092484FF0D3
:2052C000000B007970B3F5F7A1FC58B3B4F81801022827D394F82C01022823D094F8430104
:2052E00000BB94F88C0100F073FD00F5C86080B2009094F82C01012845D0608840F2E24167
:2053000048430099FFF734FF08EB0901CA1BD4F8341180B2431A02FB03BBC4F834010120F1
:2053200084F8430194F82C0100286DD001287DD002287CD003287BD0FFDF00BFA6EB0B01F3
:205340000698FCF70EFD0499012640F2712208600A990020A1F800A028702E710498006889
:20536000A8606088D4F834115043C1EB400000E0BFE16549A0F23630C861896981427DD953
:20538000029908607BE194F88000032833D00121002004F0CDF8E18A40F27122514300EBCA
:2053A00041000190D4F82401B8340099FFF7E0FEA16E226F431AA066DDE9001002FB03BB3D
:2053C000FFF7D6FEA16FA067421A34F8B60C40F2E241484393440099FFF7CAFE08EB090197
:2053E000226FC91B8A1AE16F521E431A02FB03BBE067B83C93E7E08A40F27122D4F82411D7
:20540000504301EB4000CCE7039800B9FFDF0121002004F08DF80646E08A40F27121484328
:2054200006EB40000099FFF7A3FE02E0C0E058E0DDE0C4F83001608840F2E2414843009946
:20544000FFF796FEC4F8340182B22046A16AFFF75EFE14F8650FFEF7F2FE4FF47A7800F24E
:20546000E140B0FBF8F1039801EB00092078FEF7E6FE07462078FEF77DFE00E0FDE03844E8
:205480004AF2AB310144B1FBF8F134F84F0C40F27122504306EB4000411AD4F8CB0040F2E6
:2054A000E2430A1A02EB0906227814F8501C11FB03F1203E00F0B9FC1349801C886114F8A5
:2054C0006509FEF7BCFE00F2E140B0FBF8F103980844301A40F2F6218842BFF42FAFFFDF55
:2054E0002CE7E08A40F27122D4F82411504301EB40000099FFF73CFEC4F83001608840F2DA
:20550000E24103E0000B0020D800002048430099FFF72EFEC4F8340182B22046A16AFFF790
:20552000F6FDB8F1000F21D10E98F8B194F865603046FEF71FFE4AF2B12101444FF47A7026
:20554000B1FBF0F0D4F8301140F271230144E08AD4F82421584302EB4000471A3046FEF798
:2055600076FE0599081A3E18203E0AE0E08A40F27122D4F82411504301EB4000D4F830115D
:20558000461AD4F82821D4F82011D4F8300140F2E24301FB020094F86520617D11FB03F158
:2055A00000F043FCF9498861012084F82C01C5E6608840F271225043D4F83411D4F82821B6
:2055C000C1EB40067E4308EB0900801AD4F82071D4F83031401E07FB023200FB012094F8BC
:2055E0006520617D40F2E24311FB03F140E0608840F27122D4F834115043C1EB400694F802
:205600007C007E43242803D094F87D0024280AD1B4F8AE11AAEB010000B2002803DB94F8B9
:20562000B10100B109900898D8B1B8F1000F18D1059808B1039800B9FFDF94F86500FEF736
:2056400099FD4AF2B12101444FF47A70B1FBF0F0361A94F86500FEF7FAFD0599081A064471
:20566000203ED4F8341108EB090048430021099A00F0DBFBC549886160E6029801600298D8
:20568000616A0068084400F5D370E86002F01AFB10B1E8681E30E8606E71B4F8F010A1EB46
:2056A0000A0000B2002801DD03206871079800280E9822D0C0B100BFB4F81811B1B3B4F8B8
:2056C0001A0100BFA4F81A0194F81C21401C42438A4209D26879401E002805DD6E71B4F814
:2056E0001A01401CA4F81A010D9830B394F84001F8B102200FB0BDE8F08F0028DCD194F818
:205700002C010028F0D0608840F27122D4F834115043C1EB4001284603F04EFE0004000C79
:20572000E2D0189901B108800120E3E7FFE70020C8E794F87C01FDF78CF994F87C01294632
:2057400000F059FB20B10D9880F0010084F841010020CFE77CB50446FCF72FFE0146D4F8DC
:205760007001FDF72BFB214600F076FB94F87D100D290AD0B4F87020B4F83E111318994270
:2057800006DB491CA4F83E1106E0B4F83E010CE0401C1044A4F83E0194F8420140B9B4F81C
:2057A0003E01B4F8F410884202D1401CA4F83E01B4F87A0101AE401CA4F87A01B4F89A0097
:2057C000B4F89810401AB4F87010401E084485B209E000231A4620460096FFF7E4FCD0B14F
:2057E00001282ED0FFDFB4F83E11681A00B20028EFDA082084F88D00012084F88C002046C4
:2058000001F0F5FE204600F0F8FA60484079BDE87C40F5F7C9BBA06E002811D0B4F83E0128
:20582000B4F89420801A01B2002909DD34F86C0F0144491E91FBF0F189B201FB00202085F0
:205840007CBDB4F83E01BDF804100844A4F83E01C9E770B54E4C607A08B1002070BD94F859
:20586000300030B1616B606A884202D9F8F70CFBF3E7A06AC8B1F7F725FF0546F7F7F9FE47
:20588000284442F210714618FCF797FD05462946E06AFDF793FAE562A16A8219914202D2E9
:2058A0000120A062E2E7081AA062012070BD70B5374C012500202575207494F8300004F1BD
:2058C000100650B14FF47A71A069FCF74AFAA0610021304603F070FD10E0002000F00DFB43
:2058E0000546F7F7EFFE05442946A069FCF739FAA0612946304603F05FFD451C208C411CFC
:205900000A2901D228442084606828B1208C401C0A2801D3022000E003206075FFF799FF3A
:2059200038B1207B314600F066FA002800D1FFDF70BD00F0DAFA15484079BDE87040F5F7FD
:2059400033BB38B50025044680F82C51A0F878512B462A4629460095FFF725FC00B1FFDF1C
:20596000C4F828510120C4F8205184F82C01A4F83E51A4F83C5184F8425134F8700F401E8F
:2059800024F8B80B0020A4F8525038BDD8000020000B002010B530B1F749012807D00228A2
:2059A0000BD0FFDF10BDBDE8104000F0EABA486ABDE81040002100F0B5BA002081F83000E8
:2059C000FCF7F9FBED484079BDE81040F5F7ECBA2DE9F0410646E8480F460178E74D03297A
:2059E00009D1017BB14206D1406868613846BDE8F04100F0EEBA304600F0F3F90621FAF7C0
:205A00005DFB040000D1FFDF304600F0EAF92188884200D0FFDF214638466C61BDE8F04189
:205A200000F027BA10B5D44C207848B101206072F8F74CFA2078032804D0207A002800D0CE
:205A40000C2010BD207BFDF704F8207BFDF772FA207BFCF78FFC00B9FFDF0020207010BD9A
:205A600010B5FFF7DFFF00F0F1FAC348002180F83010C172084610BDC049487100208870A6
:205A800001220A7048700A71C870BB490870E7E7BA49087070472DE9F047B74C07460E4691
:205AA000207800284BD1B648FCF702FC20731F2845D04FF00309676084F800900025657212
:205AC000257287B1012107F58E70FDF740FE0620FAF7A0FA97F81C11B1FBF0F200FB121091
:205AE000401C87F81C01FCF73EFC40F2F651884200D2084600F23F101FFA80F8F7F7B9FDA8
:205B0000E061F7F7DFFD0127E0B1A772FCF755FC8246002000F0F1F900EB08015046FCF725
:205B200020F9A061C4E90A6A277584F8159092492574207B103100F05EF990B910E00C2071
:205B4000BDE8F087FCF739FC4146FCF70AF9A061A57284F83070A6F28B566663A562E3E73D
:205B6000FFDF25840020F8F7B1F90020E8E78349487070478149087170472DE9F0417F4CAF
:205B80000746E088401CE080D4E902516078D7F8806120B13246284603F036FC0546A068CD
:205BA000854205D02169281A08442061FDF7D3F8A560AE4205D897F82C01012801D0E07811
:205BC00010B10020BDE8F0810120FBE710B504460846FEF7CFFA4AF2B12108444FF47A7128
:205BE000B0FBF1F040F2E2414C4300F23630844201D9201A10BD002010BD7CB504460020AE
:205C000084F8400194F8FE0000283FD194F82C0103283BD1FCF7D1FB0146D4F87001FDF7DE
:205C2000CDF8002832DD214600F016F9411CB4F870000144A4F83C11B4F83C11B4F8F420A2
:205C4000511A09B2002921DD012184F84211B4F89A10B4F8982001AE891A491E084485B210
:205C60000EE00096B4F83C11002301222046FFF79AFA00280AD0012809D0022806D0FFDF8F
:205C8000B4F83C01281A00B20028EADA7CBDB4F83C01BDF804100844A4F83C01F0E738B567
:205CA00000250446012902D13448C07868B1042084F82C01FCF77FFAA4F87A51B4F87000EF
:205CC000A4F83E0184F842515FE60095B4F8F410012300222046FFF766FA0028EAD0FFDF8E
:205CE000E8E710B5062916D2DFE801F00509030C0C0D002100E00121BDE81040CFE7032119
:205D000080F82C1110BDB0F834118AB2816ABDE81040FFF7FCB9FFDF10BD70B5174CA17801
:205D2000022916D1E188002913D16569C5F8840195F86500FEF78BFAD5F88411081AA168D2
:205D40000144A160E1680844E060BDE8704000F0A9B970BD70B5054608488478022C11D089
:205D6000054C243401B34FF47A7601290ED0022910D0FFDF70BD0000000B0020D800002052
:205D8000D1590100446904F5C074EBE71846FEF756FA02E01046FEF795FF00F2E140B0FB0A
:205DA000F6F0281A2060E5E72560E3E7FE4810B5007808B1002010BD0620FAF71DF980F05A
:205DC000010010BDF8480078002800D00120704710B504460C2800D3FFDFF44830F8140001
:205DE00010BD10B504461F2800D3FFDFEE48383030F8140010BDFCF711BD70B504460020D8
:205E000084F82C0194F87C514FF6FF761F2D00D3FFDFE548383020F8156094F87C01FCF7AB
:205E2000A9FA1F2084F87C01A4E770B505460C4616461046FEF79EF94AF2B12108444FF45F
:205E40007A71B0FBF1F000EB450004443046FEF7FEF9204460308DE7002809D0D1F834216A
:205E6000498840F271235943C2EB4101B0FBF1F070472DE9F04101250226CD4F0C4608288A
:205E800031D2DFE800F0040E161611301A23204600F0ADF9204600F064F984F84051BE70A2
:205EA00090E601F00AFF01E0FEF72FFE84F8405188E62046BDE8F0414CE4FEF7B3FCFEF7EF
:205EC00024FE4FF0E020C0F880627BE694F82C01042800D0FFDF2046FFF78FFF7879BDE853
:205EE000F041F5F761B8FFDF6CE610B5AE4C207BFCF740FA0020207010BD08B500284FF014
:205F00000101684602D0FDF703FC01E0FDF7F6FB9DF8000042F210710002B0FBF1F201FB70
:205F2000120008BD2DE9F0419F4C0746002084F83000A669E07220700120207201216068B1
:205F400003F0B2F86068C0F87061257B80F87C51C0F88071C0F8746106881F2D00D3FFDFAD
:205F60009148383020F815606068FFF7EAFC00B1FFDFFCF720F98E484079BDE8F041F5F7C3
:205F800013B870B5884C0025A07A18B10120FFF7B4FF0546F7F796FB4119A069FBF7E1FE6D
:205FA000A061002525740320607501202075607A30B97D49207B1031FFF71DFF00B9FFDF66
:205FC0002584FCF7F8F87A484079BDE87040F4F7EBBF70B5744D04462878032800D0FFDF27
:205FE000082C31D2DFE804F0040E2A2A2630302D00206862F7F77CFD00B1FFDF6C490320DE
:206000008870B7E6F7F735FBE9690446A14206D2601A0421FCF705FFEC6108B906E0E861A3
:20602000F7F7B1FE0028ECD0FFDFA3E6BDE870400020AFE4BDE87040FEF767BDBDE87040AD
:2060400035E4BDE8704050E7FFDF93E6FEB5584C0120E0704FF6FF750CE00621FAF72EF899
:20606000060000D1FFDF96F87C01FCF763FF3046FFF7C3FE69460620F9F7ADFF50B1FFDF8E
:2060800008E0029830B190F82C1119B10088A842E3D104E06846F9F77CFF0028F1D00020E2
:2060A000E070FEBD2DE9F0474148446994F84311002955D094F82C11032951D194F865908C
:2060C0000078FFF785FE054694F88C01FFF780FE284486B294F88C01FFF77AFE00F5C860AF
:2060E0001FFA80F84846FEF7B2F8D4F884110D1A4846FEF73FF84FF47A7A00F2E730B0FBB5
:20610000FAF02D1A4846FEF7A2F8D4F800110F1A4846FEF72FF84AF2B1210144B1FBFAF098
:206120003A1AA2F160007043B0FBF8F1292000EB52006031A0EB510200EB5100AA4201D8DB
:20614000854201D3F4F714FE608840F2E24148433146FFF70DF8C4F83401002084F843019C
:20616000EEE470B50446FCF7FEF8054694F86500FEF700F84AF2B12108444FF47A71B0FB99
:20618000F1F0D4F8341140F27122014460885043C1EB4006303EB72D00D8B7252146012008
:2061A00003F0CFFC284405E0000B002088B20100D8000020351A21460120A5F21B3503F0C1
:2061C000C0FC616A9C30814201D9081A00E000202C49A842CD6000D328468860D4F86C01BF
:2061E000A0F5D3700861BDE87040FCF7B4BD10B5044624490020C4F88001C880C4F8840143
:2062000094F8410138B9FCF7D8F8D4F84C11FCF7D5FD002813DCB4F83E11B4F8700081421D
:2062200001D1B4F8F410081AA4F8F600A4F87010D4F86801C4F84C01C4F870011CE0B4F8F9
:206240003C01B4F87010401AA4F8F600B4F83C01A4F87000D4F84C01C4F86801C4F8700189
:20626000D4F85401C4F80001D4F85801C4F87401B4F85C01A4F878012046BDE8104001F080
:2062800006BC0000D80000202DE9F0410E46044603F06FFB0546204603F06DFB044603F0B9
:2062A000FDF8FB4F010015D0386990F864208A4210D090F8C4311BB190F8C63123421FD044
:2062C0002EB990F85D30234201D18A4218D890F8C401A8B1284603F0E1F870B1396991F8A3
:2062E0006520824209D091F8C40118B191F8C701284205D091F8C40110B10120BDE8F0818F
:206300000020FBE730B5E24C85B0E06900285ED0142200216846F7F736F8206990F86500FD
:20632000FDF728FF4FF47A7100F5FA70B0FBF1F5206990F86500FDF78AFF2844ADF806001A
:2063400020690188ADF80010B0F87010ADF804104188ADF8021090F8A60130B1A069C11C1F
:20636000039103F01FFA8DF81000206990F8A5018DF80800E169684688472069002180F8BB
:20638000A61180F8A5110399002920D090F8A41100291CD190F87C10272918D09DF810100F
:2063A000039A002913D013780124FF2B11D0072B0DD102290BD15178FF2908D180F8A4413B
:2063C0000399C0F8A8119DF8101080F8A71105B030BD1B29F2D9FAE770B5AD4C206990F80A
:2063E0007D001B2800D0FFDF2069002580F8A75090F8D80100B1FFDF206990F8A81041B167
:2064000080F8A8500188A0F8DC1180F8DA510C2108E00188A0F8DC1180F8DA51012180F8FB
:20642000DE110B2180F8D8110088F9F77AFFF9F723FC2079F4F7B8FD206980F87D5070BDAC
:2064400070B5934CA07980072CD5A078002829D162692046D37801690D2B01F170005FD0AE
:206460000DDCA3F102034FF001050B2B19D2DFE803F01A1844506127182C183A6400152BF2
:206480006FD008DC112B4BD0122B5AD0132B62D0142B06D166E0162B71D0172B70D0FF2B21
:2064A0006FD0FFDF70BD91F87F200123194602F038FF0028F6D12169082081F87F0070BDF8
:2064C0001079BDE8704001F0A2BC91F87E00C00700D1FFDF01F05AFC206910F87E1F21F08C
:2064E0000101017070BD91F87D00102800D0FFDF2069112180F8A75008E091F87D001428BC
:2065000000D0FFDF2069152180F8A75080F87D1070BD91F87D00152800D0FFDF172005E060
:2065200091F87D00152800D0FFDF1920216981F87D0070BDBDE870404EE7BDE8704001F0B4
:206540003ABC91F87C200123002102F0EAFE00B9FFDF0E200FE011F87E0F20F0040008702B
:206560001DE00FE091F87C200123002102F0D9FE00B9FFDF1C20216981F87C0070BD12E08B
:206580001BE022E091F87E00C0F30110012800D0FFDF206910F87E1F21F010010170BDE8F6
:2065A000704001F0F3BB91F87C200123002102F0B8FE00B9FFDF1F20DDE791F87D00212891
:2065C00001D000B1FFDF2220B0E7BDE8704001F0E9BB2F48016991F87E20130702D501217D
:2065E0008170704742F0080281F87E208069C07881F8E10001F0C1BB10B5254C21690A8866
:20660000A1F81A2281F8180291F8640001F0A9FB216981F81C0291F8650001F0A2FB216969
:2066200081F81D02012081F81602002081F8C4012079BDE81040F4F7B7BC10B5144C05217B
:206640002069FFF74EFB206990F85A10012908D000F5F77103F048FA2079BDE81040F4F7EA
:20666000A3BC022180F85A1010BD10B5084C01230921206990F87C20703002F052FE48B1FA
:206680002169002001F8960F087301F81A0C10BDF80000200120A070F9E770B5FE4D01238E
:2066A00029462869896990F87C2009790E2A01D1122903D000241C2A03D004E0BDE87040B4
:2066C000D3E7142902D0202A07D008E080F87C4080F8A240BDE87040AFE7162906D0262A0A
:2066E00001D1162902D0172909D00CE000F87C4F80F82640407821280CD01A2017E090F87B
:206700007D20222A07D0EA69002A03D0FF2901D180F8A63132E780F87D4001F037FB28691E
:2067200080F8974090F8C4010028F3D00020BDE8704061E72DE9F843D74C206990F87C1004
:20674000202909D05FF0000790F87D10222905D07FB300F17C0503E00127F5E700F17D058E
:2067600010F8B01F41F004010170A06903F007F94FF00108002608B33946A069FFF784FD77
:20678000E0B16A46A169206902F096FE90B3A06903F0F3F82169A1F8AE01B1F8701001F089
:2067A000C6FA40B32069282180F88D1080F88C8048E0FFE70220A070BDE8F883206990F84A
:2067C000C40110B11E20FFF717FFAFB1A0692169C07881F8E20008FA00F1C1F3006000B9A3
:2067E000FFDF20690A2180F87C1090F8A20040B9FFDF06E009E01AE02E7001F0C7FAFFF7F3
:20680000E8FE206980F89760D6E7206990F8C40118B10020FFF7F0FE2E70206900F17D01A4
:2068200080F897608D420DD180F87D600AE020699DF8001080F8B0119DF8011080F8B111B6
:2068400024202870206900F17D018D4203D1BDE8F84301F09BBA80F8A260ADE770B58E4C8E
:2068600001230B21206990F87D20703002F059FD202650BB20690123002190F87D2070304E
:2068800002F04FFD0125F0B1206990F87C0024281BD0A06903F063F8C8B1206990F8B0108E
:2068A00041F0040180F8B010A1694A7902F0070280F85D20097901F0070180F85C1090F8C6
:2068C000C5311BBB06E0A57058E6A67056E6BDE870407EE690F8C431C3B900F164035E7881
:2068E0008E4205D11978914202D180F897500DE000F504710D7002884A8090F85C200A71B5
:2069000090F85D0048712079F4F74EFB2169212081F87D00BDE8704001F02FBAF8B55E4CC5
:20692000206990F87E0010F0300F04D0A07840F00100A070F8BDA06902F0FAFF50B3A069A7
:2069400002F0F0FF0746A06902F0F0FF0646A06902F0E6FF0546A06902F0E6FF01460097EA
:20696000206933462A46303003F046F8A079800703D56069C07814280FD0216991F87C00F1
:206980001C280AD091F85A0001280ED091F8BB0158B907E0BDE8F8401BE62169012081F8B0
:2069A0005A0002E091F8BA0130B1206910F87E1F41F0100101700EE091F87E0001F5FE723A
:2069C00040F0200081F87E0031F8300B03F080F82079F4F7E9FABDE8F84001F0CEB970B5C0
:2069E0002D4C206990F87E10890707D590F87C2001230821703002F094FCE8B1206990F8D6
:206A0000AA00800712D4A06902F073FF216981F8AB00A06930F8052FA1F8AC204088A1F819
:206A2000AE0011F8AA0F40F002000870206990F8AA10C90703D00FE00120A0709EE590F8A3
:206A40007E00800700D5FFDF206910F87E1F41F00201017001F091F92069002590F87C106E
:206A6000062906D180F87C5080F8A2502079F4F79BFA206990F8AC110429DFD180F8AC5129
:206A80002079F4F791FA206990F87C100029D5D180F8A25072E50000F800002070B5FE4C33
:206AA00001230021206990F87D20703002F039FC012578B9206990F87D20122A0AD00123DD
:206AC0000521703002F02DFC10B10820A07055E5A57053E5206990F8A80008B901F04DF9A4
:206AE0002169A06901F5847102F0F1FE2169A069D83102F0F2FE206990F8E00100B1FFDF38
:206B000021690888A1F8E20101F5F271A06902F0D6FE2169A06901F5F67102F0D5FE206979
:206B200080F8E051142180F87D102079BDE87040F4F73ABA70B5D84C01230021206990F806
:206B40007D20703002F0EDFB0125A8B1A06902F08CFE98B1A0692169B0F80D00A1F8AE0141
:206B6000B1F8701001F0E3F858B12069282180F88D1080F88C5001E5A570FFE4BDE87040A9
:206B800027E5A0692169027981F8B021B0F80520A1F8B22102F060FE2169A1F8B401A06927
:206BA00002F05DFE2169A1F8B601A06902F05AFE2169A1F8B8010D2081F87D00DEE47CB569
:206BC000B54CA079C00738D0A06901230521C578206990F87D20703002F0A3FB68B1AD1E7A
:206BE0000A2D06D2DFE805F009090505090905050909A07840F00800A070A07800281CD1F3
:206C0000A06902F0FFFD00287AD0A0690226C5781DB1012D01D0162D18D1206990F87C0017
:206C200002F067FB90B1206990F87C101F290DD0202903D0162D16D0A6707CBD262180F8AA
:206C40007C10162D02D02A20FFF7D6FC0C2D58D00CDC0C2D54D2DFE805F033301D44A7A70B
:206C6000479E57A736392020A0707CBD0120152D75D008DC112D73D0122D69D0132D64D040
:206C8000142D3DD178E0162D7CD0182D7DD0FF2D36D183E020690123194690F87F207030C3
:206CA00002F03FFBF8B9A06902F007FE216981F89201072081F87F0078E001F044F975E067
:206CC000FFF738FF72E001F01EF96FE0206990F87D10112901D0A67068E0122180F87D109F
:206CE00064E0FFF7DBFE61E0206990F87D001728F1D101F04BF821691B2081F87D0055E08D
:206D000052E0FFF76CFE51E0206990F87E00C00703D0A07840F001001FE06946A06902F095
:206D2000EAFD9DF8000000F02501206900F8B01F9DF8011001F04101417001F01EF8206957
:206D400010F87E1F41F0010114E0FFF78EFC2DE0216991F87E10490705D5A07026E00EE00B
:206D600016E00FE011E001F008F8206910F87E1F41F00401017019E0FFF7D0FD16E001F0D4
:206D80008AF813E0FFF76AFD10E0FFF7D3FC0DE001F060F80AE0FFF780FC07E0E16919B1DF
:206DA000216981F8A60101E0FFF713FC2069F0E93012491C42F10002C0E900127CBD70B5EC
:206DC000354CA07900074AD5A078002847D1206990F8E400FE2800D1FFDF2069FE21002504
:206DE00080F8E41090F87D10192906D180F8A75000F0CCFF206980F87D50206990F87C1064
:206E00001F2902D0272921D119E090F87D0002F070FA78B120692621012380F87C1090F813
:206E20007D200B21703002F07CFA78B92A20FFF7E3FB0BE02169202081F87C0006E0012180
:206E400080F8A51180F87C5080F8A250206990F87F10082903D10221217080F8E41059E454
:206E600010B50D4C216991F8B0210AB991F8642081F8642091F8B1210AB991F8652081F89E
:206E8000652010B10020FFF7B7FB206902F0D4FD002809D0206901E0F8000020BDE8104020
:206EA00000F5F77102F020BE10BD70B5FC4C06460D46206990F8E400FE2800D0FFDF226978
:206EC000002082F8E46015B1A2F8A40022E422F89E0F012010711DE470B5F14C01230021B9
:206EE000206990F87C20703002F01BFA002869D0206990F8BA1111B190F8BB1139B190F879
:206F0000C41100295DD090F8C51111B359E090F87D1024291BD090F87C10242917D0002333
:206F200000F5D87200F5DD7102F058FD2169002081F8BA0101461420FFF7B7FF216901F107
:206F40003000C28A21F8E62F408B48803FE00123E6E790F87D2001230B21703002F0E1F903
:206F600078BB206990F8640000F0FBFE0546206990F8650000F0F5FE0646206990F8C611A8
:206F8000284600F0E0FE50B1206990F8C711304600F0D9FE18B10020FFF72EFB11E020690C
:206FA0000123032190F87D20703002F0BAF940B920690123022190F87D20703002F0B1F9F5
:206FC00008B1002080E400211620FFF76EFF01207AE410B5F0BBB24C206990F87E10CA075D
:206FE00002D00121092051E08A070AD501210C20FFF75BFF206910F8AA1F41F00101017037
:2070000046E04A0702D5012113203FE00A0705D510F8E11F41710121072037E011F0300F69
:207020003AD090F8BB11A9B990F8BA11D9B190F87D1024292ED090F87C1024292AD00023D5
:2070400000F5D87200F5DD7102F0C8FC216911F87E0F00E020E020F0200040F01000087010
:20706000002081F83C01206990F87E10C90613D502F0E2FCFFF7E1FA216901F13000C28A4B
:2070800021F8E62F408B488001211520FFF70DFF012010BD0123D3E7002010BD70B5804C2C
:2070A000206990F8E410FE2978D1A178002975D190F87F2001231946703002F032F9002844
:2070C0006CD1206990F8901149B10021A0F89C1090F8911180F8E610002102205BE090F8C4
:2070E0007D2001230421703002F01BF90546FFF770FF002852D1284600F089FF00284DD1DD
:2071000020690123002190F87C20703002F009F978B120690123042190F87D20703002F037
:2071200000F930B9206990F8960010B10021122031E0206990F87C200A2A0DD0002D2DD1B8
:2071400001230021703002F0ECF878B1206990F8AC1104290AD105E010F8E21F01710021F4
:20716000072018E090F8AA00800718D0FFF7B4FE002813D120690123002190F87C20703009
:2071800002F0CFF8002809D0206990F8A401002804D00021FF20BDE8704086E609E0002178
:2071A0000C20FFF782FE206910F8AA1F41F00101017043E43EB505466846FDF7BDFE00B9B4
:2071C000FFDF222200210098F6F7DDF80321009802F0FFFA0098017821F010010170294658
:2071E00002F01DFB2E4C0D2D40D00BDCA5F102050B2D19D2DFE805F01F184719191F185621
:2072000018192400152D5ED008DC112D25D0122D0BD0132D09D0142D06D154E0162D29D0D7
:20722000172D69D0FF2D73D0FFDFFDF79AFE002800D1FFDF3EBD2169009891F8E61017E08E
:20724000E26800981178017191884171090A81715188C171090A0172E7E70321009802F074
:20726000A6FB0621009802F0A6FBDEE7009806210171DAE70098216991F8C621027191F8D6
:20728000C7114171D1E72169009801F5887102F028FB21690098DC3102F028FBC5E7000096
:2072A000F8000020F849D1E90001CDE90101206901A990F8B00000F025008DF80400009861
:2072C00002F048FBB1E72069B0F84810009802F017FB2069B0F8E810009802F015FB206970
:2072E000B0F84410009802F013FB2069B0F8E610009802F011FB98E7216991F8C4010028BE
:207300000098B9D111F8642F02714978B9E7FFE7206990F8A721D0F8A811009802F08DFA8A
:2073200083E7DA4810B5006990F8821041B990F87D2001230621703001F0F3FF002800D094
:20734000012010BD70B5D14D286990F8801039B1012905D0022906D0032904D0FFDF0AE49D
:20736000B0F8F41037E090F87F10082936D0B0F89810B0F89A2000248B1C9A4206D3511A5F
:20738000891E0C04240C01D0641EA4B290F8961039B190F87C2001230921703001F0C1FF82
:2073A00040B3FFF7BEFF78B129690020B1F89020B1F88E108B1C9A4203D3501A801E00D07B
:2073C000401EA04200D284B20CB1641EA4B22869B0F8F4102144A0F8F01040E5B0F8981021
:2073E0000329BDD330F8701F428D1144491CA0F8801034E50024EAE770B50C4605464FF456
:20740000087200212046F5F7BEFF258027E5F8F75FBF2DE9F0410D4607460621F8F74EFEBB
:20742000041E3ED094F8CC010026B8B16E70072028700DE0268484F8CC61D4F8CE01C5F8FF
:207440000200D4F8D201C5F80600B4F8D601688194F8CC010028EDD1AE70B6E094F8D80104
:2074600090B394F8D8010B2813D00C2801D0FFDFABE02088F8F755FF0746F8F712FC78B97A
:207480006E700C20287094F8DA01A8702088A88014E02088F8F745FF0746F8F702FC10B131
:2074A0000020BDE8F0816E700B20287094F8DA01A8702088A88094F8DE01A87184F8D8616D
:2074C0003846F8F7E8FB80E0FFE794F80E0230B16E700E20287084F80E626F8075E094F839
:2074E000E00180B16E700820287020886880D4F8E4116960D4F8E811A960B4F8EC01A88132
:2075000084F8E06161E094F8080270B16E701620287005E084F80862D4F80A02C5F80200A8
:2075200094F808020028F5D14FE094F8EE01B0B16E70122028700DE084F8EE61D4F8F0019F
:20754000C5F80200D4F8F401C5F80600D4F8F801C5F80A0094F8EE010028EDD135E094F85A
:20756000FC0180B16E701820287084F8FC61D4F8FE01C5F80200D4F80202C5F80600B4F88D
:207580000602688121E094F8100240B11920287084F81062D4F81202C5F8020015E094F88B
:2075A000160200283FF47DAF6E701320287008E084F81662D4F81802C5F80200B4F81C0238
:2075C000E88094F816020028F2D1012069E72F480021C16101620846704730B52B4D0C4672
:2075E000E860FFF7F4FF00B1FFDF2C7130BD002180F87C1080F87D1080F8801090F8FE1079
:2076000009B1022100E00321FEF76BBB2DE9F0411E4C0546206909B1002104E0B0F806116B
:20762000B0F8F6201144A0F8061190F8901139B990F87F2001231946703001F072FE30B1E1
:20764000206930F89C1FB0F85A2011440180206990F8A23033B1B0F89E10B0F8F620114496
:20766000A0F89E1090F9A670002F06DDB0F8A410B0F8F6201144A0F8A41001213D263DB1E5
:2076800080F88D6018E00000A0B20100F80000202278022A0AD0012A11D0A2782AB380F807
:2076A0008C1012F0140F0DD01E2113E090F8E620062A3CD016223AE080F88C1044E090F81E
:2076C000922134E0110702D580F88D603CE0910603D5232180F88D1036E0900700D1FFDF4F
:2076E00021692A2081F88D002AE02BB1B0F89E20B0F8A0309A4210D2002F05DDB0F8A420B1
:20770000B0F8A0309A4208D2B0F89C30B0F89A20934204D390F890310BB1222207E090F801
:2077200080303BB1B0F89830934209D3082280F88D20C1E7B0F89820062A01D33E22F6E7F4
:20774000206990F88C1019B12069BDE8F0414EE7BDE8F0410021FEF7C4BA2DE9F047FF4C1C
:2077600081460D4620690088F8F7EDFD060000D1FFDFA0782843A070A0794FF000058006DA
:20778000206904D5A0F8985080F8045103E030F8981F491C0180FFF7C4FD012740B3E08858
:2077A000000506D5206990F8821011B1A0F88E501EE02069B0F88E10491C89B2A0F88E106B
:2077C000B0F890208A4201D3531A00E00023B4F808C00CF1050C634501D880F896709142ED
:2077E00006D3A0F88E5080F80E722079F3F7DCFBA0794FF0020810F0600F0ED0206990F828
:20780000801011B1032908D102E080F8807001E080F880800121FEF764FA206990F8801058
:20782000012904D1E188C90501D580F88080B9F1000F71D1E188890502D5A0F8185104E016
:20784000B0F81811491CA0F8181100F0A7FBFEF759FDFFF723FC00F0B2FD0028206902D01D
:20786000A0F8F85003E030F8F81F491C018000F0A9FD38B1206990F80411022907D8491C0C
:2078800080F80411206990F80401022804D9206920F8F85F4580057320690123002190F8B3
:2078A0007D20703001F03DFD20B9206990F87D000C286AD120690123002190F87C207030F8
:2078C00001F02FFD48B320690123002190F87F20703001F026FD00B3206990F88010022968
:2078E00053D190F80401C0B93046F7F7AAFFA0B1216991F8E400FE2847D1B1F8F200012807
:2079000043D981F8FD70B1F89A20B1F89800931E984203DB012004E043E036E0101A401E92
:2079200080B2B1F8F82023899A4201D3012202E09A1A521C92B2904200D91046012801D191
:2079400081F8FD5091F86F206AB98A6E5AB1B1F89420B1F87030D21A12B2002A03DD9042F1
:2079600000DB104680B291F8892192B1B1F8FA20B1F88A118A4201D3012102E0891A491C7B
:2079800089B2884205D9084603E02169012081F8FD502169B1F870201044A1F8F400FFF7C8
:2079A000D1FCE088C0F340214846FFF72FFE206980F8FE50BDE8F047FDF7F6BA6749024606
:2079C0008878CB78184312D10846006942B18979090703D590F87F00082808D001207047AB
:2079E000B0F84C10028E914201D8FEF7C6B80020704770B5594C05460E46E0882843E08061
:207A0000A80703D5E80700D0FFDF6661EA074FF000014FF001001AD0A661F278062A02D0AD
:207A20000B2A14D10AE0226992F87D30172B0ED10023E2E92E3302F8370C08E0226992F8D6
:207A40007D30112B03D182F8811082F8A800AA0718D56269D278052A02D00B2A12D10AE086
:207A6000216991F87D20152A0CD10022E1E9302201F83E0C06E0206990F87D20102A01D119
:207A800080F88210280601D50820E07067E42DE9F84F324C00254FF00108E580A570E570FE
:207AA0004146257061F3070220619246814680F8FE800088F8F747FC070000D1FFDF20693E
:207AC0000088FDF736FA20690088FDF75BFA2069B0F8F21071B190F8E410FE290FD190F840
:207AE000901189B190F87F2001231946703001F018FC78B1206990F8E400FE2804D02069BB
:207B000090F8E400FFF756FB206990F8FF1089B1258118E02069A0F89C5090F8911180F80B
:207B2000E61000210220FFF7C0F9206980F8FD500220E7E790F8CC1119B9018C828891427E
:207B400000D881882181B0F8F610491E8EB2B0F8F8103144A0F8F81002E00000F80000208E
:207B600090F8FC1021B1A0F8FA5080F8FC5004E0B0F8FA103144A0F8FA1030F8981F3144F8
:207B80000180FFF7CEFB20B1206930F88E1F314401802069B0F8F210012902D8491CA0F84C
:207BA000F2100EB180F8045190F8FD10A1B1B0F8F800218988420FD23846F7F742FE58B1A6
:207BC000206990F8891139B1B0F8FA10B0F88A01814201D300F0F9FB206980F8FD5090F8DA
:207BE0007D100B2901D00C2916D1B0F87020B0F8AE31D21A12B2002A0EDBD0F8B0118160EB
:207C000090F8B4110173032101F04EFA206980F87D5080F8B28026E0242910D1B0F8701072
:207C2000B0F8AE21891A09B2002908DB90F8C401FFF716F9206900F87D5F857613E090F83E
:207C40007C10242901D025290DD1B0F87010B0F8AE01081A00B2002805DB0120FFF700F9E3
:207C6000206980F87C5020690146B0F8F620703001F0C8FA206990F8891109B1A0F8FA500F
:207C8000F6480090F64BF74A4946504600F0DEFA216A11B16078FCF74DFE20690123052171
:207CA00090F87D20703001F03CFB002803D0BDE8F84F00F038BABDE8F88F00F045BBEA49BF
:207CC000C8617047E848C069002800D001207047E54A50701162704710B50446B0F8B421F6
:207CE0004388B0F8B611B0F8B8019A4205D1A388994202D1E38898420FD02388A4F8D031F2
:207D0000A4F8D221A4F8D411A4F8D601012084F8CC01D5480079F3F747F90221204601F03C
:207D2000C3F9002004F87D0F0320E07010BD401A00B247F6FE71884201DC002801DC01201A
:207D4000704700207047012802D0022805D102E0012904D001E0022901D0002070470120E5
:207D6000704710B5012804D0022804D0FFDF204610BD0124FBE70224F9E7BB4800210069E1
:207D800020F8A41F8178491C81707047B64800B5016911F8A60F401E40B20870002800DA5D
:207DA000FFDF00BDB0482721006980F87C10002180F8A411704710B5AB4C206990F8AC11EC
:207DC000042916D190F87C2001230021703001F0A8FA00B9FFDF206990F8AA10890703D42A
:207DE000062180F87C1004E0002180F8A21080F8AC11206990F87E00800707D5FFF7C6FF47
:207E0000206910F87E1F21F00201017010BD964910B5096991F87C200A2A09D191F8E2200E
:207E2000824205D1002081F87C0081F8A20010BD91F87E20130706D522F0080081F87E007E
:207E4000BDE81040A2E7FF2801D0FFDF10BDBDE81040A7E710B5844C206910F8B01F41F058
:207E600004010170A06901F0A4FD162806D1206990F87C00202802D0262805D010BDA0693C
:207E800001F09BFDFEF7B8FB2169002081F87C0081F8A20010BDF8B5734C01230A212069E6
:207EA00090F87C20703001F03CFA38B3A06901F03FFDC8B1A06901F035FD0746A06901F0CA
:207EC00035FD0646A06901F02BFD0546A06901F02BFD01460097206933462A46303001F0F4
:207EE0008BFD206901F0A8FD2169002081F8A20081F87C00BDE8F840FEF79FBBA07840F0AD
:207F00000100A070F8BD10B5574C01230021206990F87D20703001F004FA30B1FFF72DFFAE
:207F20002169102081F87D0010BD20690123052190F87D20703001F0F4F908B1082000E08D
:207F40000120A07010BD70B5474C01230021206990F87D20703001F0E4F9012588B1A069A2
:207F600001F0A8FC2169A1F8AE01B1F87010FFF7DEFE40B12069282180F88D1080F88C5073
:207F800084E5A57082E52169A06901F5D87101F08CFC21690B2081F87D0077E510B5FEF7F0
:207FA0000EFFFEF70CFE304CA079400708D5A07830B9206990F87F00072801D101202070B9
:207FC000FEF73EFAA079C00609D5A07838B9206990F87D100B2902D10C2180F87D10E0787F
:207FE00000070ED520690123052190F87D20703001F097F930B10820A0702169002081F842
:20800000D80110BDBDE81040002000F016BB10B5154C216991F87D2040B3102A06D0142ACD
:2080200007D0152A23D01B2A35D123E001210B2022E0FBF769FB0C2820D32069082100F576
:208040008870FBF765FB28B120690421DC30FBF75FFB00B9FFDF012104200DE05B7701005A
:20806000BD790100F3790100F800002008E000F017F803E001210620FEF717FF012010BD39
:20808000212A08D191F8970038B991F8C40110B191F8C50108B1002010BD01211720EBE77C
:2080A00070B5184C0025206990F8931101290AD0022925D190F8A810A9B1062180F8E61009
:2080C0000121022017E090F8D811002918D100F1C80300F58471002200F5CA7001F0C1F841
:2080E0000121052007E090F8B000400701D5112000E00D200121FEF7D8FE206980F89351ED
:20810000C4E40000F8000020F9480078002800D00C20704710B50446FFF7F6FF00B1FFDF82
:20812000F348047210BDF2490120C871704770B50C460546082B01D0194600E004211046F5
:2081400001F075F9844200D220460DB1001D80B2C0B270BD70B5E64934314C6804F170053F
:2081600060B1628F218F94F86530A87CFFF7DFFF94F86510BDE87040FCF79EB8FF2094F8EA
:208180006410F7E72DE9F0478146D94834304468002004F17005628F218F94F86530FFF706
:2081A000C6FFD34F0646D34878620120FFF7D2FFA87C4FF0000840B305F15801CE4891E873
:2081C0000E1000F1080A8AE80E10A96EC0F82110E96EC0F82510FE38FCF743FBC648012113
:2081E00008300176D5E91412C0E90412A0F58372796AFBF728FF94F8650000F0A7FB0246DC
:2082000031460120FBF72DFF04E0786AFCF729FBFBF74BFFB9F1000F03D141469620FCF7D2
:208220004CFB94F8642001210020FCF706FC94F82C00012801D1FCF7DFFB02203870FCF773
:2082400061FD002800D0FFDFBDE8F0872DE9F043A74D87B0804628780E9F1C4616468946BA
:2082600010B90EB104B107B9FFDFEF61C5E905640020C5E90D89E871A871E870A8702871DD
:208280009B4F6871A8813437E8817E68344636F8700BF8F758F8E8622088F8F742F8286330
:2082A000FCF714F894F96700FCF7CEF804F11200FCF7B9FA04F10E00FCF7CCF80120FCF797
:2082C000CDFA18228D496846F5F733F88C4804906846FCF7B7FAF07EFCF7C6F8FCF7B8FA84
:2082E00094F86F0078B9A06E68B1B08C3188884209D1B4F86C1001220844B08494F86E00CD
:20830000A16EF9F708FE628F218F94F86530B07CFFF70DFF94F865402146FBF7CDFF786832
:2083200090F8880108B1FCF74FF821460120FCF754F97868D0F80001FCF797FA0120FFF72D
:2083400021FF07B0BDE8F083694800B50078022800D0FFDF00BD664810B534304468FCF745
:20836000FBFAFCF7DAFAFCF729FAFCF762FAFBF79CFE94F82C00012801D1FCF733FB94F8F0
:208380006F0038B9A06E28B1002294F86E001146F9F7C1FD564CE08900F0E2FAE269A17939
:2083A000A07890470020207010BD514810B50078022800D0FFDFBDE81040CCE7CBE74C48B5
:2083C000007970474A48C078704749490120487170472DE9FC474648454E3430A0F114073F
:2083E00044684FF0000A254694F875004FF00108703458B3012868D002286AD0032876D0EF
:20840000FFDF316AB1460826087820F008000870A37906EAC303184320F004000870E37999
:20842000042606EA8303184320F0100008706779D9F82C00F7F715FA0646FCF7C8FD022F9A
:2084400067D0012F65D0032F66D068E000F094FAAA8E0146104600F0EAFF298E814200D258
:2084600008464C21ADF8040048533846FCF78DFD48B14FF48060316A00F077FA03206071F6
:2084800084F80380BDE76A4601A9F06A00F05CFA306210B194F8371029B13846FCF746FD8B
:2084A00084F80580ADE79DF8001031B9A0F800A080F802A0012101F08CF9BDF80410306A4B
:2084C00001F07DFA022060719BE73846FCF72EFD97E7B5F84C00ADF804006A4601A9F06A4F
:2084E00000F032FA306200288BD1FFDF89E709E01C010020780B0020780D0020A8B2010033
:208500001B5D01003846FCF740FD0028BAD1FFDF77E7B04301D002E00EB1012100E00021BD
:20852000D9F820004E46027842EA01110170617C51B36179012927D004F15801F7488EC9CD
:2085400000F1080989E88E00A16EC0F82110E16EC0F82510FE38FCF784F9F048083080F858
:2085600018A0D4E91212C0E90412A0F58371326AFBF769FD95F8640000F0E8F90246FB2100
:208580000020FBF76EFD03E0FCF76BF9FBF78DFD012195F865200846FCF74FFA86F80480E8
:2085A000316A0A8832828978B17486F80080FCF7B5FB002800D0FFDFBDE8FC8770B5D84CCC
:2085C000054639B9012D05D1E078401CC0B2E070012820D8A16928468847E0B16179D148F8
:2085E00031B1012D04D1417811B90178C90612D5A17981B98DB9CA4910310978CA0602D4CF
:208600000078C00607D5A08928B9A06A28B9608918B1C80601D4012070BD002070BD10B596
:20862000BF4CA06A00B9FFDF6289D4E90910D21CF4F77FFEA06A606210BD2DE9F04706008B
:20864000B748B74D00F134004468686A04F17004477801D0012E03D1296B02F0EDF8687035
:2086600068784FF000084FF0010938B1012816D002282FD0032844D0FFDFE5E5012E30D053
:20868000FFF7CDFF39460122286BF7F75BF926E084F8078030E000BF84F807902CE0012E7B
:2086A00008D0FFF7BCFF39460022286BF7F74AF9022EE2D0D4E91401401C41F10001C4E9DC
:2086C0001401E079012802D084F80790BCE584F80780B9E5012E04D0286BF7F7B7FA022E77
:2086E000CBD0D4E91401401C41F10001C4E91401E0790128D0D1CBE7287ABDE8F047F2F780
:2087000053BC012EB9D0286BF7F7A0FAF4E770B58349834A343100264C68516A012570341A
:208720000B7803F00303012B14D0022B12D0032B03D0907940F0040023E0A570D08940F4BB
:208740000060D081012000F010F91CE0E67170BDE57170BD4978B1B1D38943F40063D381DE
:20876000936A002BF5D0FB2908D8D17921B1BDE87040802000F0F4B8057070BD907940F080
:208780001000907170BDE0790128E1D1DEE770B56348634D3430446828787034012800D0D5
:2087A000FFDFA07838B10020A0700146042000F0DCF801202071296A0878C043800705D156
:2087C000A889400502D5022000F0CFF801210020FFF7F4FE10B1BDE87040BCE5BDE870403D
:2087E0000020CFE42DE9F84F4D4F4D4C343700267D6882468DF8006020787035022800D0BA
:20880000FFDFE08940F40070E0810020FFF7A2FCA87CBAF1000F5BD0FBF76AFCFBF75AFCAF
:208820004FF0010968B9A87C58B1606A417841B10078E979C0F3C000884202D184F8029034
:2088400059E0606A4178618121B1206BF7F734F8A06200E0A662E089B84640F02000E08101
:20886000E670786800F17007064690F82C00012816D1FCF7B7F83946304600F010FD78B18D
:20888000D8F804003188A0F80A12397A80F80C12797A80F80D1280F80892207AF2F784FBB0
:2088A000606AA9790078C0F38000884205D000F094F8E08940F48070E081606AE979007874
:2088C000C0F3C00088420AD16846FFF720FF06E008B1FBF73EFCE08940F04000E081514621
:2088E0000120FFF76BFE00289DF8000007D010B10020FFF7A2FEFFF72EFDBDE8F88F10B1DF
:208900000120FFF79AFEFFF764FD9DF800000028F3D00220FFF791FEEFE70000780D0020AF
:208920001C010020780B002070B5064654480D464468FBF773FC034694F8642029463046AC
:20894000BDE87040FDF706BAF6F7C5BE00B5012802D0022802D0FFDF002000BD012000BD59
:20896000474A0021343A52691047454A343A93890343938152691047414810B5446804F151
:208980007001087B24280ED0497B24290BD01F280CD020280AD0222912D094F8640004283F
:2089A00000D1082010BD94F8B01106E0222907D094F8C60100F04FF8014694F8640008E0F3
:2089C00094F8C60114F85D1F084000F044F80146E079BDE8104000F048B870B52848446882
:2089E00094F875007034002832D0022810D1244D343DE86AF6F79BFE00B9FFDFD4E912017C
:208A0000401C41F10001C4E91201287AF2F7CCFA00256571207920B1257100211020FFF774
:208A2000A4FFE07878B1E570FCF7BEFA00B9FFDF00210820FFF799FFD4E91201401C41F146
:208A40000001C4E91201A079012802D00120A07170BDA57170BDC10701D0012070478007A7
:208A600001D50220704700207047002904D0012803D0012901D002207047012070470000CB
:208A8000500100202DE9F0410F4606460024FE4D0FE000BF05EBC40090F85311B14206D1F6
:208AA0000622394600F5AA70F4F716FC38B1641CE4B22878A042EDD81020BDE8F081204611
:208AC000FBE7F0B50746F04816460478621C027000EBC4050868C5F854018888A5F8580186
:208AE000102C00D3FFDF85F8537185F85A612046F0BD70B5054600F017FA10281CD1E24C39
:208B00002078401EC0B22070A84215D004EBC00204EBC50102F58070D2F85321C1F85321D6
:208B2000D0F85700C1F85701207800F0FDF9102802D0204480F8035170BD2DE9F047D24CB5
:208B40000646A719A078401EC5B2A57097F80381AE422AD004EB051A04EB06190AF10301EF
:208B600009F103001022F4F7E4FB0AF1830109F183001022F4F7DDFB601905EB450290F8D3
:208B8000031187F8031106EB460104EB420204EB4101D2F80B31C1F80B31B2F80F21A1F824
:208BA0000F2190F83B0187F83B0104EBC80090F85A01C00703D14046BDE8F04799E7BDE84A
:208BC000F087B1498A78824203D9084490F8430170470020704710B540F2D3120021AA48ED
:208BE000F4F7D1FB0822FF21A848F4F7CCFBA74800210C38417081704FF46171818010BDF9
:208C000070B50D460646FFF73DFF9F4C102807D004EBC00191F85A11C90701D0012070BDD1
:208C20006178082910D2102808D004EBC000012180F85A116078401C6070EFE70122294618
:208C40003046FFF73EFFF5E7002070BD70B58E4D2878401E44B20AE005EBC40090F85A01CD
:208C6000C00702D0E0B200F070F9641E64B2002CF2DA864900200C39887070BD82498A78BA
:208C8000824203D901EB0010C01C7047002070472DE9F047984691460C460546FFF7F2FE49
:208CA0000646102805D000F03FF9102801D0122085E7754FB87808282AD2102E05D1002236
:208CC00021462846FFF7FDFE0646BC781022601CB87007EB0415E81C494600F0B5FA05F145
:208CE00083001022414600F0AFFA1021404600F09CFA3C44102184F84301484604F5967460
:208D000000F093FAE07704F8296C0020E07356E7072054E75C4810B58078401E44B204E043
:208D2000E0B2FFF70AFF641E64B2002CF8DA10BD56490C394870704754480C38407870479D
:208D400040B14AF2B811884204D850490C39888001207047002070474C480C38808870474B
:208D600010B5FFF78FFE102803D000F0DDF8102800D1082010BD44498A78824203D901EBC2
:208D8000001083307047002070473F4B10B59C7884420FD9184490F8030103EBC00090F853
:208DA00053310B70D0F854111160B0F858019080012010BD002010BD334A114491F80321AB
:208DC00032490C390A700268C1F8062080884881704770B52D4B0C3B5B7873B12A4B9C7824
:208DE0005CB1451821460AB1D81C01E0264883302A46FBF794F8012070BD002070BD10B5A3
:208E0000FBF7DBF818B1BDE81040FBF7E6B8FF2010BD1D498A78824209D9084490F803016D
:208E200001EBC00090F85A0100F001007047002070472DE9F04100242546134E2CE0284673
:208E400000F072F88046FFF719FF06EBC50797F85A11C9071ED060B1B8F1100F05D006EBD0
:208E6000080191F83B11012903D0102100F0DDF980B10649204601F80480641C97F853213A
:208E800007F5AA71E4B203E0A80D002064010020FBF7B5FA6D1CEDB23078A842CFD80CE6F4
:208EA000012296E72E4A01EB410102EB41010268C1F80B218088A1F80F017047014610220D
:208EC000284800F0C1B92748704725498A78824203D9084490F83B0108B1002070470120C1
:208EE00070472DE9F0410E46074615460621304600F09BF91A4C58B1002004E02118401C4F
:208F000081F83B51C0B2A1788142F7D80120D4E531463846FFF724FF082803D0204480F868
:208F20003B51F3E70020C8E50D4910B5034600208A7806E00C1894F803419C4204D0401C90
:208F4000C0B28242F6D8102010BD05494A78521E4A7001EBC001002281F85A21C9E5000065
:208F6000A80D00207B0F002000F00101400800F001021144400800F001021144400800F028
:208F800001021144400800F001021144400800F001021144400800F00102114401EB50008D
:208FA000704710B500240485848DDB004C43B3FBF2F394FBF2F45B1C84859BB203FB02F444
:208FC0004385B4F5C84F01DD5B1E43854FF4FA43B3FBF2F35B1C0386438C02EBC3035B1EDC
:208FE000B3FBF2F30384C38B4B43B3FBF2F1C18310BD70B50546087B0E4600F01F00087308
:209000000020687604463019007AFFF7ADFF2919641C0875697EE4B208446876052CF2D3C7
:20902000C0B2252800D9FFDF70BD0023C383428401EBC202521EB2FBF1F101847047F0B5CE
:209040006FF01F02010C02EA90261F25A1F5AA4054380DD0A1F5AA40553809D0A1F52850C0
:20906000AA3805D0A1F52A40AA3801D0012000E0002000221346144682EA0107FF431F4378
:209080007F1C0FD006F00107520842EAC73205F001075B0876086D08641C43EAC733162C9D
:2090A000EAD3F0BD0020F0BD2DE9F04101260446002500F1700751B1012974D0022971D058
:2090C00003296CD101463846BDE8F04191E7802200213846F4F757F9BD71FD713D737D735C
:2090E000FD733D747D71BD76FD76212087F84000412087F84100FE2087F874002788702248
:2091000000212046F4F73FF9278084F8646084F86560282084F8660004F1300000210746C0
:2091200000F071FC1B21F9833984A4F85210A4F854104FF4A470A4F85600A4F85800667349
:209140004FF448606080A4F8F050A4F8F250A4F8F450A4F8F650A4F8F850A4F8FA5084F882
:20916000FD5084F8FF50A4F8065184F80451A4F81851A4F81A5184F8BA5184F8BB5184F87C
:20918000C45184F8C55184F8895184F8905184F8935184F8AC51C4F8A451C4F8A851BDE891
:2091A000F08100E025E0A4F8065184F8FE506188FE480A460844B0FBF1F0A4F890004BF6D8
:2091C0008030A4F89200E3883846FFF7EAFE21463846FFF70EFFFAF7F9F920B1D4F80E0074
:2091E000FFF72DFF10B184F88851D8E784F88861D5E74188B4F8B831B4F8B4213846BDE855
:20920000F041CEE6437E0BB1252B01D9122070472AB14B7B2BB1012B05D01F207047002045
:20922000704700F0EEB900F092B910B500231A4603E0845C2343521CD2B28A42F9D30BB1EE
:20924000002010BD012010BD30B5134606E0CC18D51A14F8014C5B1E4455DBB2002BF6D152
:2092600030BD70B50E468CB0144601461D4610226846FFF7E9FF1022314604A8FFF7E4FF5C
:20928000684600F059FD08A94FF0100228461CB1FFF7DAFF0CB070BDF4F74BF8FAE738B5E9
:2092A00005460C466846FBF7B2FB002820D09DF900002072E17E617294F90A100022411A2E
:2092C00000D5494295F82D308B4210DCFF2B0ED0E17A491CC9B2E17295F82E30994202D855
:2092E000A17A7F2903D1A0720020E0720122104638BD0C2813D00B2811D00D280FD01F285F
:209300000DD020280BD0212809D0222807D0232805D0242803D0262801D0002070470120B4
:20932000704710B5A2F10F030C2941D2DFE801F006080D1215181C40243E272EAAB337E02B
:20934000072A37D0082A35D032E00C2A32D00B2A30D02DE00D2A2DD02AE00C2B2AD927E093
:20936000103A0B2A26D923E0032B23D990F83800F0B11B2A1ED91BE0062A1BD018E01C2A51
:2093800018D01D2A16D01E2A14D011E01F2A11D0202A0FD0212A0DD0222A0BD0232A09D0D3
:2093A000242A07D0262A05D002E003E00E2A01D0002010BD012010BD2DE9F0410C460546D6
:2093C00040F23577866805E0F8F7F7FF3946F8F7C8FCA8602846F9F7A5F90028F4D08CB198
:2093E0003046A968F9F7EAFC00280BDD2044401EB0FBF4F707FB04F13046F8F7B2FCA86096
:209400003846CCE60020CAE670B5044690420BD2101B642800D2642025188D4205D8042113
:20942000F9F7FFFC08B1284670BD204670BD11F00C0F19D04A074FF41671002A03DA00BF74
:209440004FF0100201E04FF0400201DA4FF0960101F5BC71A0EB0103884202D993FBF2F0E1
:2094600000E0002080B27047022904D06FF00D0101EBD000F6E76FF00E0101EB9000F1E73C
:209480000844184498300AB1042100E000210844704701207047106808667047C10701D06A
:2094A00001207047810701D502207047400701D508207047002070472DE9F04105461646DC
:2094C00088460124084600F054FA0746404600F052FA0346FFF7E2FF02463846FFF7DEFF45
:2094E00052EA000100D10024990700D10022B90700D1002095F86410914200D1002232708D
:2095000095F86510814200D10020707072B968B9404600F032FAB5F87010401A00B247F651
:20952000FE71884201DC002800DC0024204636E610B540F6C4125410012903D0022902D03C
:20954000FFDF02E008B1104610BD204610BDF0B50C7C8B7BCD7B5C404B7C02886B4044EAFB
:209560000324467E62400023D5B2120A95FAA5F592FAA2F22D0E120E45EA022202EB0212A0
:209580005B1C2244DBB292B2032BEDD362402523B2FBF3F403FB142301EBD304837603F0CD
:2095A00007070125247A05FA07F701E0FFDB05003C4201D0C3761AE05643320C521CD2B2D1
:2095C000002403191B7D934213D300230E19367A05FA03F73E4201D0521ED2B222B15B1C76
:2095E000DBB2082BF4D306E003EBC401C1760020F0BDD21AD2B2641CE4B2052CE1D31F209D
:20960000F0BDF0B5837E0C7E012504FB02322523B2FBF3F403FB142201EBD204827602F058
:209620000703247A05FA03F31C4201D0C2761EE0437EB2FBF3F403FB1422521CD2B200238A
:20964000C418247D944214D30024CE1896F8086005FA04F73E4201D0521ED2B222B1641C3E
:20966000E4B2082CF4D306E004EBC301C1760020F0BD121BD2B25B1CDBB2052BE0D31F20E5
:20968000F0BD000030B50546007801F00F0220F00F0010432870092912D2DFE801F005078F
:2096A00005070509050B0F0006240BE00C2409E0222407E001240020E87003E00E2401E083
:2096C0000024FFDF6C7030BD007800F00F0070470A6840F8032F8988818070470A6840F842
:2096E000092F8988818070470278402322F0400203EA81110A4302707047027822F0800235
:2097000042EAC1120270704770B514460E4605461F2A00D9FFDF2246314605F10900F3F73B
:2097200008FEA41D6C7070BD70B514460E4605461F2A00D9FFDF2246314605F10900F3F773
:20974000F8FDA41D6C7070BD30B5017801F00F01032920D0052921D14578B0F81910B0F879
:209760001B40B0F81730827D222D17D1062915D34FF44865A94211D8B4F5FA7F0ED26AB171
:20978000082A0BD88A4209D28B4207D8B0F81D00A84205D902E040780C2801D0002030BD28
:2097A000012030BD4078704700B5027801F0030322F003021A430270012905D0022903D023
:2097C000032903D0FFDF00BD002100E00121417000BD00B5027801F0030322F003021A43C4
:2097E0000270012905D0022903D0032903D0FFDF00BD002100E00121417000BD007800F067
:2098000003007047417841B1C078192803D2704A105C884201D1012070470020704730B53F
:2098200001240546C170192902D26948445C02E0FF2900D0FFDF6C7030BD70B514460E46CC
:2098400005461B2A00D9FFDF6C7022463146E81CBDE87040F3F76DBDB0F807007047B0F88B
:2098600009007047B0F80B00704770B5B0F80720B0F80940B0F805300179951F40F67A46D8
:20988000B54210D8B4F5FA7F0DD261B108290AD8914208D2934206D8B0F80B00B0F5486F54
:2098A00001D8012070BD002070BD42680A60007A08717047B0F80900704700797047426834
:2098C0000A6080684860704780890880704750F80E2F0A60406848607047D0F81600086053
:2098E00070470A6842604968816070470968C16070470079704742680A6080684860704780
:209900000171090A417170478171090AC17170470172090A417270478172090AC17270478B
:2099200080887047C0887047008970474089704701891B290CD341894FF4A472914207D32C
:2099400081881B2904D3C088904201D301207047002070470A68426049688160704701796F
:20996000490704D04079400701D001207047002070470079704740797047C08870470CB5E3
:2099800014A2D2E90012CDE900120179407901F0070269461DF80220012A04D800F007006B
:2099A000085C012801D900200CBD01200CBD0171704700797047417170474079704730B556
:2099C0000C460546FB2900D9FFDF6C7030BD0000C0B20100000101020102020310B58C88EE
:2099E0000A894B88C988A0F84430A0F84810A0F84640A0F84A2010BD10B5029C8181C2811F
:209A00000382448210BD1B2202838282C281828142800281028042848284828300290AD186
:209A20004FF4A4714183C18241820182C18041818180C18401857047F0B5B0F84830818F26
:209A4000458EC48E8B4200D30B46B0F84A10B0F84020914200D20A464386C286068F478F75
:209A600000F130019E4200D21E46974200D217460E814F81AB4201D1A24201D0012400E0CE
:209A80000024B0F84420C38F068E858E9A4200D31A46B0F84670B0F842309F4200D23B46E2
:209AA00090F85A70022F08D1964200D232469D4200D22B46002780F85A700A808B80B24214
:209AC00001D1AB4201D0012000E000202043F0BD508088899080C889D080088A1081488A3E
:209AE000508101201070704770B502884A80048E8C80838ECB80428E0A81C58E4D81B0F8A6
:209B00005660AE420BD1B0F85250954207D1B0F858509D4203D1B0F85430A34201D00123C1
:209B200000E000230B73A0F852204A89A0F856208A88A0F85420CA88A0F8582001200870A0
:209B400070BD70B50C46088E91F8641000F016F8A18E0546A94200D20D46208F94F8651096
:209B600000F00CF8618F814200D2084601462846BDE8704000221346FFF782BC11F00C0F49
:209B800004D04FF4747101EB801006E0022902D0C000703001E080003C3080B27047000054
:209BA0002DE9F0410C4612490D68114A114908321160A0F12001312901D301200CE0412886
:209BC00010D040CC0C4F94E80E0007EB8000241F50F8807C3046B84720600548001D0560F7
:209BE000BDE8F081204601F0B9F8F5E7062070471005024001000001DCB2010010B5554844
:209C0000F9F704FD00B1FFDF5248401CF9F7FEFC002800D0FFDF10BD2DE9F14F4E4E82B01D
:209C2000D6F800B001274B48F9F7F8FCDFF8248120B9002708F10100F9F706FD474C0025E6
:209C40004FF0030901206060C4F80051C4F80451029931602060DFF808A11BE0DAF80000C1
:209C6000C00617D50E2000F068F8EFF3108010F0010072B600D001200090C4F80493D4F879
:209C8000000120B9D4F8040108B901F071F8009800B962B6D4F8000118B9D4F804010028FE
:209CA000DCD0D4F804010028CCD137B1C6F800B008F10100F9F7B2FC11E008F10100F9F799
:209CC000ADFC0028B6D1C4F80893C4F80451C4F800510E2000F031F81E48F9F7B5FC002049
:209CE000BDE8FE8F2DE9F0438DB00D46064600240DF110090DF1200818E000BF04EB4407BB
:209D0000102255F827106846F3F713FB05EB8707102248467968F3F70CFB6846FFF77CFFB8
:209D200010224146B868F3F704FB641CB442E5DB0DB00020BDE8F0836EE7002809DB00F0E5
:209D40001F02012191404009800000F1E020C0F8801270476C01002004E5004000E000405E
:209D600010ED00E0B64900200870704770B5B54D01232B60B44B1C68002CFCD0002407E05C
:209D80000E6806601E68002EFCD0001D091D641C9442F5D30020286018680028FCD070BDBD
:209DA00070B5A74E0446A94D3078022800D0FFDFAC4200D3FFDF7169A548012903D847F225
:209DC0003052944201DD03224271491C7161291BC1609F49707800F030F9002800D1FFDF19
:209DE00070BD70B5964C0D466178884200D0FFDF964E082D4BD2DFE805F04A041E2D4A4A6C
:209E00004A382078022800D0FFDF03202070A078012801D020B108E0A06800F041FD04E0B8
:209E200004F1080007C8FFF7A1FF05202070BDE87040F8F7C0B9F8F7C0FA01466068F8F7A7
:209E4000BDFFB04202D2616902290BD30320F9F70EFB12E0F8F7B1FA01466068F8F7AEFF5A
:209E6000B042F3D2BDE870409AE7207802280AD0052806D0FFDF04202070BDE8704000F0DF
:209E8000D2B8022000E00320F9F7F1FAF3E7FFDF70BD70B50546F8F790FA694C606020785D
:209EA000012800D0FFDF6A49012008700020087104208D6048716548C860022020706078BD
:209EC00000F0BBF8002800D1FFDF70BD10B55C4C207838B90220F9F7E0FA18B90320F9F715
:209EE000DCFA08B1112010BD5A48F8F7E1F960701F2804D0012020700020606110BD0320FD
:209F000010BD2DE9F0471446054600EB84000E46A0F1040800F0D7FC07464FF08050016999
:209F20004F4306EB8401091FB14201D2012100E0002189461CB10069B4EB900F02D90920C1
:209F4000BDE8F0872846E7F76FF990B9A84510D3BD4205D2B84503D245EA0600800701D0E3
:209F60001020EDE73046E7F75FF910B9B9F1000F01D00F20E4E7384838490068884205D0DC
:209F8000224631462846FFF7F1FE1AE0FFF79EFF0028D5D12A4800218560C0E903648170BB
:209FA000F9F7DDFA08B12E4801E04AF2F87060434FF47A7100F2E730B0FBF1F01830FFF782
:209FC00068FF0020BCE770B505464FF0805004696C432046E7F728F908B10F2070BD00F052
:209FE00072FCA84201D8102070BD1B481B490068884203D0204600F053FC10E0FFF766FF17
:20A000000028F1D10E48012184608170F9F7A7FA08B1144800E014481830FFF73AFF002090
:20A0200070BD00F053BE10B5054C6078F8F7A2F900B9FFDF0020207010BDF8F7EFBB0000CD
:20A040007001002004E5014000E40140105C0C008C0F0020E39D010058000020BEBAFECAB4
:20A0600050280500645E0100A85B0100714909680160002070476F49086000207047012120
:20A080008A0720B1012804D042F204007047916700E0D1670020704767490120086042F21E
:20A0A0000600704708B50423634A1907103230B1C1F80433106840F0010010600BE01068A3
:20A0C00020F001001060C1F808330020C1F808015A4800680090002008BD011F0B2909D875
:20A0E000554910310A6822F01E0242EA400008600020704742F205007047000100F1804090
:20A10000C0F8041900207047000100F18040C0F8081900207047000100F18040D0F80009AE
:20A12000086000207047012801D907207047444A52F8200002680A430260002070470128EE
:20A1400001D9072070473E4A52F8200002688A43026000207047012801D907207047384A82
:20A1600052F820000068086000207047020035494FF0000003D0012A01D0072070470A60F8
:20A18000704708B54FF40072510510B1C1F8042308E0C1F808230020C1F8240127481C301A
:20A1A00000680090002008BD08B58022D10510B1C1F8042308E0C1F808230020C1F81C012A
:20A1C0001E48143000680090002008BD08B54FF48072910510B1C1F8042308E0C1F8082303
:20A1E0000020C1F820011548183000680090002008BD10493831096801600020704770B553
:20A200004FF080450024C5F80841F9F7B4F910B9F9F7BBF928B1C5F82441C5F81C41C5F834
:20A2200020414FF0E020802180F800140121C0F8001170BD00040040000500400801004067
:20A24000A0B30100780500406249634B0A6863499A42096801D1C1F310010160002070475A
:20A260005C495D4B0A685D49091D9A4201D1C0F310000860002070475649574B0A68574950
:20A2800008319A4201D1C0F3100008600020704730B5504B504D1C6842F20803AC4202D035
:20A2A000142802D203E0112801D3184630BDC3004B481844C0F81015C0F81425002030BDC6
:20A2C0004449454B0A6842F209019A4202D0062802D203E0042801D308467047404A01216D
:20A2E00042F83010002070473A493B4B0A6842F209019A4202D0062802D203E0042801D3C1
:20A3000008467047364A012102EBC00041600020704770B52F4A304E314C156842F209031B
:20A3200004EB8002B54204D0062804D2C2F8001807E0042801D3184670BDC1F31000C2F81B
:20A340000008002070BD70B5224A234E244C156842F2090304EB8002B54204D0062804D239
:20A36000D2F8000807E0042801D3184670BDD2F80008C0F310000860002070BD174910B52A
:20A380000831184808601120154A002102EBC003C3F81015C3F81415401C1428F6D3002016
:20A3A00006E0042804D302EB8003C3F8001807E002EB8003D3F80048C4F31004C3F8004839
:20A3C000401C0628EDD310BD04490648083108607047000058000020BEBAFECA00F5014085
:20A3E00000F001400000FEFF814B1B6803B19847BFF34F8F7F4801687F4A01F4E06111433A
:20A400000160BFF34F8F00BFFDE710B5EFF3108010F0010F72B601D0012400E0002400F04F
:20A42000DDF850B1E6F7A4FFF7F761FDF8F7C1FFF9F7E2FC71490020086004B962B60020C6
:20A4400010BD2DE9F0410C460546EFF3108010F0010F72B601D0012600E0002600F0BEF8FD
:20A4600020B106B962B60820BDE8F08100F006FDE6F782FF0246002001234709BF0007F112
:20A48000E02700F01F01D7F80071CF40F9071BD0202803D222FA00F1C90727D141B200295D
:20A4A00004DB01F1E02191F8001405E001F00F0101F1E02191F8141D4909082916D203FA32
:20A4C00001F717F0EC0F11D0401C6428D5D3F9F771FC4B4A4B490020F9F7B4FC47494A48A9
:20A4E00008602046E6F7A7FE60B904E006B962B641F20100B8E73E4804602DB12846E6F752
:20A50000E7FE18B1102428E0404D19E02878022802D94FF4805420E007240028687801D00B
:20A52000D8B908E0C8B1202817D8A878212814D8012812D001E0A87878B9E8780B280CD8E9
:20A54000E6F71AFF2946F8F71AFFF7F78FFC00F0EDF92846E6F7DAFE044606B962B61CB12E
:20A56000FFF753FF20467FE700207DE710B5044600F034F800B101202070002010BD24495C
:20A5800008600020704770B50C4622490D682149214E08310E60102807D011280CD0122847
:20A5A0000FD0132811D0012013E0D4E90001FFF748FF354620600DE0FFF727FF00252060E8
:20A5C00008E02068FFF7D2FF03E0114920680860002020600F48001D056070BD07480A49CF
:20A5E0000068884201D101207047002070470000880100200CED00E00400FA0558000020AB
:20A600004810002000000020BEBAFECAA8B3010004000020100502400100000100B5854906
:20A6200010F1080F19D00CDC10F1280F1DD010F1140F18D010F1100F13D010F10C0F08D108
:20A640000DE010F1040F06D080B103280ED004280CD0FFDF00BDFC2008E0F82006E0F42030
:20A6600004E0F02002E0EC2000E0D820086000BD704900B5091D012803D0022803D0FFDF90
:20A6800000BD032000E00420086000BD2DE9F04105460C4617461046F9F76CFD4FF47A768E
:20A6A000022C10D0012C10D040F6340144183846F9F7C5FD204449F679710844B0FBF6F01E
:20A6C000281ABDE8F0813146F0E74FF4C861EDE770B505460C460846FAF7F4FA022C10D097
:20A6E000012C11D04FF4AF5149F6CA62511A08444FF47A7100F2E140B0FBF1F0281A801E3A
:20A7000070BD40F24C41EFE740F63401ECE770B5064615460C460846FAF7D4FA4FF47A71E0
:20A7200040F63402022D11D0012D11D01346022C11D0012C01D04FF4AF529A1A104449F69D
:20A74000FC621044B0FBF1F0301A70BD0B46EEE74FF4C863EBE740F24C42EEE770B50446DA
:20A760000E460846F9F706FD05463046F9F767FD28444AF2AB3108444FF47A71B0FBF1F0A5
:20A78000201A801E70BD2DE9F04106461D460C461746104600F045F806EB4601C1EBC611D1
:20A7A00000EBC100022C15D0012C16D04FF4AF5146182046FAF786FA301A4FF47A7100F6E1
:20A7C000B730B0FBF1F43846F9F741FD20442844401D76E740F24C41EAE740F63401E7E703
:20A7E00070B5044615460E460846F9F7C3FC04EB4401C1EBC411C0EBC1043046F9F71FFD97
:20A80000241A284600F00DF820444FF47A7100F6B730B0FBF1F42846F9F719FD2044401D63
:20A8200070BD082803D0042801D0F9F7A3BC4EF6283070470C150040F0B585B00C46054671
:20A84000FEF7DCFF07466E78204603A96A46F5F704FA81198EB258B1012F02D0032005B08C
:20A86000F0BD204604AA0399F5F719F9049D01E0022F0FD1ED1C042E0FD32888BDF8001058
:20A88000001D80B2884201D8864202D14FF00000E5E702D34FF00200E1E74FF00100DEE73D
:20A8A0000B4A022111600B490B68002BFCD0084B1B1D186008680028FCD00020106008688A
:20A8C0000028FCD070474FF0805040697047000004E5014000E4014002000B464FF000007D
:20A8E000014620D0012A04D0022A04D0032A0DD103E0012002E0022015E00320072B05D2EE
:20A90000DFE803F00406080A0C0E100007207047012108E0022106E0032104E0042102E037
:20A92000052100E00621F7F7E4BC0000E248052181700021017041707047E0490A78012A4B
:20A9400005D0CA681044C8604038F8F704BA8A6810448860F8E7002819D00378D849D94A72
:20A9600013B1012B0ED011E00379012B00D06BB943790BB1012B09D18368643B8B4205D2D0
:20A98000C0680EE00379012B02D00BB10020704743790BB1012BF9D1C368643B8B42F5D2C8
:20A9A00080689042F2D801207047C44901220A70027972B100220A71427962B104224A71A7
:20A9C000826852328A60C068C860BB490220887070470322EFE70322F1E770B5B74D04468F
:20A9E00000202870207988B100202871607978B10420B14E6871A168F068F7F7B2F9A86014
:20AA0000E0685230E8600320B07070BD0120ECE70320EEE72DE9F04105460226F8F7C5F862
:20AA2000006800B1FFDFA44C01273DB12878B8B1012805D0022811D0032814D027710DE073
:20AA40006868C82808D30421F8F7EBF920B16868FFF773FF012603E0002601E000F014F94C
:20AA60003046BDE8F08120780028F7D16868FFF772FF0028E2D06868017879B1A0780428FA
:20AA800000D0FFDF01216868FFF7A7FF8B49E07800F003F90028E1D1FFDFDFE7FFF785FF6A
:20AAA0006770DBE72DE9F041834C0F46E178884200D0FFDF00250126082F7DD2DFE807F031
:20AAC000040B28283D434F57A0780328C9D00228C7D0FFDFC5E7A078032802D0022800D0BB
:20AAE000FFDF0420A07025712078B8BB0020FFF724FF72480178012906D08068E06000F01F
:20AB0000F9F82061002023E0E078F7F782FDF5E7A078032802D0022800D0FFDF207880BB3F
:20AB2000022F08D05FF00500F8F7A1FCA078032840D0A57095E70420F6E7A078042800D033
:20AB4000FFDF022004E0A078042800D0FFDF0120A1688847FFF75EFF054633E003E0A0787A
:20AB6000042800D0FFDFBDE8F04100F08DB8A078042804D0617809B1022800D0FFDF2078D5
:20AB800018B1BDE8F04100F08AB8207920B10620F8F76DFC25710DE0607840B14749E078C8
:20ABA00000F07BF800B9FFDF65705AE704E00720F8F75DFCA67054E7FFDF52E73DB1012DAE
:20ABC00003D0FFDF022DF9D14BE70420C0E70320BEE770B5050004D0374CA078052806D169
:20ABE00001E0102070BD0820F8F757FC08B1112070BD3548F7F75CFBE0701F2806D0012145
:20AC0000F8F730FA0020A560A07070BD032070BD294810B5017809B1112010BD81780529DB
:20AC200006D0012906D029B101210170002010BD0F2010BD00F033F8F8E770B51E4C054614
:20AC4000A07808B1012809D155B12846FFF783FE40B1287840B1A078012809D00F2070BD3D
:20AC6000102070BD072070BD2846FFF79EFE03E000212846FFF7B1FE1049E07800F00DF866
:20AC800000B9FFDF002070BD0B4810B5006900F029F8BDE81040F7F78EBAF7F7BFBD06485B
:20ACA00010B5C078F7F766FB00B9FFDF0820F8F7DEFBBDE8104039E68C0100209C0F002035
:20ACC0003D860100FF1FA107A5AA010010B5134C2060201D0160114810300260001D0360DD
:20ACE000002010BD0E490A6848F202139A4302430A6070470A4A116848F2021301EA030002
:20AD0000994311607047054B02465B4210201344FC2B01D8116000207047000000060040E5
:20AD2000C806024070477047704700001EF0040F0CBFEFF30880EFF30980014A104700007B
:20AD40005F3E010001B41EB400B5F8F7A9FD01B40198864601BC01B01EBD000082690349EA
:20AD600081614FF0010010447047000045AD01000FF20C0000F10000694641F8080C20BFDA
:20AD800070470000FEDF18490978F9B90420714608421BD10699154A914217DC06990229EC
:20ADA00014DB02394878DF2810D10878FE2807D0FF280BD14FF001004FF000020C4B18470A
:20ADC00041F201000099019A094B1847094B002B02D01B68DB6818474FF0FF3071464FF07E
:20ADE0000002034B1847000028ED00E000C00100E9A3010004000020174818497047FFF7D0
:20AE0000FBFFE6F7CBF900BD154816490968884203D1154A13605B68184700BD20BFFDE79B
:20AE20000F4810490968884210D1104B18684FF0FF318842F2D080F308884FF02021884223
:20AE400004DD0B48026803210A4302600948804709488047FFDF0000B00F0020B00F0020B5
:20AE600000100000000000200400002000C0010014090040DD2F000009AE0100F0B4404672
:20AE8000494652465B460FB402A0013001B50648004700BF01BC86460FBC80468946924689
:20AEA0009B46F0BC704700000911000004207146084202D0EFF3098101E0EFF30881886994
:20AEC00002380078102813DB20280FDB2C280BDB0A4A12680A4B9A4203D1602804DB094AA1
:20AEE0001047022008607047074A1047074A1047074A12682C3212681047000058000020F8
:20AF0000BEBAFECA7D130000A19B010087A50100040000200D4B0E4908470E4B0C490847D8
:20AF20000D4B0B4908470D4B094908470C4B084908470C4B064908470B4B054908470B4BE8
:20AF4000034908470A4B02490847000019AC000059B00000A52F00000BA8000099A70000D2
:20AF6000A1AE0000991300004D7700001DB000002DAD01005F820000078400006585000014
:20AF8000C9850000038600003786000069860000998600002187000047830000898500008F
:20AFA00013120000C12100000B2200006F220000F522000011240000D3240000052500005F
:20AFC000E3250000CB2600001F270000A1270000C1270000B92D0000DD2D0000FD2C000069
:20AFE000592D00000F2E0000A32E00002F3D0000093E00003D4100003D420000B342000018
:20B000001D430000814300001712000075440000E1440000E3270000E927000017120000C2
:20B02000171200001712000017120000F32700002B280000A128000017120000171200000D
:20B040002D22000087290000A9290000F5290000131200001312000013120000131200006D
:20B06000EF5200007553000091530000AD5300003B550000D7530000E1530000235400007E
:20B080004554000021550000635500001312000013120000676E0000876E0000916E0000D6
:20B0A000CB6E0000F96E0000E96F0000777000008B700000D9700000EF7100009573000005
:20B0C000BD740000E95D0000D57400001312000013120000A1A0000003A200005DA2000081
:20B0E000D7A2000083A30000100110013A0200001A0200040506000007000000FFFFFFFF25
:20B100000000FFFFE39C0000BF1C0000934E0000335E0000E97A000000000000A17D0000E4
:20B120007D7D00008F7D000000000200000000000002000000000000000100000000000004
:20B14000136C0000F36B0000616C00007152000033520000535200002194000039940000D6
:20B160004396000041370000816C000000000000B16C0000BF520000000000000000000063
:20B18000000000002395000000000000C1370000555555D6BE898E0000006406640C641205
:20B1A00000000803AC055008000054044408340C75DF0000DDE00000D7DE000073DF00007F
:20B1C0001B5D0100ABE1000000000000480800004808000051350000513500009B21000002
:20B1E000439B0000B7600000A34D0000F97301008135000081350000BF210000D59B000041
:20B200003F610000174E00000F74010070017001400038005C002400200200000300656CD5
:20B220007462000000000000000000000000000000008700000000000000000000000000B1
:20B240000000BE83605ADB0B376038A5F5AA9183886C0000010000008B0801005D170100E8
:20B260000000000102060304050000000700000000000000060000000A0000003200000070
:20B2800073000000B4000000F401FA00960064004B0032001E0014000A00050002000100DD
:20B2A0000041000000000000AB830100E58701008F870100BD8301000000000029890100A6
:20B2C0000C0802170D010102090901010602091818030101090903030500000049A20100CD
:20B2E00061A2010079A2010091A20100C1A20100E9A2010013A3010047A30100C79F010001
:20B30000039F010023A0010007AD01000D3601001D360100493601001B370100233701004B
:20B32000353701007FA0010099A001006DA0010077A00100A5A00100DBA00100ED9B0100D5
:20B34000FBA0010009A1010017A1010027A101003FA1010057A101006DA10100ED9B0100B2
:20B3600000000000B7A900000DAA000023AA0000D9A80100199C0100E59C0100D3AB0100B0
:20B3800011AC01003BAC0100113401005D39010083A10100A9A10100CDA10100F3A10100B6
:20B3A0001C0500402005004000100200CCB3010008000020980100004411000000B401006A
:20B3C000A0010020100E00008011000001150545481000200519A40500203601000100887E
:20B3E0003720FB349B5F80041F8000100D9DCB090020880900200E0A0020024810000000B9
:20C000000000022099A00300C1A00300C3A00300C5A00300C7A00300C9A0030000000000BA
:20C02000000000000000000000000000CBA00300CDA0030000000000CFA00300D1A003003C
:20C04000D3A00300F1F50200399F0300FD9E0300119F0300D3A00300498703006D74030029
:20C06000399B0300419B0300499B0300D3A00300D3A00300D3A00300D3A00300D3A00300D5
:20C08000D3A0030009A90300D3A00300D3A00300D3A00300D3A0030045DE0300D3A0030001
:20C0A000D3A00300D3A00300519B0300599B0300D3A00300D3A003000000000000000000C2
:20C0C000D3A00300D3A00300D3A00300259F0300D3A00300D3A00300D3A00300D3A003005F
:20C0E000619F030000000000000000000000000000000000D3A00300000000004D9F0300D8
:20C1000000000000000000000000000000000000000000000000000000000000000000001F
:20C120000000000000000000000000000000000000000000000000000000000000000000FF
:20C140000000000000000000000000000000000000000000000000000000000000000000DF
:20C160000000000000000000000000000000000000000000000000000000000000000000BF
:20C1800000000000000000000000000000000000000000000000000000000000000000009F
:20C1A00000000000000000000000000000000000000000000000000000000000000000007F
:20C1C00000000000000000000000000000000000000000000000000000000000000000005F
:20C1E00000000000000000000000000000000000000000000000000000000000000000003F
:20C200002DE9F04F85B003910778A7F10903042B044607F07F0200F10100F5D9202AF3D01F
:20C220002B2F04BF677804462D2F75D09FED427B8DED007B4FF000084FF000099FB34FF0B9
:20C24000000C25464FF0000ADFF8FCB0644619E028F046F880468946304627F0D7FF424622
:20C260004B4627F087FE5246804689465B46DDE900013CB328F05EF9CDE90001A44615F8F0
:20C28000017F7FB1A7F13006092E52465B4640464946DDD9CCB92E2F17D115F8017F012469
:20C2A000002FEFD12C4642464B46DDE9000128F017F880468946039B404649461C6005B09D
:20C2C000BDE8F08F4FF0010CD9E72C46BCF1000F29D042464B46DDE9000128F001F807F01F
:20C2E000DF07452F80468946E5D10399681C0A2227F00EFE14490246002028F051FB0246B9
:20C300000B464046494627F0EBFF804689464046494605B0BDE8F08F9FED097B67788DEDCA
:20C32000007B013486E7DFF824904FF000084046494605B0BDE8F08F000000000000F03FF1
:20C34000000000000000F0BF000024400000F87F2DE9F0470023144600228046894628F0BA
:20C3600031FA28B109F1004399462D2323700134002200234046494628F01AFA28B13022D4
:20C38000002322706370BDE8F0874046494625F0F7FA28F055FA73A3D3E9002307464946A6
:20C3A000404628F00FFA00284ED170A3D3E900234046494628F024FA002845D10E2F07F1DF
:20C3C000010540F3B980A7F10E0632460020624928F0E6FA02460B464046494628F0AAF89C
:20C3E00000225E4B27F0C6FD28F016FB002DA7F10F0E4FF0010C4DDD594FDFF8788101227C
:20C4000045F6F3294FF02E0A494508BF40454FF030030AD3B0EB080061EB0901494508BFD7
:20C42000404503F10103F5D2DBB2237050EA010304F101084AD1954252DD0132102A4FD0AF
:20C44000444677E90289DFE7002F33DB3A460020414928F0A5FA02460B464046494628F0BD
:20C4600069F83BA3D3E9002380468946012500264046494627F034FF0022384B27F07AFD2B
:20C4800028F0CAFA002DBC464FF0FF3E37464FF00006B1DC234630224FF02E0803F8022B6E
:20C4A00084F80180FC4345D01C4403F8012BA342FBD1A1E77A420020274928F071FA024654
:20C4C0000B464046494627F00BFFCAE7954202F1010204BF84F801A004F10208102AAFD1BE
:20C4E0006EB14246302102F8011BC2F1010373444344002BF7DC2EEAEE7301339844BCF105
:20C50000010F12D0BCF1000F4FF0650388F80030C5BF2B2388F8013008F1010108F102019C
:20C520006046BDE8F04713F04BBA002388F80030BDE8F0871C465FE7C7F10E0200200649A3
:20C5400028F02EFA3E4602460B46012790E700BF0000901EC4BCD642000024400000E03F57
:20C56000C85604008DEDB5A0F7C6B03E50EFE2D6E41A4B4400407A1070B54FF0FF3005F049
:20C580000BFE04466FF07F4005F006FE0646204627F02CFE00220C4B27F0A2FE044630464E
:20C5A0000D4627F023FE06A3D3E9002327F0C2FF02460B462046294627F0DCFC70BD00BF47
:20C5C0000000E0DFFFFF6F430000F03D000000004389DA0700F115822DE9F04F43F00103FE
:20C5E0004FF080424381D2F80034C14A99B005460B92002B00F0F48113680133136010F08A
:20C60000F3FB05F1D0031C46002128460A9311F0DFFC204613F0C2FCB64C04F1F00654F899
:20C62000043F184613B11B681B689847A642F6D1284609F0C3FAB04B0A9F0024CDE9123419
:20C6400012AB93E8030010268DE80300224602962B4640F2FD31384611F066FCA74BCDE997
:20C66000143414AB93E80300C0238DE80300029364222B4640F2FD31384611F055FCA04B33
:20C68000CDE9163418AB13E9030022468DE8030002962B464FF47F71384611F045FC68890B
:20C6A000984BA021602240F4C040E02780266881402483F8097383F80A1383F81A2383F864
:20C6C0001B2383F8071383F81C1383F8216383F8222305F2CC721746079205F5E86083F836
:20C6E000016383F8024383F8064309F0B7FF3846854916F08DFE3C4684490746204616F0BE
:20C7000087FE2B68824A5B680990934240F07581642013F079FE0B9B4FF0000A1B680893D3
:20C7200005F10C0B0FF2B819D9E9008954465B465646A3469A46089B032B00F0938005F660
:20C740008C0016F079FD002840F0A280002F00F0E180FF233246214605F62C0019F0A0FC0A
:20C760002B685B6814206A4A934240F08D8013F04BFE0134E4B2052C0BF1010B02D1731CB7
:20C78000DEB20024BBF1190F00F09180002FD2D05D49079816F070FF384628F0D9FA09987B
:20C7A00028F0D6FA0B9A0023136009F051FA01460CA819F0E7FF1DF05BFA42464B46CDE9F7
:20C7C000040128F0D5F80EA8114619F0C7FF42464B46DDE9040128F0CBF842464B4628F0A3
:20C7E000C7F80FAB1146184619F0B8FF3EA3D3E90023DDE9040128F0BBF8014610A819F0ED
:20C80000ADFF0FAA10A911A81AF04AF80EAA11A90DA81AF045F811A819F080FF10A819F085
:20C820007DFF0FA819F07AFF0EA819F077FF079A01230CA9CDE9002350460A9B0DAA0EF0CB
:20C8400017F90DA819F06AFF0CA819F067FF05F68C0205F61C0150460DF0DCFE089B032B9F
:20C860007FF46DAFBBF1180F25DCFF233246214605F62C0019F014FC2B68254A5B6893427A
:20C880004FF00A003FF473AF01462846984770E705F50B6016F0D0FC00283FF457AFBBF1CB
:20C8A000180F7FF756AF002F7FF453AF05E0002F3FF472AF6CE7002FD7D1099B73B3FF23B4
:20C8C0003246214605F62C0019F0EAFB089A2B68032A14BF14200A205B6844E7AFF30080C1
:20C8E00000CA9A3B00000000000064A7B3B6E00D30200020203A0020CDDA0200B9DA020010
:20C900006DDB020000E100E0F0690400B86C040069DA0200099B002B7FF41BAF09F098F9AC
:20C9200001460CA819F02EFF1DF0A2F938A3D3E9002306460F4628F01BF80EA8114619F082
:20C940000DFF33A3D3E900233046394628F010F82FA3D3E9002328F00BF80FA8114619F01E
:20C96000FDFE2DA3D3E900233046394628F000F8014610A819F0F2FE0FAA10A911A819F0DC
:20C980008FFF0EAA11A90DA819F08AFF11A819F0C5FE10A819F0C2FE0FA819F0BFFE0EA817
:20C9A00019F0BCFE0024079B00930DAA0A9B01940CA950460EF05CF80DA819F0AFFE0CA8AE
:20C9C00019F0ACFE11F04CF82B680F4A5B6893420CD10A2013F018FD204619B0BDE8F08F69
:20C9E0004FF47A70136014F08DF808E628460A219847204619B0BDE8F08F64212846984783
:20CA000089E60248704700BF69DA020016FCFFFF00CA9A3B00000000000064A7B3B6E00D92
:20CA20002DE9F04F2DED028B044683B0C06827F0EDFB80462069894627F0E8FB82466069AD
:20CA40008B4627F0E3FB024601F1004306460F464046494624F048FE27F03AFFE0620546A6
:20CA600024F0FAFC0190284624F0AAFC019B0546184627F0DDFB42464B4627F031FC80469C
:20CA80002846894627F0D4FB32463B4627F028FC02460B464046494627F06AFA02460B467D
:20CAA0005046594624F020FE27F012FF002208EE100A00233046394627F0A2FE28B3B5EE68
:20CAC000C08AF1EE10FA1CDD11A7D7E9006718EE100A27F0ADFB02460B463046394627F0C7
:20CAE00047FA32463B4627F045FA27F0F1FEA062E38843F00203E38003B0BDEC028BBDE80A
:20CB0000F08F05A7D7E90067E1E784ED0A8AEFE7EA2E4454FB21F93FEA2E4454FB21F9BF98
:20CB2000494A21F0004393422DE9704304460D4649DC464A93420E460EDC3FA3D3E900234A
:20CB400027F018FA0022424B27F05AFE00284AD020462946BDE870833E4A934239DCB3F1C9
:20CB6000804F40DD24F01AFB2246804689462B462046294627F0B4FB0022354B27F0FAF9EB
:20CB800025F0BAFB42464B4627F0F4F902460B4600202F4927F0CEFC424604460D464B46E6
:20CBA0004046494627F0E6F902460B462046294627F0E0F901F0A0FE002E08DC01F1004336
:20CBC0001946BDE8708302460B4627F0D3F9BDE8708324F0E3FA01F08FFE19A3D3E9002340
:20CBE00027F0C8F9E8E722462B462046294627F077FB804689462046294624F0CFFA0022EE
:20CC000004460D46124B4046494627F0B3F925F073FB00220E4B27F0ADF902460B46404668
:20CC2000494627F087FC22462B4627F0A3F900F0A7FAC1E7AFF300809C7500883CE4377E76
:20CC4000EF39FAFE422EE63FFFFFEF7FFFFF2F3E0000F03F0000B0412DE9F84FBE4B21F0B1
:20CC600000469E4204460D468A460EDDBB4B9E4200F3B18000F0AC80BAF1000F40F3EA80B9
:20CC800099A1D1E90001BDE8F88FB54B9E4200F3BA80A3F1DE739E4240F3A5804FF0FF3BD0
:20CCA00022462B462046294627F01AFB02460B468046894627F014FB8DA3D3E900230646EB
:20CCC0000F4627F00DFB8CA3D3E9002327F052F932463B4627F004FB89A3D3E9002327F03F
:20CCE00049F932463B4627F0FBFA87A3D3E9002327F040F932463B4627F0F2FA84A3D3E9B5
:20CD0000002327F037F932463B4627F0E9FA82A3D3E9002327F02EF942464B4627F0E0FA6A
:20CD20007FA3D3E90023804689463046394627F0D7FA7DA3D3E9002327F01AF932463B465E
:20CD400027F0CEFA7AA3D3E9002327F011F932463B4627F0C5FA78A3D3E9002327F008F9F6
:20CD600032463B4627F0BCFA75A3D3E9002327F0FFF832463B4627F0B3FA02460B4640460C
:20CD8000494627F0F7F822462B4627F0A9FABBF1FF3F02460B4661D0724B734E4FEACB0B2A
:20CDA0005B44D3E9002327F0E3F822462B4627F0DFF8B34402460B46DBE9000127F0D8F800
:20CDC000BAF1000F0DDA01F100431946BDE8F88F00283FF451AF22462B462046294627F0D2
:20CDE000C9F8BDE8F88F58A3D3E9002327F0C2F800225E4B27F004FD00283FF44FAF2046F9
:20CE00002946BDE8F88F24F0C9F9594B9E4204460D4629DCA3F550239E424EDC02460B46CD
:20CE200027F0A8F80022514B27F0A2F8002206460F464FF080432046294627F09BF8024640
:20CE40000B463046394627F075FB4FF0000B04460D4625E73EA1D1E90001C2E720462946FA
:20CE600027F086F8BDE8F88F424B9E421ADC0022414B27F07DF8002206460F463E4B2046A2
:20CE8000294627F02DFA0022384B27F073F802460B463046394627F04DFB4FF0020B04463B
:20CEA0000D46FDE602460B460020344927F042FB4FF0030B04460D46F2E600222B4B27F041
:20CEC00057F8002206460F46284B2046294627F051F802460B463046394627F02BFB4FF08E
:20CEE000010B04460D46DBE6182D4454FB21F93F11DA22E33AAD903FEB0D76244B7BA93FB1
:20CF0000513DD0A0660DB13F6E204CC5CD45B73FFF8300922449C23F0D5555555555D53FBD
:20CF20002F6C6A2C44B4A2BF9AFDDE522DDEAD3F6D9A74AFF2B0B33F711623FEC671BC3F11
:20CF4000C4EB98999999C93F9C7500883CE4377E182D4454FB21F9BFFFFF0F440000F07FD8
:20CF6000FFFFDB3FF0560400D05604000000F03FFFFFF23FFF7F03400000F83F0000F0BF20
:20CF80002DE9F041C1F30A57A7F2FF35132D02460B460C468846064620DC002D4ADB364F50
:20CFA0002F4101EA070C5CEA000C1CD030A3D3E9002326F0DFFF0022002327F021FC48B1AD
:20CFC000002C04DD4FF4801343FA05F5A84428EA0704002621463046BDE8F081332D06DDD2
:20CFE000B5F5806F38D010461946BDE8F081A7F213474FF0FF3C2CFA07F70742F3D01CA369
:20D00000D3E9002326F0B6FF0022002327F0F8FB0028DFD0002C09DD142D22D00123C5F121
:20D02000340503FA05F5AE1928BF984426EA07064446CFE70EA3D3E9002326F09BFF002277
:20D04000002327F0DDFB0028C4D0002C0CDB264305D00026094CBDE726F08CFFC5E73446CB
:20D06000B8E704F10108E1E700264FF00044B1E79C7500883CE4377EFFFF0F000000F03F60
:20D080002DE9F041C1F30A57A7F2FF35132D02460B460C46884606461DDC002D3CDB364F60
:20D0A0002F4101EA070C5CEA000C19D030A3D3E9002326F05FFF0022002327F0A1FBC8B32E
:20D0C000002C04DA4FF4801343FA05F5A84428EA070400262EE0332D06DDB5F5806F2DD023
:20D0E00010461946BDE8F081A7F213474FF0FF3C2CFA07F70742F3D01DA3D3E9002326F013
:20D1000039FF0022002327F07BFB98B1002C21DB26EA070644460DE015A3D3E9002326F053
:20D1200029FF0022002327F06BFB18B1002C08DB0026344621463046BDE8F08126F01AFF6B
:20D14000D0E724F000430D4A1E43002E18BF14460026EFE7142D08D00123C5F1340503FA85
:20D1600005F5AE1928BF9844D2E704F10108CFE79C7500883CE4377EFFFF0F000000F0BF94
:20D180002DE9F04FD84B994287B08046894643DDD64B99420E4600F3F480D54B994240F36B
:20D1A0002D819FEDBB7B8DED047B4FEA215A0446AAF2FF3ACF4BC6F313069E4246F07F555D
:20D1C00000F3128145F44015204629460022CA4B26F0CEFE002204460D46C84B27F080F8EC
:20D1E00022462B4627F07CF8A046CDE90201A946CDE90001002E3AD1002200232046294633
:20D2000027F0D6FA002800F01B81BAF1000F40F0858100200021B8E0B94B21F000449C4273
:20D220000A460FDD0022B74B27F0C2FA002800F0AF80002200230020B34927F07BF907B0D1
:20D24000BDE8F08FB14B9C4240F3AF80B04B1A449A4240F2D3800022A84B27F041F84246C7
:20D260004B4627F03DF8CDE900014FF0000A00224FF080434046494626F07CFE02460B466F
:20D280004046494627F056F902460B4606460F4627F026F880A3D3E9002304460D4627F0EE
:20D2A0001FF87FA3D3E9002326F064FE22462B4627F016F87CA3D3E9002326F05BFE22460B
:20D2C0002B4627F00DF87AA3D3E9002326F052FE22462B4627F004F877A3D3E9002326F064
:20D2E00049FE22462B4626F0FBFF75A3D3E9002326F040FE22462B4626F0F2FF72A3D3E902
:20D30000002326F037FE22462B4626F0E9FFDDE9002326F02FFE32463B4626F0E1FF044663
:20D320000D46BAF1000F00F0A880504626F06EFF67A3D3E9002382468B4626F0D1FF66A33E
:20D34000D3E9002306460F465046594626F0C8FFDDE9042326F00EFE22462B4626F00AFE35
:20D3600002460B46DDE9000126F002FE42464B4626F0FEFD02460B463046394626F0F8FD74
:20D3800003E002460B4626F0F5FD07B0BDE8F08F42464B464046494626F0EAFD02460B466A
:20D3A00027F0C8F807B0BDE8F08F0022594B26F0E1FD0022002327F023FA10B1564B9C4248
:20D3C00062DD42464B464046494626F089FF00224A4B26F085FF02460B464046494626F02D
:20D3E000C7FD07B0BDE8F08F45F40015C6F5801620462946B6100AF1010AE7E600223E4BD6
:20D400004046494626F0B6FD4FEA215AAAF2FF3ABAF1000F04460D460E4640F3BD80424602
:20D420004B4626F0A5FD02460B460020324926F09FFD22462B4627F07DF8CDE90401B9E6FE
:20D4400027A3D3E900232046294626F049FF02460B460020284926F08BFDDDE9022326F027
:20D460003FFF06460F46BAF1000F75D102460B462046294626F07CFD87E702460B46DDE903
:20D48000000126F075FDA6E7404649467DE700BF000000000000000044523EDF12F1C23F87
:20D4A0009FC678D0099AC33FDE03CB966446C73FAF788E1DC571CC3F599322942449D23FF5
:20D4C00004FA97999999D93F935555555555E53F0000E0FE422EE63F763C7935EF39EA3D52
:20D4E000555555555555E53F7982DA3FFFFFEF7FFFFF3F439DA006000000F03F0000E03F79
:20D50000FFFFEF3F0000F0BF000050C3FFFF1F3E3C412D4000005043FFFF8F3C504626F0D0
:20D5200075FE24A3D3E9002306460F4626F0D8FEDDE9042326F01EFD20A3D3E9002304463B
:20D540000D463046394626F0CBFE02460B462046294626F00FFD18E7504626F057FE17A35A
:20D56000D3E9002382468B4626F0BAFE11A3D3E90023804689465046594626F0B1FEDDE97D
:20D58000042326F0F7FC02460B463046394626F0EFFC22462B4674E70022054B26F0E8FC2C
:20D5A00002460B464046494626F0E2FC41E700BF0000F03F763C7935EF39EA3D0000E0FE26
:20D5C000422EE63F0000000008B524F05BF904A3D3E9002326F0AEFF08BD00BFAFF30080A2
:20D5E000EF39FAFE422EE63F2DE9F043DFF8B4808BB004460D4600F057FF98F9003001330F
:20D6000006460F462CD022462B462046294627F001F9814620BB2046294623F0BFFD1FA3A6
:20D62000D3E9002327F0ECF8D0B1194A98F90030CDF820900321CDE90445CDE90245CDE920
:20D64000001293B113490020022BCDE9060111D126F006FC22230360089B9BB9DDE9066742
:20D66000304639460BB0BDE8F0830B4B4FF06042CDE90623684626F09FF80028E8D0089BEE
:20D68000002BEBD026F0ECFB089B0360E6E700BF808004000000F07FFFFFEF477DF8B98FB1
:20D6A000CE3386407A2300202DE9F043DFF8E4808BB004460D4600F0A7FF98F900300133FF
:20D6C00006460F4633D02046294626F06FF870B32CA3D3E900232046294627F091F8814647
:20D6E00050BB2AA3D3E900232046294627F06AF8E8B198F90030204ACDF8209000200021AB
:20D700000426022BCDE90445CDE902450096CDE90601019229D0684626F04EF828B3089B4F
:20D720001BB126F09DFB089B0360DDE90667304639460BB0BDE8F0830F4A98F900300192C1
:20D7400003210022CDE90445CDE90245009108922BB90A4B4FF06042CDE90623DBE7084950
:20D760000020022BCDE90601D5D126F079FB22230360D4E7AFF3008088800400FFFFEF47AA
:20D780000000F07FEF39FAFE422E864051302DD5104987C07A2300202DE9F84FC44E21F064
:20D7A0000043B34204460D460DDD03F1404303F58013034340F0B980002940F340810020BC
:20D7C0000021BDE8F88FBB4EB34208DCBA4A934200F3B5809CA1D1E90001BDE8F88F0029CC
:20D7E000C0F2708102460B460020B44926F0C0FB0022B34B26F074FD04460D4624F07CFD2E
:20D8000093A3D3E90023894680462946204626F067FD91A3D3E9002326F0ACFB22462B4666
:20D8200026F05EFD8EA3D3E9002326F0A1FB22462B4626F055FD8CA3D3E9002326F09AFBBB
:20D8400022462B4626F04CFD89A3D3E9002326F08FFB22462B4626F043FD87A3D3E90023AD
:20D8600026F088FB22462B4626F03AFD84A3D3E9002382468B462046294626F031FD82A30C
:20D88000D3E9002326F074FB22462B4626F028FD7FA3D3E9002326F06DFB22462B4626F0A2
:20D8A0001FFD7DA3D3E9002326F062FB22462B4626F016FD0022814B26F05CFB02460B46E4
:20D8C0005046594626F036FE42464B4626F008FD002682468B4632464B463046494626F0B2
:20D8E000FFFC02460B462046294626F041FB324604460D464B464046494626F03BFB02461E
:20D900000B462046294626F015FE02460B465046594626F02FFB32464B4626F02BFB02461D
:20D920000B4626F027FBBDE8F88F02460B4626F01FFB02460B4626F0FDFDBDE8F88F02464C
:20D940000B4626F0CDFC42A3D3E9002306460F4626F0C6FC40A3D3E9002326F00BFB324604
:20D960003B4626F0BDFC3EA3D3E9002326F000FB32463B4626F0B4FC3BA3D3E9002326F0F4
:20D98000F9FA32463B4626F0ABFC39A3D3E9002326F0EEFA32463B4626F0A2FC36A3D3E9E3
:20D9A000002326F0E7FA32463B4626F099FC34A3D3E90023804689463046394626F090FCC7
:20D9C00031A3D3E9002326F0D3FA32463B4626F087FC2FA3D3E9002326F0CCFA32463B4699
:20D9E00026F07EFC2CA3D3E9002326F0C1FA32463B4626F075FC0022304B26F0BBFA0246E8
:20DA00000B464046494626F095FD22462B4626F067FC02460B4622A1D1E9000126F0A8FAD7
:20DA200002460B462046294626F0A2FA02460B4605A1D1E9000126F09BFABDE8F88F1AA13A
:20DA4000D1E9000179E700BF182D4454FB21F93F09F7FD0DE13D023F88B20175E0EF493F4B
:20DA60003B8F68B52882A43F5544880E55C1C93F7D6FEB0312D6D43F555555555555C53F0E
:20DA800082922EB1C5B8B33F59018D1B6C06E63FC88A599CE52A00404B2D8A1C273A034033
:20DAA000075C143326A6913C182D4454FB210940FFFFEF3FFFFFDF3F0000603C0000F03FCE
:20DAC0000000E03F00225C4B26F054FA00225B4B26F006FC40A3D3E9002304460D4626F0A5
:20DAE000FFFB3FA3D3E9002326F044FA22462B4626F0F6FB3CA3D3E9002326F039FA2246C8
:20DB00002B4626F0EDFB3AA3D3E9002326F032FA22462B4626F0E4FB37A3D3E9002326F0FB
:20DB200027FA22462B4626F0DBFB35A3D3E9002326F020FA22462B4626F0D2FB80468946C7
:20DB40002046294624F0D8FB2FA3D3E9002306460F462046294626F0C3FB2DA3D3E900235F
:20DB600026F006FA22462B4626F0BAFB2AA3D3E9002326F0FFF922462B4626F0B1FB28A3CB
:20DB8000D3E9002326F0F4F922462B4626F0A8FB0022294B26F0EEF902460B4640464946D0
:20DBA00026F0C8FC32463B4626F09AFB1EA3D3E9002326F0DDF932463B4626F0DBF9024630
:20DBC0000B4626F0D7F902460B4619A1D1E9000126F0CEF9B1E600BF09F7FD0DE13D023F64
:20DBE00088B20175E0EF493F3B8F68B52882A43F5544880E55C1C93F7D6FEB0312D6D43F88
:20DC0000555555555555C53F82922EB1C5B8B33F59018D1B6C06E63FC88A599CE52A004071
:20DC20004B2D8A1C273A0340075C143326A6913C182D4454FB2109400000F03F0000E03F4F
:20DC4000414A91422DE9F84304460D4637DD3F4A91420B4608DD02F1795291423DDD0246DF
:20DC600026F088F9BDE8F88301F1404202F5801202432ED0B1F1804F37DC0022344B26F072
:20DC800077F902460B4604460D4626F073F9224606460F462B462046294626F021FB024693
:20DCA0000B463046394626F065F924F025FB22462B4626F05FF9BDE8F843FFF761BA0246F6
:20DCC0000B4626F055F902460B4626F033FCBDE8F88300200021BDE8F88300F00DFE18A37A
:20DCE000D3E9002326F046F9F1E7024626F0F8FA0022174B26F03CF924F0FEFA22468046BF
:20DD000089462B462046294626F034F9224606460F462B464046494626F02CF902460B4648
:20DD200000200B4926F006FC0B4602463946304626F01EF9BDE8F84300F0DEBDAFF300800F
:20DD4000EF39FAFE422EE63FFFFFEF3FFFFFAF410000F03F000000002DE9F04FAE4B21F066
:20DD600000479F4287B004460D4611DD07F1404707F5801703463B4321D002460B4626F040
:20DD8000F7F802460B4626F0D5FB07B0BDE8F08FA24B9F420E4629DCB7F1795F80F246815A
:20DDA00081A3D3E9002326F0E5F800229C4B26F027FDD8B12046294607B0BDE8F08F7CA3D2
:20DDC000D3E9002326F08CFA7BA3D3E9002306460F462046294626F083FA02460B463046B3
:20DDE000394626F0C7F807B0BDE8F08F2046294623F0D4F902460B460020894926F0B8F8EE
:20DE00000022884B26F06CFA6DA3D3E9002304460D4626F065FA6CA3D3E9002326F0AAF8EA
:20DE200022462B4626F05CFA69A3D3E9002326F09FF822462B4626F053FA67A3D3E90023E0
:20DE400026F098F822462B4626F04AFA64A3D3E9002326F08DF822462B4626F041FA62A339
:20DE6000D3E9002326F086F822462B4626F038FA5FA3D3E90023CDE900012046294626F08B
:20DE80002FFA5DA3D3E9002326F072F822462B4626F026FA5AA3D3E9002326F06BF822462E
:20DEA0002B4626F01DFA58A3D3E9002326F060F822462B4626F014FA594B002226F05AF851
:20DEC00082468B4620462946CDE902AB24F014FA554B9F428046894600F3198102460B4613
:20DEE00026F048F8DDE90223CDE90401DDE9000126F020FB02460B46DDE9040126F0F0F9CB
:20DF00004FF0000ACDE9000152464B465046494626F0E6F902460B462046294626F028F81A
:20DF2000524604460D464B464046494626F022F802460B462046294626F0FCFA02460B46C3
:20DF400026F018F802460B461BA1D1E9000126F00FF802460B46DDE9000126F009F852465F
:20DF600004460D464B465046494626F003F802460B4627A1D1E9000125F0FAFF02460B467A
:20DF80002046294625F0F4FF02460B4620A1D1E9000125F0EDFF002E3FF7F7AE01F1004350
:20DFA0001946F2E6AFF300809C7500883CE4377E182D4454FB21F93F075C143326A6913C26
:20DFC00009F7FD0DE13D023F88B20175E0EF493F3B8F68B52882A43F5544880E55C1C93F10
:20DFE0007D6FEB0312D6D43F555555555555C53F82922EB1C5B8B33F59018D1B6C06E63F4F
:20E00000C88A599CE52A00404B2D8A1C273A0340182D4454FB21E93FFFFFEF3FFFFFDF3F3F
:20E020000000F03F0000E03F3233EF3F02460B4626F056F94BA3D3E9002306460F4626F07D
:20E040004FF94AA3D3E9002325F094FF32463B4626F046F947A3D3E9002325F089FF3246D8
:20E060003B4626F03DF945A3D3E9002325F082FF32463B4626F034F942A3D3E9002325F061
:20E0800077FF32463B4626F02BF940A3D3E9002325F070FF32463B4626F022F93DA3D3E9CB
:20E0A0000023804689463046394626F019F93BA3D3E9002325F05CFF32463B4626F010F946
:20E0C00038A3D3E9002325F055FF32463B4626F007F936A3D3E9002325F04AFF32463B46FF
:20E0E00026F0FEF800221E4B25F044FF02460B464046494626F01EFA22462B4626F0F0F87E
:20E1000022462B4625F036FF07B0BDE8F08F52465B46DDE9000126F00DFA42464B4626F0B5
:20E12000DFF842464B4625F025FF02460B4625F021FF07A3D3E9002325F01AFF02460B4698
:20E1400005A1D1E9000125F013FF24E7AFF30080075C143326A6913C182D4454FB21F93F96
:20E160000000F03F09F7FD0DE13D023F88B20175E0EF493F3B8F68B52882A43F5544880E5D
:20E1800055C1C93F7D6FEB0312D6D43F555555555555C53F82922EB1C5B8B33F59018D1B26
:20E1A0006C06E63FC88A599CE52A00404B2D8A1C273A0340000000002DE9F84F1D4653421B
:20E1C000134325F00049DFF8C8C149EAD3736345144606460F4626D8C0F1000848EA00081E
:20E1E00021F0004A4AEAD878E04503468B461AD805F1404808F5801858EA0208AE4643D0A9
:20E200004FEAA57808F002085AEA030348EAD17811D1B8F1020F55D0B8F1030F09D14AA1A0
:20E22000D1E9000105E032463B462046294625F0A1FEBDE8F88F59EA020329D0E1452ED02B
:20E24000E24525D0AAEB09094FEA2959B9F13C0F3CDC002D3EDA19F13C0F3BDA0020002143
:20E26000B8F1010F4ED0B8F1020F3ED0B8F1000FDFD037A3D3E9002325F07AFE36A3D3E9BD
:20E28000002325F075FED4E7BDE8F84FFEF7E4BCBBF1000F12DB32A1D1E90001C9E7CA45A2
:20E2A00034D0B8F1020F0DD0B8F1030FB7D0B8F1010F4FF0000036D00021BAE72AA1D1E93C
:20E2C0000001B6E724A1D1E90001B2E724A1D1E90001C5E722462B463046394626F02AF954
:20E2E00022F05CFFFEF7B8FCBAE719A3D3E9002325F03EFE02460B4617A1D1E9000125F05A
:20E3000037FE96E701F10043194692E7B8F1020F14D0B8F1030F0DD0B8F1010F06D014A1C4
:20E32000D1E9000185E74FF0004182E712A1D1E900017EE712A1D1E900017AE712A1D1E9BE
:20E34000000176E7AFF30080182D4454FB2109C0075C143326A6A13C182D4454FB210940E6
:20E36000182D4454FB21F93F182D4454FB21F9BF182D4454FB21E93F182D4454FB21E9BFF9
:20E38000D221337F7CD902C0D221337F7CD902400000F07F0000000043422DE9F0470343FE
:20E3A00021F000463C4A46EAD373934204460D462AD8964240D0394B9E428A462EDD384BEC
:20E3C0009E4235463FDD33460246314625F0D2FD224606460F462B4600202F4925F0C8FDBE
:20E3E00002460B463046394626F0A4F8FEF7C8FE00222C4B25F074FFBAF1000F0CDA01F16F
:20E4000000431946BDE8F08702460B4625F0B0FD02460B4626F08EF8BDE8F0871CA3D3E917
:20E42000002325F0A7FD0022002326F0E9F948B120462946BDE8F0870022002326F07AF80C
:20E44000BDE8F087354622462B462046294625F091FD22462B4606460F4625F041FF22469D
:20E46000804689462B4600200B4925F081FD02460B464046494626F05DF832463B4625F068
:20E4800079FDFEF77DFE0022064B25F029FFB3E79C7500883CE4377E0000F03FFFFF2F3E44
:20E4A000FFFFDF3F0000E03F2DE9F8434E4B21F000449C4206460F461BDC4C4B9C4222DDF8
:20E4C0004B4B9C4254DD4B4B9C4246DD4A4B9C426FDD01339C4269D041A3D3E900231046DD
:20E4E000194625F0FDFE06460F4630463946BDE8F88302460B4625F0F3FE06460F46304641
:20E500003946BDE8F88322F049FE01F0F9FE00223A4B8046894625F02DFDB4F1725F0646DE
:20E520000F46ECDB42464B464046494625F0D8FE32463B4604460D463046394625F01AFDEF
:20E5400002460B462046294625F0F4FF00222B4B25F010FD06460F46D1E722F01FFE00F013
:20E5600053F80022264B25F0BBFE06460F46C6E722F014FE00F048F80022214B06460F461E
:20E5800025F0AEFE324604460D463B4600201C4925F0D0FF02460B462046294625F0EAFC52
:20E5A00006460F4630463946BDE8F883154B984292D83046394622F0F1FD0022104B25F07A
:20E5C0008FFE00F021F8002204460D460C4B25F087FE22462B4625F083FE06460F468EE770
:20E5E0009C7500883CE4377EFFFFEF7F422ED63FFFFF3540412E8640CD3386400000F03F1F
:20E600000000E03F7DF8B98F2DE9F047B04F21F00042BA4284B004460D464FEAD17610D949
:20E62000AC4FBA4240F28A80C1F313030343024640F0F180002E7ED00020002104B0BDE898
:20E64000F087A54B9A4200F2B680A44B9A4240F2D1804FF0000A22462B462046294625F0F5
:20E660003FFE85A3D3E9002306460F4625F038FE83A3D3E9002325F07BFC32463B4625F0CB
:20E680002FFE81A3D3E9002325F074FC32463B4625F026FE7EA3D3E9002325F069FC3246A1
:20E6A0003B4625F01DFE7CA3D3E9002325F062FC32463B4625F014FE02460B4620462946AA
:20E6C00025F056FC02460B4606460F462046294625F006FE80468946BAF1000F00F0AB8041
:20E6E00032463B4600204FF0804125F041FC02460B464046494625F01DFF02460B46DDE971
:20E70000020125F035FCDDE9002325F031FC0B4602467349002025F02BFC6FF47F739A45A0
:20E7200080F2A3800AF57A7A01EB0A5100224FF0B87325F0D5FD04B0BDE8F08758A3D3E910
:20E74000002326F05DF800286BD157A3D3E900232046294626F036F800287FF46DAF614974
:20E7600053A3D3E9002301EBC6062046294625F0B7FDD6E9002325F0FDFB26F061F8824648
:20E7800025F044FD4CA3D3E9002306460F4625F0A7FD02460B462046294625F0E9FB48A3A9
:20E7A000D3E90023CDE900013046394625F098FDCDE9020115E04C4B9A42D0D84B4BF400D1
:20E7C0002344D3E9002325F0D3FB494B234493ED007BCDE900018DED027BC6F1010AAAEB15
:20E7E000060ADDE90223DDE9000125F0C1FB04460D4630E734A3D3E9002325F0BBFB00222F
:20E80000374B25F0FDFFA8B3204629460022344B25F0B0FB8FE70B4625F0ACFB04B0BDE8F8
:20E82000F08729A3D3E900231046194625F058FD04B0BDE8F0873046394600224FF08043AE
:20E8400025F096FB02460B464046494625F072FE22462B4625F08CFB02460B460020204948
:20E8600025F086FB04B0BDE8F08701EB0A5104B0BDE8F0878246EEE6D0A4BE726937663E97
:20E88000F16BD2C541BDBB3E2CDE25AF6A56113F93BDBE166CC1663F3E5555555555C53FBF
:20E8A000EF39FAFE422E864051302DD5104987C0FE822B654715F73F0000E0FE422EE63FCA
:20E8C000763C7935EF39EA3D9C7500883CE4377E412E8640FFFFEF7F422ED63FFFFF2F3E8A
:20E8E0000000F03F10570400B1A2F03F2057040030570400000000002DE9F04FB1F5801F5C
:20E9000085B006460F460B4680F2D08021F00042024300F0DA800029C0F2E9800022D64BA5
:20E9200025F0DEFCD54A0B46934206460F466FF0350E00F3C180C3F3130505F5152C0CF621
:20E94000647C0CF4801C8CF07F5282F440121C1542EA0507A4F2FF3474440022C84B304691
:20E96000394604EB1C5425F003FBAB1CC3F31303022B82468B464FF0000240F3AF804FF06B
:20E98000804325F0F7FA02460B465046594625F0D1FD064620460F4625F038FC3246CDE97F
:20E9A00002013B4630463946CDE9006725F098FC02460B468046894625F092FC9AA3D3E94E
:20E9C000002306460F4625F08BFC99A3D3E9002325F0D0FA32463B4625F082FC96A3D3E95C
:20E9E000002325F0C7FA32463B4625F079FC94A3D3E9002325F0BEFA42464B4625F070FC1E
:20EA000091A3D3E90023804689463046394625F067FC8FA3D3E9002325F0ACFA32463B461C
:20EA200025F05EFC8CA3D3E9002325F0A3FA32463B4625F055FC0B4602464946404625F085
:20EA400099FAA5F5C223C5F5D725A3F27A4351351D43002D06460F4640F387800022894BB8
:20EA60005046594625F03CFC52465B4625F038FC02460B46804689463046394625F07AFAE6
:20EA8000DDE9002325F02CFC06460F46002C40F0818002460B464046494625F069FA0246E4
:20EAA0000B465046594625F063FA0BE0734A93424FF0000E7FF73FAF32463B463046394642
:20EAC00025F058FA05B0BDE8F08F0022002300206D4925F02FFD05B0BDE8F08F002325F089
:20EAE00067FE60B1002C7CD100200021EAE7024625F03EFA0022002325F01CFDE2E758A349
:20EB0000D3E900235046594625F0EAFB02460B4600205C4925F02CFA524606460F465B4674
:20EB20005046594625F0DCFB02460B463046394625F0D6FB06460F462CB3204625F066FBE4
:20EB400049A3D3E900238046894625F0C9FB48A3D3E9002304460D464046494625F0C0FB30
:20EB600002460B46304639462CE002460B465046594625F0FDF9DDE9002325F0B1FB06462C
:20EB80000F46002C47D132463B465046594625F0EFF997E734A3D3E90023DDE9020125F09F
:20EBA0009FFB33A3D3E9002304460D46DDE9020125F096FB32463B4625F0DCF902460B467E
:20EBC0004046494625F0D4F952465B4625F0D0F902460B462046294625F0CAF905B0BDE887
:20EBE000F08F204625F012FB1FA3D3E9002306460F4625F075FB1EA3D3E9002304460D460A
:20EC00003046394625F06CFB02460B462046294625F0B0F956E7DDE9028913A3D3E9002334
:20EC20004046494691E700BF44523EDF12F1C23FDE03CB966446C73F599322942449D23FBF
:20EC4000935555555555E53F9FC678D0099AC33FAF788E1DC571CC3F04FA97999999D93F77
:20EC6000555555555555D53F0000E0FE422EE63F763C7935EF39EA3D00005043FFFFEF7F61
:20EC80000000F03F0000E03F000050C300000000B1F5801F2DE9F84304460D460B4619DA9C
:20ECA00021F00042024359D000295FDB00223A4B25F016FB394A0D462B46934204466FF09E
:20ECC00035010CDD22462B462046294625F052F9BDE8F883314A93424FF00001F2DC18155C
:20ECE000A0F2FF3008444FEAD0794844C3F3130825F08CFAC9F57F73033348EA03550646D1
:20ED00000F4620462946FFF7F7FD1DA3D3E90023804689463046394625F0E2FA1AA3D3E94C
:20ED2000002304460D464046494625F0D9FA02460B462046294625F01DF915A3D3E90023E6
:20ED400004460D463046394625F0CAFA02460B462046294625F00EF9BDE8F8830022002359
:20ED600000200F4925F0E6FBBDE8F883024625F0FFF80022002325F0DDFBA9E7AFF30080CD
:20ED8000362BF111F3FE593D0EE526157BCBDB3F00609F501344D33F00005043FFFFEF7F44
:20EDA000000050C3000000002DE9F047CA4B21F000479F4290B08046894640F38F80C74B7C
:20EDC0009F420C46924626DC0029B9A3D3E9002340F38F8025F0CCF8C14B9F4204460D461D
:20EDE00000F04781B4A3D3E9002325F0C1F802460B46CAE900232046294625F0B9F8AEA3FC
:20EE0000D3E9002325F0B4F80125CAE90201284610B0BDE8F087B34B9F4240F38980B24B14
:20EE20009F4200F31C813D15A5F21645A7EB055319461F46064625F003FD25F0E7F9804653
:20EE4000894642464B4630463946CDE90A8925F08FF80022A54B25F043FA8946804625F0E2
:20EE6000EFFC25F0D3F906460F4632463B4640464946CDE90C6725F07BF800229B4B25F049
:20EE80002FFA00220023CDE90E0125F091FC002800F06081002330463946002225F088FCD1
:20EEA000002814BF01230223914A019202212A4600910AA8514600F087FB002C054614DA5C
:20EEC000DAF80420DAF80C3002F1004203F100434542CAF80420CAF80C3006E00020002130
:20EEE000C2E90089C2E902010025284610B0BDE8F08725F03FF87A4B9F4204460D4600F042
:20EF00000B816DA3D3E9002325F034F802460B46CAE900232946204625F02AF866A3D3E9F5
:20EF2000002325F027F84FF0FF35CAE90201DCE722F034F962A3D3E900238046894625F0C1
:20EF4000CFF900226B4B25F015F825F079FC054625F05CF956A3D3E90023CDE9060125F006
:20EF6000BFF902460B464046494625F001F852A3D3E9002380468946DDE90601CDE90289A6
:20EF800025F0AEF91F2D02460B46CDE9042340F3B380DDE90423DDE9020124F0E9FF804615
:20EFA00089463F15C9F30A53FB1A102B40F3B18045A3D3E90023DDE9060125F091F9804668
:20EFC000894602460B46DDE9020124F0D1FF02460B46DDE90201CDE9082324F0C9FF424675
:20EFE0004B4624F0C5FF3AA3D3E9002380468946DDE9060125F074F942464B4624F0B8FF24
:20F000000B46CDE904010246DDE9080124F0B0FFC1F30A53FF1A312F8046894600F39C80DC
:20F020009DED087BCAE900898DED027B42464B46DDE9020124F09CFFDDE9042324F098FF67
:20F04000002CCAE90201BFF650AF09F1004401F100436D42CAE90084CAE9020345E7024695
:20F060000B4624F085FF0025CAE90201CAE900013BE715A3D3E9002324F07AFF14A3D3E95F
:20F0800000230D46044624F073FF02460B46CAE900232946204624F06BFF0DA3D3E90023D9
:20F0A00024F066FF0125CAE902011EE7AFF3008000004054FB21F93F3163621A61B4D03DBA
:20F0C00083C8C96D305FE43F0000601A61B4D03D7370032E8A19A33BFB21E93F7BD90240F2
:20F0E000FB21F93FFB213941FFFFEF7F00007041488104000000E03F4046494624F038FFBD
:20F10000394B6A1E804653F82230BB4289463FF448AFCAE9008989E72BA3D3E9002324F01D
:20F1200029FF2BA3D3E900230D46044624F022FF02460B46CAE900232946204624F018FFB9
:20F1400023A3D3E9002324F015FF4FF0FF35CAE90201CAE60323A7E61FA3D3E90023DDE9EF
:20F16000060125F0BDF806460F4602460B46DDE9080124F0FDFE8046894602460B46DDE9B2
:20F180000801CDE9028924F0F3FE32463B4624F0EFFE13A3D3E9002306460F46DDE9060123
:20F1A00025F09EF832463B4624F0E2FE02460B4640464946CDE9042324F0DAFE80468946AB
:20F1C000A7E700BFAFF300800000601A61B4D03D7370032E8A19A33B0000002E8A19A33BE0
:20F1E000C14920259A837B39C880040000000000574A2DE9F84F21F00048904506460F46D6
:20F200002CDC544B0029B4BF534D544D98454FF0000411DC524B984526DC4BA3D3E9002314
:20F2200024F0A8FE00224F4B25F0EAFA002840D030463946BDE8F88F4B4B984530DD4B4BF0
:20F24000984568DD0133984562D0304639463EA3D3E9002325F044F8BDE8F88F02460B467E
:20F2600024F088FEBDE8F88F21F098FF01F048F83F4B984506460F4623DD0022394B24F02D
:20F2800079FE02460B463046394625F053F932463B4624F06FFE22462B4625F021F8E1E7BF
:20F2A00021F07CFFFFF7B0F922462B4625F018F8D8E73046394621F071FF01F021F806469A
:20F2C0000F4632463B463046394624F053FE324682468B463B463046394625F001F80022CF
:20F2E000804689461F4B3046394624F043FE02460B464046494625F01DF902460B465046BD
:20F30000594624F035FE22462B4624F0E9FFA9E7184B984299D83046394621F03FFF00228E
:20F320000E4B24F0DDFFFFF76FF906460F4602460B462046294624F0D3FF32463B4624F024
:20F34000CFFF8FE7AFF300803374AC3C1F7BAC7FFFFFEF7FFFFF35400000E0BF0000E03F56
:20F36000FFFF2F3E0000F03F412E8640CD338640FFFFEF3F7DF8B98F2DE9F04F21F0004861
:20F38000B8F1795F85B006460F4692469B466BDA25F056FA002800F0E18032463B463046CB
:20F3A000394624F09DFF74A3D3E9002304460D4624F096FF72A3D3E9002324F0DBFD22469A
:20F3C0002B4624F08DFF70A3D3E9002324F0D0FD22462B4624F084FF6DA3D3E9002324F0D6
:20F3E000C9FD22462B4624F07BFF6BA3D3E9002324F0BEFD22462B4624F072FF68A3D3E9FF
:20F40000002324F0B7FD22462B4624F069FFCDE900010022664B2046294624F061FFDDE913
:20F420000023804689462046294624F059FF524604460D465B463046394624F051FF02465C
:20F440000B462046294624F093FD02460B464046494624F08DFD02460B460020554924F02B
:20F4600087FD05B0BDE8F08F02460B4624F038FF41A3D3E9002304460D4624F031FF40A3C4
:20F48000D3E9002324F076FD22462B4624F028FF3DA3D3E9002324F06BFD22462B4624F0CA
:20F4A0001FFF3BA3D3E9002324F064FD22462B4624F016FF38A3D3E9002324F059FD22466E
:20F4C0002B4624F00DFF36A3D3E9002324F052FD2B46224624F004FF374B9845CDE900017A
:20F4E00097DD364B98453EDCA8F500130022002030499046994624F03BFDCDE902010022D9
:20F500002B4B2046294624F0EBFE42464B4624F02FFDDDE90023804689462046294624F0E3
:20F52000DFFE524604460D465B463046394624F0D7FE02460B462046294624F019FD02465A
:20F540000B464046494624F013FD02460B46DDE9020124F00DFD05B0BDE8F08F154900204A
:20F5600005B0BDE8F08F9FED107B4FF000088DED027BDFF84C90C2E7D43888BEE9FAA8BD67
:20F58000C4B1B4BD9EEE213EAD529C804F7E923E9015CB19A001FA3E7751C1166CC1563F1F
:20F5A0004C5555555555A53F000000000000E73F0000E03F0000F03F3233D33F0000E93F5F
:20F5C0000000D23F000000002DE9F04FADF5197DBE4CA29EBE4D54F826600793D41E85FB5A
:20F5E0000475E417C4EBA50424EAE4741D46631CA3EB8303013D02EBC30305937319049634
:20F600000994019503900B91A4EB05071AD43B44002400255E1C0DF18008DDF88C9208E05C
:20F6200059F8270024F0F2FD0137B742E8E8020108D0002FF4DA013720462946B742E8E8A0
:20F640000201F6D1049B002B079B4FEAC30302932ADB039A20A902EB030801EB0309049BE6
:20F6600072AA02EBC30B0DF5E07A019B002B4FF000064FF0000711DB039C4D4675E9022364
:20F68000F4E8020124F02CFE02460B463046394624F070FC444506460F46EFD1EAE802671A
:20F6A000DA4509F10809E0D1DDE90204049920448B0082460BA8A3F10802C31808930CABD1
:20F6C00013440A938B4698AB03EBCB03BBF1000F53E9284529DD70AB03EBCB080DF13009E9
:20F6E00000227C4B2046294624F0FAFD25F0A8F824F08CFD0022784B06460F4624F0F0FD68
:20F7000002460B462046294624F032FC25F098F878E9022349F8040B3946304624F02AFC8F
:20F7200070AB984504460D46DAD1DDF81490204629464A4601F030F800224FF07F53044615
:20F740000D4624F0CDFDFDF79BFC0022634B24F0C7FD02460B462046294624F009FC0D466B
:20F76000044625F06DF8804624F050FD0B4602462946204624F0FCFB4B46002B06460F46C8
:20F7800040F3E1800BF1FF320CA9C9F1180351F8225045FA03F101FA03F30CA8EB1A40F84E
:20F7A0002230C9F11705884443FA05F5002D2CDDBBF1000F08F1010840F381820C9C002C21
:20F7C00040F0A780BBF1010F0AD00CA9012251F8044F531C002C40F09E809B451A46F6D1D8
:20F7E000059B002B0EDD012B00F0D980022B09D10BF1FF320CAB0CA953F82230C3F31503D3
:20F8000041F82230022D00F0AF80002200233046394624F0CDFF002800F05382049B0BF16D
:20F82000FF394B4510DC0BF180430CAA013B089802EB8303002253F80419834242EA0102D2
:20F84000F9D1002A40F0B680049B0CAA013B52F82330002B40F0A1800A9A012352F8041975
:20F8600001330029FAD05B440BF10109994506934CDC099A079909EB020801EB0B0508F1E7
:20F88000804802EB030BA39B08F1FF3803EB880870AB03EBC909A39B20A903EB8B0301EB6F
:20F8A000C505029358F8040F24F0B0FC0B4601990246002905F1080BC5E900234FF000064B
:20F8C0004FF000071CDB039C0CE000BFE8850400ABAAAA2A0000703E000070410000204048
:20F8E00075E90223F4E8020124F0FAFC02460B463046394624F03EFB544506460F46EFD1C7
:20F90000029B9845E9E802675D46CBD1DDF818B0D9E6012300220CA9C4F180749B4541F8DB
:20F9200022400EDD51F8232001EB8B0001EB83036FF07F4100E01A688A1A43F8042B8342B1
:20F94000F9D101244CE706D10BF1FF330CAA52F82350ED152AE700227B4B24F047FF002890
:20F9600040F0A381054650E732463B460020774924F0FEFA06460F46002C3FF446AF059A38
:20F980007249002000F008FF02460B463046394624F0EEFA06460F4637E7012363E70BF1E2
:20F9A000FF320CAB0CA953F82230C3F3160341F8223027E70CAB059A53F82930183ACDE9A3
:20F9C000068505926BB909F18043013B0CA901EB830353F8041909F1FF39183A0029F8D0E4
:20F9E0000592059A5949002000F0D6FEB9F1000F04460D46C0F2C0814FEAC90370AA02EBF6
:20FA0000030808930CAB03EB8906DFF844B14FF0000A08F10807043656F8040D24F0F6FB51
:20FA200022462B4624F05CFC5B4667E9020152462046294624F054FC0CAB9E4204460D4688
:20FA4000EAD148AB03930193CDF8149009F10103DDF810900293C3464FF0000AB9F1000F52
:20FA6000C0F22A81DFF8EC805D4635A3D3E9002300260027002403E0544510DCF8E80223AE
:20FA8000F5E8020124F02CFC02460B463046394624F070FA0134A14506460F46ECDA019B20
:20FAA000E3E802670193029B0AF1010A9A45ABF1080BD3D1A29BDDF81490032B39D8DFE8ED
:20FAC00013F0D900060006004D0048AB0393B9F1000F4FF000004FF0000109DB039D05EBBC
:20FAE000C904083474E9022324F044FAA542F9D1079B002B40F01E810B9BC3E900010B4638
:20FB000003990246D1E9000124F032FAB9F1000F0CDD4AAD01240134F5E8022324F02AFAD9
:20FB2000A145F8DA079B002B40F014810B9BC3E90201069B03F007000DF5197DBDE8F08FCF
:20FB400000000040FB21F93F0000E03F0000F03F0000703E5857040048AB0393B9F1000F20
:20FB600040F32781039ACDF810904FEAC9030193D318D3E900AB09F10053013B02EBC90876
:20FB80000293914678E9026752465B463046394624F0F0F904460D4602460B4630463946D9
:20FBA00024F0E6F952465B4624F0E4F9C145A246AB46C8E90201C8E90045E3D1DDF8109076
:20FBC000B9F1010F40F3F580019B039A02991344C900D3E9006701F1080A019192440DF53E
:20FBE000947B7AE9028932463B464046494624F0C1F904460D4602460B464046494624F0CD
:20FC0000B7F932463B4624F0B5F9D34526462F46CAE90201CAE90045E3D1019C039B10349F
:20FC2000002000211C4403F1100574E9022324F0A1F9A542F9D1039C079ED4E90023D4E958
:20FC40000245002E00F08A8003F1004701F100430B99C1E90403069B2646944605F100444F
:20FC600003F00700C1E900C7C1E902640DF5197DBDE8F08F089C039D0834002000212C441C
:20FC800074E9022324F076F9A542F9D1079B13B101F1004319460B9BC3E90001069B03F0CD
:20FCA00007000DF5197DBDE8F08FBBF1000F08F1010874DD022581E500260027EFE60024A0
:20FCC0008EE5CDE90685059D304639466A4200F063FD0022384B06460F4624F087FD00B34C
:20FCE0000022364B3046394624F0FAFA24F0A8FD044624F08BFA00222F4B24F0F1FA0B46DC
:20FD000002463946304624F033F924F099FD0BF101090CAB183543F82B00059543F829400E
:20FD20005FE63046394624F08BFD0CABD94643F82B0056E60B9C01F10043C4E900030B4698
:20FD400003990246D1E9000124F012F9B9F1000F3FF7DFAE01F100431946E7E60B9EC6E9B0
:20FD60000023069BC6E9040103F00700C6E902450DF5197DBDE8F08FA29B032B3FF6D9AE38
:20FD800001A252F823F000BF99FD0100CBFA0100CBFA010059FB01000020002176E7324616
:20FDA0003B460020064924F0E3F8022506460F462BE5002000213EE7000070410000703EC7
:20FDC0000000F03F000000002DE9F04F21F00046B6F1795F85B004460D469046994604DA64
:20FDE00024F02EFD002800F0858022462B462046294624F075FA06460F4602460B462046D6
:20FE0000294624F06DFA41A3D3E9002382468B463046394624F064FA3EA3D3E9002324F061
:20FE2000A7F832463B4624F05BFA3CA3D3E9002324F0A0F832463B4624F052FA39A3D3E966
:20FE4000002324F095F832463B4624F049FA37A3D3E9002324F08EF80E9BCDE900019BB38D
:20FE60000022294B4046494624F03AFADDE90023CDE902015046594624F032FA02460B46DF
:20FE8000DDE9020124F074F832463B4624F028FA42464B4624F06CF819A3D3E90023064672
:20FEA0000F465046594624F01BFA02460B463046394624F05FF802460B462046294624F014
:20FEC00057F805B0BDE8F08F02460B463046394624F006FA0AA3D3E9002324F049F85246DF
:20FEE0005B4624F0FDF922462B4624F043F805B0BDE8F08F2046294605B0BDE8F08F00BFE9
:20FF0000495555555555C53F0000E03F7CD5CF5A3AD9E53DEB9C2B8AE6E55A3E7DFEB157FB
:20FF2000E31DC73ED561C119A0012A3FA6F810111111813F000000002DE9F04FC04C21F08F
:20FF4000004687B0A64282468B460F46CDE900231ADC24F075FC00283FD1109B524601334B
:20FF60001343334300F0B781109B012B00F0C0815B460020B34924F0DDFA04460D462046DA
:20FF8000294607B0BDE8F08FAF4B9E4225DD002909DADDE90045224605F10043CDE90023AA
:20FFA0000BF100418B4652465B4685A1D1E9000123F0DEFFDDE9002304460D4682A1D1E9C6
:20FFC000000123F0D5FF9FED827B22462B468DED007B23F0CFFF82468B4652465B46504699
:20FFE000594624F07DF902460B468046894624F077F9424604460D464B465046594624F027
:020000040002F8
:200000006FF975A3D3E90023CDE902012046294624F066F972A3D3E9002323F0ABFF224667
:200020002B4624F05DF970A3D3E9002323F0A2FF22462B4624F054F96DA3D3E9002323F003
:2000400099FF22462B4624F04BF96BA3D3E9002323F090FF22462B4624F042F968A3D3E959
:20006000002323F087FF42464B4624F039F966A3D3E90023CDE904012046294624F030F9B0
:2000800063A3D3E9002323F075FF22462B4624F027F961A3D3E9002323F06CFF22462B46AD
:2000A00024F01EF95EA3D3E9002323F063FF22462B4624F015F95CA3D3E9002323F05AFF7B
:2000C00022462B4624F00CF959A3D3E9002323F051FF02460B46DDE9040123F04BFFDDE969
:2000E000022324F0FDF8DDE9004522462B4623F041FF42464B4624F0F3F822462B4623F097
:2001000039FF4DA3D3E9002304460D46DDE9020124F0E6F822462B4623F02CFF0B460246D0
:20012000804689465046594623F024FF464B9E4204460D4600F38C80109B012B3BD0024688
:200140000B4600203F4924F0F5F9002406460F462046294652465B46CDE90067CDE90201FB
:20016000009423F005FFDDE900AB02460B464046494623F0FDFE52465B4624F0B1F8524619
:2001800004460D465B46DDE9020124F0A9F800222E4B23F0EFFE02460B462046294623F087
:2001A000E9FE32463B4624F09BF852465B4623F0E1FE04460D462046294607B0BDE8F08F40
:2001C000182D4454FB21E93F075C143326A6813C0000000000000000D47ABF74702AFB3E77
:2001E000E9A7F0320FB8123F68108D1AF726303F1583E0FEC8DB573F93846EE9E326823FA3
:20020000FE41B31BBAA1AB3F735360DBCB75F3BEA69237A0887E143F0165F2F2D844433F4A
:20022000280356C9226D6D3F37D60684F464963F7AFE10111111C13F635555555555D53F9A
:20024000FFFF2F3E0000F0BF2794E53F0000F03F109823F0DBFF2246CDE900012B462046EB
:20026000294624F03DF8DDE90023CDE902012046294623F07FFE02460B46DDE9020124F049
:2002800059F942464B4623F073FE02460B465046594623F06DFE02460B4623F06BFE0246C6
:2002A0000B46DDE9000123F063FE0446B81700F00200C0F101000D4623F0A8FF02460B464F
:2002C0002046294624F00CF804460D462046294607B0BDE8F08F5046594620F05FFF0246F9
:2002E0000B460020044924F025F904460D4662E754465D465FE700BF0000F03F00000000B7
:200300002DE9F04FCC4A21F00043934285B082468B460C4620D9C94A934200F2D780002CD3
:2003200080F2A481ACA3D3E900235046594623F021FE0022002324F045FA002840F0D18050
:20034000A7A3D3E900235046594623F0C9FF02460B460020BA4994E1BA4A934200F2E58003
:20036000B94A934240F22E81002301930022B74B5046594623F0B4FF06460F4602460B46B4
:200380005046594623F0ACFF97A3D3E9002304460D4623F0A5FF96A3D3E9002323F0EAFDEB
:2003A00022462B4623F09CFF93A3D3E9002323F0DFFD22462B4623F093FF91A3D3E9002321
:2003C00023F0D8FD22462B4623F08AFF8EA3D3E9002323F0CDFD22462B4623F081FF002245
:2003E0009B4B23F0C7FD8046894602460B463046394623F075FF02460B460020954923F0EC
:20040000B7FD064602460B460F464046494623F0AFFD3246804689463B465046594623F044
:200420005FFF02460B4600208B4923F0A1FD02460B464046494624F07DF822462B4623F0FD
:200440004FFF019E02460B46002E4DD0DDE9026732463B4623F08CFD52465B4623F040FF7C
:2004600032463B4623F084FD2B46224623F080FD019B013306460F4600F02381019B012BB9
:200480007BD0019A531C392B4FEA025500F22881019A132A40F35581019BC3F57F74033419
:2004A0000022230523F066FD02460B465046594623F05EFD0022664B23F05CFD824605EB49
:2004C000010B5046594605B0BDE8F08F634A93421BD9C1F313030343024640F01281002948
:2004E000EFDA00205E490DE05046594623F0F8FE22462B4623F03CFD02460B46504659464E
:2005000023F036FD05B0BDE8F08F41A3D3E9002324F076F900283FF402AF3FA3D3E90023A9
:200520001046194623F0DCFEECE74E4A934200F2EC8000293AA3D3E9002339DA23F01AFD59
:2005400039A7D7E900674FF0FF3380468946019332463B464046494623F00AFD02460B4639
:2005600082468B464046494623F002FD32463B4623F0FEFCCDE90201F8E600223A4B5046E1
:20058000594624F01FF9002800F0CC805046594600222E4B23F0EEFC02460B4630463946D1
:2005A00023F0E6FC00224FF0404323F099FEA9E723F0DEFC01238046894601931CA7D7E96B
:2005C0000067C5E714A3D3E9002323F0D3FC02460B468FE7AFF3008059F3F8C21F6EA50126
:2005E000FE822B654715F73F2DC3096EB7FD8ABE3952E686CACFD03EB7DBAA9E19CE143F44
:200600008555FE19A0015A3FF41011111111A13FEF39FAFE422E86409C7500883CE4377EC3
:200620000000E0FE422EE63F763C7935EF39EABD763C7935EF39EA3D79684340412E8640D0
:200640000000E0BF422ED63FFFFF8F3C0000E03F0000F03F0000084000001840FFFFEF7F53
:200660000000F0BFB1A2F03F0000D0BF44A3D3E900235046594623F033FE02460B460020C2
:20068000414923F077FC24F0DBF8019023F0BEFD37A3D3E9002306460F4623F021FE024630
:2006A0000B465046594623F063FC33A3D3E90023804689463046394623F012FE06460F463F
:2006C00046E702460B465046594623F051FC00222D4B23F005FE00222B4B23F049FC11E727
:2006E00052465B4623F044FC02460B460020274923F03EFC6B1819460022244B23F038FC3E
:2007000000E70B4623F036FCFCE61DA3D3E9002323F0E6FD002C02460B464FF00000AFDA58
:200720001B49AEE732463B465046594623F020FC02460B4623F01EFC0022144B23F01AFCF3
:20074000E0E64FF4001343FA02F452465B4623F00FFCC4F17F57002607F5401702460B4656
:200760003046394623F004FCA8E600BFAFF300800000E0FE422EE63F763C7935EF39EA3DE0
:20078000FE822B654715F73F0000E03F0000F03F0000E0BF00000000F8B5C1F30A530446C2
:2007A0000D460E4617460BBB21F00046034633431BD0354B002223F093FD344B9F4204467F
:2007C0000D4635DBC1F30A530E46363B3B4440F2FE72934232DC002B11DD26F0FF4626F44E
:2007E000E00646EA035520462946F8BD40F2FF729342EBD102460B4623F0BCFBF8BD13F1B1
:20080000350F28DA4CF250339F4222462B460ADD19A1D1E9000123F007FB17A3D3E900230D
:2008200023F05EFDF8BD16A1D1E9000123F0FCFA13A3D3E9002323F053FDF8BD22462B4694
:200840000DA1D1E9000123F0EFFA0BA3D3E9002323F046FDF8BD26F0FF4626F4E0063633D7
:2008600046EA0355204629460022094B23F038FDF8BD00BFAFF300809C7500883CE4377E59
:2008800059F3F8C21F6EA50100005043B03CFFFF0000903C10B5054C237833B9044B13B126
:2008A0000448AFF300800123237010BDB0380020000000006887040008B5034B1BB1034928
:2008C0000348AFF3008008BD00000000B438002068870400154B002B08BF134B9D46A3F5BC
:2008E000803A00218B460F461348144A121A24F091FA0F4B002B00D098470E4B002B00D0EB
:2009000098470020002104000D000D48002802D00C4805F031FB23F0BDFA2000290004F0DB
:2009200007FE23F0A3FA00BF0000080000000220000000000000000000240020A0430020D2
:20094000795F0200000000000120704701EB810100EB410020307047F0B5044685B00D46CD
:2009600000F10C060AF080FA144B2360A56004F12000002509F05AF92046E560256165619C
:20098000A561E5610E490AF08DFA20464FF2E6510AF09CFA20460B490AF084FA082714222E
:2009A0002046CDE901270092334629464FF2E6520AF09CFA204605B0F0BD00BF98570400F6
:2009C000DC570400CC5704002DE9F04F83B0884617461C4606460AF017FB60B3002F2ADD03
:2009E000002C06F10C0314BF6FF07F0B6FF03F0B06F10D0A019300257C1B132CA8BF132425
:200A00004BEA0403224608EB05013373504624F0DDF9336800211B69304698478146304641
:200A20000AF0E0FA2544014614234846019A09F017F9AF42E0DC03B0BDE8F08F10B5382028
:200A400024F08DF9044A3C23116B3D2204460CF029FD024B1C6010BD00250020D038002005
:200A600070B50B4E34680D463CB12046AA88A91D0023BDE87040FFF7A7BF2C2024F06FF922
:200A8000044B0446196BFFF767FF3460EDE700BFCC3800200025002008B5282024F05FF9DC
:200AA000034BD3F85429196BBDE8084009F03CB80025002008B5202024F051F9024B196BD1
:200AC000BDE808400AF0A4BD0025002008B57C2024F045F9034AA2F55173196BBDE80840C5
:200AE0000BF0ACBA4428002008B5482024F037F9034AA2F61C03196BBDE808400BF072BC02
:200B00001C2D002008B5242024F029F9034AA2F51463196BBDE808400CF032BB402E0020F2
:200B200008B5402024F01BF9034BD3F85829196BBDE808400BF09ABE00250020024B1B68FD
:200B400003B17047FFF77ABFD038002070B50C4E346882B005467CB1B5F90420A91D01A8CD
:200B600015F054FE01A9022220460CF0C9FD01A815F0D4FD02B070BDFFF760FF3468EBE707
:200B8000D038002070B5124E346882B00546DCB1B5F90420A91D684615F038FE6A460223AC
:200BA000214601A80CF014FE0198B0F90210043001F0BCFA044601A815F0B0FD684615F090
:200BC000ADFD204602B070BDFFF738FF3468DFE7D038002070B5084D2B68044643B162685A
:200BE000184604F108010223BDE870400CF0E0BCFFF724FF2B68F2E7D038002070B51B4D4D
:200C0000286870B30CF0ACFE0146002001F090FA044600F1080603F027F93146286862686C
:200C200002230CF077FD011E11DB63688B4208D0304601F07DFA0546204603F023F9284698
:200C400070BD2046254603F01DF9284670BD0021084601F06DFA0546204603F013F928460D
:200C600070BDFFF7EBFE2868CCE700BFD0380020F0B5104E346883B005460F46B4B1B5F9B9
:200C80000420A91D01A815F0C1FD01A9002220460CF088FD01A815F041FD3A46102301218A
:200CA0004FF4966001F026F903B0F0BDFFF7C6FE3468E4E7D03800200246102301214FF462
:200CC0007A7001F017B900BF0246102302214FF47A7001F00FB900BF2DE9F041104B114C68
:200CE00081F3030584B013F905801746811DB0F904204FF4C87603A815F088FD42463B462C
:200D000003A92046009609F0BFFB03A815F006FD2946204609F028FA04B0BDE8F08100BF4C
:200D2000EC5704000C2500204368102B00D0704710B582B081F30301074B009204464FF4CE
:200D4000C8725B56019204F1080104F11202034809F0A4FB02B010BDEC5704000C25002014
:200D600080F30301014809F0FFB900BF0C250020014809F0A5BA00BF0C25002008B501F093
:200D8000ADFDFCF721FCBDE8084001F0FFBA00BF08B501F0A3FDFCF787FCBDE8084001F0A1
:200DA000F5BA00BF08B501F099FD20F06DFABDE8084001F0EBBA00BF08B501F08FFD20F07E
:200DC0005FFEBDE8084001F0E1BA00BF08B501F085FDFCF709FCBDE8084001F0D7BA00BF28
:200DE00008B501F07BFD20F081FCBDE8084001F0CDBA00BF08B501F071FDFBF791FEBDE8DA
:200E0000084001F0C3BA00BF08B501F067FD20F0C3FBBDE8084001F0B9BA00BF10B584B074
:200E20000C46014603A815F009F9002303A900931A460194034812F025F803A815F0E8F816
:200E400004B010BD582D002010B50129B8BF012182B00C4690B1828882B1012A17D0811D32
:200E600012B201A815F0D2FC224601A90C4812F069F801A815F052FC02B010BD094807F0A6
:200E800089F904EB84000FF0BFFA02B010BD01EB81028179024811F0CBFF02B010BD00BF6A
:200EA000582D00201C2D0020014815F0EFB800BF2C2D002010B584B00C46014603A815F0B5
:200EC000BDF80023224603A9CDE900330448052312F0A2F803A815F09BF804B010BD00BFAA
:200EE000582D002000B585B0014602A815F0A6F802A903A815F09AF8002303A9CDE900332A
:200F00001A46064811F0BEFF03A815F081F802A815F07EF805B05DF804FB00BF582D0020AA
:200F200000F068BB0FF070BA70B5049E96420C4624DB15466BB9042A19D0022A02D110F0F0
:200F4000010310D001462A46204623F03FFF002070BD10440D4410F8013D01F8013B8D4203
:200F6000F9D1002070BD02880A80184670BD10F00303E7D102680A60184670BD084600212F
:200F800023F048FF4FF0FF3070BD00BF0830704740B1002905DB43688B4202DD0844007A97
:200FA00070470020704700BF30B1002904DB43688B42C4BF40180272704700BF40B10029A4
:200FC00005DB4368994202DA0844007A70470020704700BF830704D1030F0CBF012000203F
:200FE00070470120704700BF30B1002904DB43689942BCBF40180272704700BFF8B5002B9F
:2010000020DB00291EDB46688E421BDB5468761AE51AB542A8BF3546002D13DB824202F149
:2010200008070C4600F108062A4605D0F918301923F0CCFE0020F8BDF118381923F0D1FEC3
:201040000020F8BD4FF0FF30F8BD00BF4068704710B4141E10DB4268A2420DDB33EA2303E0
:2010600028BF1346121B08309A422044A8BF1A465DF8044B23F0CEBE5DF8044B704700BF67
:2010800010B443688B4200F108041846A8BF084632EA220128BF19461B1A99422044A8BFA4
:2010A00019465DF8044B01F043B800BF70B5002BBCBF43689B1A002A0E4620DB4468991881
:2010C000A1421CDC91421ADBCBB136F0004116D05942B14214DAB34212DD0830002E00EBF3
:2010E000020515DB9C1B2246A919284623F079FE324628190021BDE8704023F08BBE70BD68
:20110000002211464FF0FF33BDE87040FFF7A0BF74429A192946281923F063FE22462846D8
:201120000021BDE8704023F075BE00BF03460830596800F0FBBF00BF70B505460020696828
:20114000490000F0CFFF6B68002B14DD0A4EEB1D02465C782411991F345D94715C7804F0D2
:201160000F04491B345DD4716C688C4202F1020203F10103EDDC70BDF4570400002BBCBFA6
:2011800043689B1A002A30DB70B445689C18AC4229DC944227DB33B331F0004423D0002903
:2011A000B8BF01EB032191FBF3F403FB1411002900F10800B8BFC918024411448A421344DA
:2011C00011D00C4604E08A4204460FD094420AD02046157810F8016B02F8016B834225702C
:2011E000F1D10C46F2E770BC704770470146EDE700B583B04FF0FF3300930023FFF7FEFE4C
:2012000003B05DF804FB00BF10B50C1E0EDD4168083002F0ABF91F2C07DC0123A34020FA68
:2012200004F4013B444004EA030010BD002010BD0146002000F07CBF03460630998800F029
:2012400077BF00BF30B5013A83B004460D460F2A13D8DFE802F0141408086114141B1B7362
:201260004A2554675A38184601F0CAFB012D04DD80B2E20754BF2080208003B030BD184623
:2012800001F0BEFB002DF8DD2070F6E7184601F0B7FB012DF1DDC0F3072360702370ECE725
:2012A000184601F043FB032D0090E6DD9DF800009DF801109DF802209DF803302370E07081
:2012C000A1706270D9E7184601F008FB072DCDE90001D2DD0DF1FF3204F1080312F8011F26
:2012E00003F8011D9C42F9D1C7E7184601F01EFB032DC2DDA3070CBF20602060BDE71846D1
:2013000001F016FC032DF5DCB7E7184601F010FC032D0090CADCB0E7184601F071FB032DE8
:20132000E8DCAAE7184601F0D9FA072DCDE90001A3DD6B4603CB206061609EE7184601F037
:201340005FFB032D0090B1DC97E700BF30B4141E07DB456808300A462044291B30BCFFF7F2
:2013600071BF30BC704700BF00B5013A85B00F2A00F28880DFE802F01623303D4A56595CCF
:201380005F626571748083080091012308220DEB0201FFF7C9FDDDE9020100F0F7FF05B03D
:2013A0005DF804FB00910023012202A9FFF7BCFD9DF9080001F0E0F805B05DF804FB0091A7
:2013C0000023012202A9FFF7AFFD9DF8080001F0D3F805B05DF804FB00910023022202A995
:2013E000FFF7A2FDBDF9080001F0C6F805B05DF804FB00910023022202A9FFF795FDBDF822
:20140000080001F0B9F805B05DF804FB00910023042202A9FFF788FD029801F0ADF805B034
:201420005DF804FB01230091BEE701230091C8E700910123D2E700910123DCE700910123FF
:20144000E6E700910023042202A9FFF76DFD029801F09CF805B05DF804FB00910123F2E724
:2014600000910023042202A9FFF75EFD029801F07BF805B05DF804FB0091002386E70091DD
:201480000123EFE700208AE7131E09DB10B4446808300A461844E11A5DF8044BFFF764BFA0
:2014A000002001F069B800BF054B1A6810B4146B0023A4461A4619465DF8044B604700BF50
:2014C0002039002030B585B06C4684E80F0094E80F000A4C089D84E80F00BDF8020001F0A3
:2014E0004BF8074B1A68146B002301461A462846A44605B0BDE83040604700BF703800203C
:2015000020390020034B82689A4200D07047C06802F0B8BCC514020008B502F0B3FCBDE84B
:2015200008400FF007B800BF08B5064E054632680023146B19461A462846A04714200EF008
:2015400063FFF4E72039002010B5034B0360044616F036F8204610BD1058040010B5054B2D
:201560000360044616F02CF8204623F0F1FB204610BD00BF105804000A46022301460148CC
:2015800010F010BBA82B002010B504460EF0B2FC034638B100200CB144F820301B6A013081
:2015A000002BF8D110BD00BF044608B518F056FB03F0FAFE204604F09BFB00BF08B50A48A2
:2015C000FBF706F801200FF0E9F840F20443984200D808BD01200FF0E1F8BDE80840A0F5AF
:2015E000806002F0C1B900BF002500200EF0A2BF0FF08ABA50B110B5044602F035FC21465F
:20160000034A0448BDE810400EF0F2BD704700BF690503002915020050B110B5044602F066
:2016200023FC2146034A0448BDE810400EF0E0BD704700BF19150200A914020089B280B229
:201640000EF008BF08B5074B074AC3F8D820042004F048FB6FF0004004F0ECFABDE80840F1
:2016600000F088BD0025002005150200074B10B51C6800F0DDFF4FF0805213691269013B29
:20168000234418445242104010BD00BF20390020024B1B7803B17047FFF76EBF604300206D
:2016A000024B186800B1406A704700BF143B0020014B1B6858627047143B00202DE9F04F19
:2016C000DFF8DC80D8F8003085B0002B52D00EF011FC0346002857D000241B6A0134002BA9
:2016E000FBD14FEA840A50460FF0B8F80190FFF74BFFA04239D1002C2FDD019BA3F10409E0
:20170000CA4459F8047F7E6A2EB30436D8F8003034689F4227D03868D7F808B018F0F2FA55
:20172000D8F800207568ABEB00009742044407D03868D7F808B018F0E5FAABEB0000054461
:20174000A54205D954F8040B02F0B8F8AC42F9D3B668002EDAD1CA45D3D1019805B0BDE870
:20176000F04F0FF0A1B87568EAE74FF44B70FFF71BFFC0E701200FF071F80390039805B003
:20178000BDE8F04F0FF090B80FF068F80190FFF7FBFE0028E1D04FF44B70FFF705FFDCE7AB
:2017A000143B002010B5074C20460CF029FA2046054A064923F0CEFA0548BDE8104014F0F8
:2017C000EDBB00BF0025002040200020D517020070380020684B2DE9F04703F13C020446AB
:2017E00000F59650C4E900321030644F644E04F0CBFC002504F5176004F082F804F514605F
:20180000C4F84079A4F846590EF050FA04F61810C4F81879A4F81E590EF048FA04F6E40030
:2018200012F0EAFE574BC4F8D43804F6D4000FF087F904F50B6011F02BFC04F68C0011F0F4
:2018400027FC04F61C0004F0B1FB04F2BC7006F011FA04F5F26005F0EFF904F5E86004F02F
:20186000A5FCC4F8286704F5E56015F0A9FEC4F8106704F5E26015F0A3FE04F5D56017F049
:20188000F1FC04F55170A4F84A53C4F844730EF00DFA3D4BC4F8043304F5417013F0A8F828
:2018A0003A4BC4F8F8302833C4F8003104F1F80904F53D7804F53F7600E02E46351F28460F
:2018C00014F09AFEA845F8D1DFF8C8A0243E04F58A7846F81CAC3C3D304613F029F905F10A
:2018E0000C0014F089FEA845A6F13C06F1D100254846C4F8F870A4F8FE500EF0D7F904F145
:20190000D00012F0B1FA04F1980010F03DFF04F17C00A4F88250E7670EF0C8F904F164003C
:20192000A4F86A5067660EF0C1F904F14C00A4F85250E7640EF0BAF9264604F134006587D0
:2019400067630EF0B3F9124B46F80C3F04F1200014F0E4FE04F11C0014F0E0FE30466582E2
:20196000E7600EF0A3F9201D658167600EF09EF92046BDE8F08700BF8C6E04005470040000
:2019800010580400E0730400A47E0400D87C0400106A0400A87C04002DE9F84F684B40F818
:2019A000043C0446A0F104083C3308F596502360103004F0E9FB634F634E002504F66C1015
:2019C00003F09EFF04F63C10C4F83C79A4F842590EF06CF904F61410C4F81479A4F81A59B0
:2019E0000EF064F904F50E6012F006FE574BC4F8D03804F50D600FF0A3F804F6AC0011F012
:201A000047FB04F6880011F043FB04F6180004F0CDFA04F5F76006F02DF904F28C7005F0A3
:201A20000BF904F23C7004F0C1FBC4F8246704F2247015F0C5FDC4F80C6704F20C7015F012
:201A4000BFFD04F2A46017F00DFC04F55070A4F84653C4F840730EF029F93D4BC4F80033CC
:201A600004F5407012F0C4FF3A4BC4F8F4302833C4F8FC3004F1F40904F53C7A04F53E7602
:201A800000E02E46351F284614F0B6FDAA45F8D1DFF8C8A0243E04F5887B46F81CAC3C3DA5
:201AA000304613F045F805F10C0014F0A5FDAB45A6F13C06F1D100254846C4F8F470A4F8CE
:201AC000FA500EF0F3F804F1CC0012F0CDF904F1940010F059FE04F17800A4F87E50A76785
:201AE0000EF0E4F804F16000A4F8665027660EF0DDF804F14800A4F84E50A7640EF0D6F8B7
:201B0000264604F13000E58627630EF0CFF8124B46F8083F04F11C0014F000FE04F1180078
:201B200014F0FCFD3046E581A7600EF0BFF82046E58027600EF0BAF84046BDE8F88F00BF9D
:201B40008C6E04005470040010580400E0730400A47E0400D87C0400106A0400A87C0400D8
:201B60002DE9F84F694B40F8043C0446A0F104083C3308F596502360103004F005FB644F39
:201B8000644E002504F66C1003F0BAFE04F63C10C4F83C79A4F842590EF088F804F61410C3
:201BA000C4F81479A4F81A590EF080F804F50E6012F022FD584BC4F8D03804F50D600EF004
:201BC000BFFF04F6AC0011F063FA04F6880011F05FFA04F6180004F0E9F904F5F76006F039
:201BE00049F804F28C7005F027F804F23C7004F0DDFAC4F8246704F2247015F0E1FCC4F8C2
:201C00000C6704F20C7015F0DBFC04F2A46017F029FB04F55070A4F84653C4F840730EF083
:201C200045F83E4BC4F8003304F5407012F0E0FE3B4BC4F8F4302833C4F8FC3004F1F409CB
:201C400004F53C7A04F53E7600E02E46351F284614F0D2FCAA45F8D1DFF8CCA0243E04F5EA
:201C6000887B46F81CAC3C3D304612F061FF05F10C0014F0C1FCAB45A6F13C06F1D1002597
:201C80004846C4F8F470A4F8FA500EF00FF804F1CC0012F0E9F804F1940010F075FD04F117
:201CA0007800A4F87E50A7670EF000F804F16000A4F8665027660DF0F9FF04F14800A4F83C
:201CC0004E50A7640DF0F2FF264604F13000E58627630DF0EBFF134B46F8083F04F11C000C
:201CE00014F01CFD04F1180014F018FD3046E581A7600DF0DBFF2046E58027600DF0D6FFC3
:201D0000404623F025F84046BDE8F88F8C6E04005470040010580400E0730400A47E0400AC
:201D2000D87C0400106A0400A87C0400694B2DE9F04703F13C02044600F59650C4E900326E
:201D40001030654F654E04F01FFA002504F5176003F0D6FD04F51460C4F84079A4F8465957
:201D60000DF0A4FF04F61810C4F81879A4F81E590DF09CFF04F6E40012F03EFC584BC4F830
:201D8000D43804F6D4000EF0DBFE04F50B6011F07FF904F68C0011F07BF904F61C0004F0B0
:201DA00005F904F2BC7005F065FF04F5F26004F043FF04F5E86004F0F9F9C4F8286704F5BE
:201DC000E56015F0FDFBC4F8106704F5E26015F0F7FB04F5D56017F045FA04F55170A4F892
:201DE0004A53C4F844730DF061FF3E4BC4F8043304F5417012F0FCFD3B4BC4F8F830283390
:201E0000C4F8003104F1F80904F53D7804F53F7600E02E46351F284614F0EEFBA845F8D1CA
:201E2000DFF8CCA0243E04F58A7846F81CAC3C3D304612F07DFE05F10C0014F0DDFBA845C5
:201E4000A6F13C06F1D100254846C4F8F870A4F8FE500DF02BFF04F1D00012F005F804F146
:201E6000980010F091FC04F17C00A4F88250E7670DF01CFF04F16400A4F86A5067660DF07F
:201E800015FF04F14C00A4F85250E7640DF00EFF264604F13400658767630DF007FF134BAE
:201EA00046F80C3F04F1200014F038FC04F11C0014F034FC30466582E7600DF0F7FE201D34
:201EC000658167600DF0F2FE204622F041FF2046BDE8F0878C6E04005470040010580400FC
:201EE000E0730400A47E0400D87C0400106A0400A87C04002DE9F0414FF0000C8CB04FF05A
:201F0000100E1FFA81F887B2CDE900CE05461C463946174B164602A842460EF00DFD02A985
:201F2000144811F003FF02A80EF022FD0F2DA4B201D1C02C0FD1282022F011FF3946054617
:201F4000CDE9006442460A4B0EF0F6FC2946094811F072FE28B9304601F086FF0CB0BDE83B
:201F6000F08128460EF004FD284622F0F1FEF2E7C5140200D025002008B510F007FC08BDC6
:201F800008B510F013FC20F0404008BDFFF744BBFFF754BB03F0A2BE704700BFC117FFF78F
:201FA00027BB00BF00B585B0D3B28AB281B2684613F0D4FF05B05DF804FB00BF002B08BF64
:201FC0001023FFF797BF00BF014B5888704700BF70380020014B9868704700BF70380020CF
:201FE00008B503F035FE4FF0FF31BDE8084000F09DB800BF00B583B00E49684604F06CFA57
:20200000BDF80430A3F51943033B032B10D8DFE803F002020D0D0023074A52F823004FF097
:20202000FF3103B05DF804EB00F080B80123F3E70223F1E7402C00204420002003F004BE91
:202040000821014800F074B860000010704700BF084619B189880630FFF71ABB704700BF6C
:2020600008B512F0A9F808BD704700BF704700BF014820F06040704700000220012001F06B
:20208000BDBC00BF08B5022001F0B8FC40F29330BDE80840FFF788BA014B1860704700BF30
:2020A000D4380020704700BF0020704780880A3080087047063070478088704783888B42A2
:2020C00026BF063040180020704700BF0320704740680B308008704780887047704700BFC6
:2020E000704700BF70B50C1E064603DB3CB90D4D284670BD22F0CAFE0446002CF7D0E01DF3
:2021000001F0AEFD054608B1074B0360AC8026B131462246A81D22F059FE2C440023A371B3
:20212000284670BD185904005C580400FFF7DABF70B50D1E12DD064605F1080001F090FD41
:20214000044608B1094B0360656004F108002A46314636B122F03AFE204670BD044C2046A2
:2021600070BD22F057FE204670BD00BF8C5804000C590400014B1860704700BF502000205E
:20218000034A044B116803FB00F048401060704750200020CB5725CA30B40E4D2A680446D1
:2021A00021460020930983EAD273534083EA121383EA92035208534042EAC37202F00103DF
:2021C000490843EA4000EDD18442E9D32A6030BC704700BF50200020004870471859040011
:2021E00000B583B002AB0022ADF8042003F8040D01211846FFF776FF03B05DF804FB00BFA2
:202200002DE9F0410D4688B11C4B39B198422BD09D4204460FD12046BDE8F081984221D075
:202220008688174D0446311D042707E0144CF9B1124B9D42EFD0A688AF88F1190020FFF7F8
:2022400051FF04F10608831D044641461846324622F0BCFD3A463044A91D22F0B7FD204633
:20226000BDE8F081064CD6E70C462046BDE8F081042725463E460821E0E700BF185904002D
:202280006C590400884212D030B48B88828806309A4228BF1A460531034613F8015B11F880
:2022A000014FA54205D009D3012030BC7047002070471C1A9442F0D90020F6E74FF0FF305B
:2022C000F3E700BF80887047002A1ADD10B484880029BCBF631823EAE371631A934206DC01
:2022E000002B03DC08485DF8044B70471A46A1423ABF06304018002011465DF8044BFFF74E
:20230000F1BE0148704700BF1859040078B371B32DE9F047858822EAE272AA4223D200F1FF
:20232000060818EB0204A5EB02058F881BD0BD4219D391F806A001F1060902E0AF42344685
:2023400011D82378534505F1FF3504F10106F5D13A464946204622F02AFD0028EED1A4EB51
:202360000800BDE8F0874FF0FF30BDE8F0874FF0FF30704708B5FFF7C9FF013018BF0120E6
:2023800008BD00BF80F00100704700BF0A1E38B511D138B302460B4604460D4622F03AFA74
:2023A000002841D10C2001F05BFC08B11F4B0360C0E9014538BDC2F30A54A4F2FF331D2BE2
:2023C00012D8142B054618DC0028E3D1A4F2F33412FA04F4DED1D002C3F11F0340F0004031
:2023E000D8401AE0012038BD1E2BD3D10028D1D10F4B9A42CED10F4838BDA4F2134410FAE6
:2024000004F4C7D1D002C3F11F0140F00040C3F13403C84025FA03F31843002AB8BF404290
:20242000400040F0010038BD0E2038BDBC5804000000D0C1010000802DE9F04182B006303A
:2024400001A9F9F7DDFE0022002306460F4622F0AFF960BB27F00045304629464FF0FF329B
:202460001F4B34464FF0010822F0D4F938B94FF0FF321B4B3046294622F0C2F9F0B118F02F
:20248000FF0F1FD100224FF48013204629464FF0010822F0BFF938B92046294600224FF434
:2024A000801322F08FF9B0B118F0FF0F0AD130463946FFF76BFF02B0BDE8F081804618F0B2
:2024C000FF0FDFD0074F002630463946FFF75EFF02B0BDE8F081804618F0FF0FE7D0F1E748
:2024E000FFFFEF7F0000F87F08B521F08FFEBDE80840FFF74BBF00BF01448879400040F03C
:202500000100704720B1002902DB8288914201DB0F48704710B582B0FFF7EEFF0E2804460B
:202520000DD0C3070ED502A800236410ADF80430012100F8044DFFF7D5FD02B010BD0448F9
:2025400002B010BD40F27130FFF72EF8EBE700BF1859040020B1002902DB8288914201DB77
:202560000E207047FFF7C8BF08B521F061FEBDE80840FFF70BBF00BF4300B0EB630F01D03F
:20258000FFF7B2BF43F00100704700BFB0F1804F08B503D2400040F0010008BD21F026FEBD
:2025A000BDE80840FFF7F2BE002814BF42200A20704700BF08B5F9F7DFFFBDE80840FFF71D
:2025C000E5BE00BF01FB00F0704700BF90FBF1F0704700BF10B50C2001F042FB044608B133
:2025E00002F0ACFC204610BD00897047043002F041BC00BF03460A460430198902F01ABCB5
:20260000043002F047BC00BF03894268994234BF52F8210000207047043002F00BBC00BFE0
:20262000043002F045BC00BF043002F065BC00BF024B1B68588CC000704700BF203900204B
:20264000704700BF0020704738B51C4B1B688BB15C6AACB1236898422DD08BB1002300E056
:2026600072B1023354F823208242F9D101339B00E05838BD124B1C6844F21022944216D0E4
:202680000D460446FFF7DEFF78B103689C4210D05BB1002300E042B1023350F82320A242D2
:2026A000F9D101339B00C05838BD284638BD5B68CEE70423F7E70423DAE700BF2039002074
:2026C00020510400406870474160704710B5082001F0C6FA044608B102F038FC204610BDD4
:2026E00070B50C1E054616460EDB83889C420BDA05EB8404E36823B10B2140F2863002F090
:2027000069FCE660284670BD0A2140F2863002F061FCEDE7FEF748BF18B1024B984208BF8A
:202720000020704718590400003018BF0120704710B5142001F094FA044608B102F00EFCF7
:20274000204610BD10B5044602F012FC002806DB238AE268984202D252F8200010BD002032
:2027600010BD00BF2E4B1B682DE9F047DF6ABA683B68824203F1FF3107F1040703D857F861
:202780002120824230D2002945DD5B1057F82320904226D0B0F804904FF0010C00F105089C
:2027A0000DE034BF03F1010C03F1FF318C4532DC0CEB01035B1057F82320824211D094887C
:2027C0004C4528BF4C46063226464546144614F801AB15F801EFF245E3D1A4EB020E76456C
:2027E000F5D21846BDE8F087002914DD5B1057F823209042F5D0012403E057F8232082428C
:20280000EFD090428CBF5C1C03F1FF310B19A1424FEA6303F1DA00231846BDE8F08700BF73
:2028200020390020034B1B680131DB6A53F82110FFF788BF20390020F8B504460F461646FD
:2028400002F096FB011E04F10C0505DB32462846BDE8F84002F0EEBA3A462189201D02F03A
:20286000E9FA3246218A2846BDE8F84002F0E2BA034B1B680131DB6A53F82110FFF7DCBF24
:2028800020390020014B1868704700BF1C390020704700BF820708B508D130B1036823F014
:2028A0000103DA78F92A13D1987808BD0028FCD0C3070FD40E280DD042280DD00A280BD0DE
:2028C000062805D040F22130FEF76EFE042008BD042008BD022008BD012008BD0E281FD04D
:2028E00010B5044670B915E0FFF7D4FF0346022B204612D0032B0DD1FFF79EFD0E28044607
:2029000008D03CB1A3072046EED000F00FF821F07DFC10BD0020044910BDD4E9010110BD10
:2029200000200149704700BF0000F87FC107034651D4820704D59B0914BF01200020704739
:2029400000284AD02DE9F041FFF7C8FF21F000450F464FF0FF322946274B064604464FF060
:20296000010821F057FF40B94FF0FF32224B3046294621F045FF00B9804618F0FF0F2ED143
:2029800000224FF48013204629464FF0010821F041FF40B92046294600224FF4801321F0FA
:2029A00011FF00B9804618F0FF0F18D1304639461EF0DAFC0022114B1EF004FF00220023DC
:2029C00004460D4621F0FEFE60B92046294621F05FFFBDE8F08140107047002070470020DC
:2029E000BDE8F081204629460022044B21F0C2FA04460D46E9E700BFFFFFEF7F0000F041E5
:202A0000FFF794BF38B50D46FFF790FF04462846FFF78CFF00F01F0004FA00F04300B0EB94
:202A2000630F03D0BDE83840FFF75EBD43F0010038BD00BF38B50D46FFF778FF04462846D6
:202A4000FFF774FF00F01F0044FA00F04300B0EB630F03D0BDE83840FFF746BD43F0010063
:202A600038BD00BF38B50D46FFF760FF04462846FFF75CFF60404300B0EB630F03D0BDE89C
:202A80003840FFF731BD43F0010038BD38B50D46FFF74CFF04462846FFF748FF2043430095
:202AA000B0EB630F03D0BDE83840FFF71DBD43F0010038BD08B5FFF739FFC0434300B0EB54
:202AC000630F03D0BDE80840FFF70EBD43F0010008BD00BF38B50D46FFF728FF0446284636
:202AE000FFF724FF20404300B0EB630F03D0BDE83840FFF7F9BC43F0010038BD38B50D4609
:202B0000FFF714FF04462846FFF710FF00F01F0024FA00F0B0F1804F03D2400040F001001C
:202B200038BD21F063FBBDE83840FFF72FBC00BF0E2816D008B50346C0B19B0708D0FFF771
:202B4000F5FE07EE900AF8EEE77A17EE900A08BDFFF7C4FE21F0BCFE07EE900A17EE900A97
:202B600008BDDFED057A17EE900A7047DFED027A17EE900A08BD00BF0000C07F70B50E46CC
:202B8000FFF7ACFE044630460D46FFF7A7FE02460B462046294621F0EDF9BDE87040FFF737
:202BA000F5BB00BF70B50E46FFF798FE044630460D46FFF793FE02460B462046294621F088
:202BC000D7F9BDE87040FFF7E1BB00BF01F00103184203D0C3130133012B12D9D0B50C4665
:202BE000FFF77CFE064620460F46FFF777FE02460B463046394621F073FBBDE8D040FFF73B
:202C0000C5BBCB130133012BE8D84310481000FB03F04300B0EB630F02D143F0010070478F
:202C2000FFF762BC032912D0D0B50C46FFF756FE064620460F46FFF751FE02460B463046F6
:202C4000394621F077FCBDE8D040FFF79FBB7047F8B50C46C107034603D5E20701D56208A4
:202C600011D11846FFF73AFE064620460F46FFF735FE0B460246394630461EF0A3FDBDE8D5
:202C8000F840FFF783BBFFF751FE05462046FFF74DFE95FBF0F303FB10504300B0EB630F70
:202CA00003D0BDE8F840FFF71FBC43F00100F8BD2DE9F0410C468046FFF710FE0646204695
:202CC0000F46FFF70BFE04460D46FAF7D9F922462B4621F06DFD28BB0022002330463946CF
:202CE00021F08EFD80B9002200233046394621F05FFD20B3204629460022002321F062FDFB
:202D000028BB4046BDE8F081304639461EF0BAFD22462B4621F0E4FAFAF7C6FCBDE8F04129
:202D2000FFF734BB2946204621F08AFD39460246304621F035FEBDE8F041FFF727BB30469C
:202D400039461EF09FFDBDE8F041FFF71FBB0C2000F086FF08B1034B0360034B0022C0E980
:202D60000123CFE7BC5804000000F07FC2072DE9F8430C460BD5CB0709D540104C10844284
:202D800041DB3DD1640044F00100BDE8F883FFF7A5FD064620460F46FFF7A0FD04460D4681
:202DA00002460B463046394621F02AFD90B922462B463046394621F0FBFC28B13046394660
:202DC000BDE8F843FFF7E2BA22462B4634463D4616461F46F9F7D0FB2246804689462B46C1
:202DE0003046394621F0C4F842464B4621F078FA22462B4621F0BEF8BDE8F843FFF7C6BA7F
:202E0000234604461846001BFFF7C6F920444400B0EB640F02D144F00100B6E7BDE8F84396
:202E2000FFF762BB08B5FFF759FD1EF02BFDBDE80840FFF7ABBA00BF08B5FFF74FFD1EF02C
:202E40009FFDBDE80840FFF7A1BA00BF08B5FFF745FDFAF715F9BDE80840FFF797BA00BFF2
:202E600008B5FFF73BFDFAF78BF8BDE80840FFF78DBA00BF08B5FFF731FD1EF075FABDE807
:202E80000840FFF783BA00BF08B5FFF727FD054B002221F06FF8FAF7F3F8BDE80840FFF778
:202EA00075BA00BF0000E03F0E280BD00E2909D08842F8B5044618D001F00102104216D00F
:202EC0000020F8BD00207047A288A888A31D904228BF1046691D1A4612F8014B11F8015F78
:202EE000A542EDD1D41A8442F6D90120F8BD0D46FFF7D0FC06462846FFF7CCFC8642DFD1CF
:202F000044EA05039B07DBD1032EDDD0022ED7D12046FFF7E3FC064628460F46FFF7DEFC5D
:202F20000B4602463946304621F042FC4FF0010300B90346D8B2F8BD08B5FFF7B5FF0028A1
:202F400014BF42200A2008BD08B5FFF7ADFF00280CBF42200A2008BD0E281AD00E29F8B5A6
:202F60000C4614D00628054615D042283FD00A281CD00629034600F09080422C11D00A2C29
:202F800037D09C4210D004F001031D4211D00020F8BD00207047062906D0422C4FF00003D3
:202FA000EDD10322934204D10120F8BD0123062CE3D12846FFF76EFC06462046FFF76AFCC8
:202FC000032E22D003282FD0012E14D0012821D08642DCD145EA04039B07D8D1032847D03F
:202FE000022828D0601BB0FA80F04009F8BD0323DDE70122D6E7062D33D0422D4FF0020666
:2030000034D00A2DE2D10125E0E7022813D00328DCD1DFE7062C4FF0020020D0422C23D066
:203020000A2CD5D10124D3E7022E04D0012EAED1062DE2D1ABE72846FFF750FC0646204649
:203040000F46FFF74BFC02460B463046394621F0AFFB4FF0010400B90446E0B2F8BD0024E3
:20306000B6E702260025B1E70324B1E70325ADE7AC4299D0AB88A288A81D9A4228BF1A46B7
:203080000534034613F8011B14F8015F8D427FF47EAF191A9142F5D986E7002282E700BF21
:2030A000FFF75ABF08B5FFF757FF002814BF42200A2008BD08B5FFF74FFF00280CBF422056
:2030C0000A2008BDF8B5078945687FB10E46043D002402E00134A74208D0314655F8040F7F
:2030E000FFF73AFF0028F5D02046F8BD4FF0FF30F8BD00BF10B500220446FFF7E3FF011E8F
:2031000004DB201D01F0D4FE012010BD002010BD38B58307044608D148B1FFF7BBFB03288B
:2031200012D0022814D0012038BD0A2801D1002038BD0028FBD00E28F9D00628F7D010F188
:20314000FF3018BF012038BD0C4B9C42EBD1EEE72046FFF7C3FB02460B4604460D4621F02C
:2031600059FB0028E3D1204629460022002321F01FFBB0FA80F0400938BD00BF185904004E
:20318000422805D00A2801D0FFF7C2BF00207047012070470E2857D00E2955D0F8B50C460F
:2031A0000546FFF777FB06462046FFF773FB032E2FD0A5422BD02846FFF790FB0646204693
:2031C0000F46FFF78BFB324604460D463B463046394621F01FFBA0BB22462B46204629465F
:2031E00021F018FB68BB22462B463046394621F0E9FA18BB22462B463046394621F000FB19
:20320000003018BF0120F8BDD01A81420DD20020F8BD0328CDD1A542F9D0AA88A188AB1DD4
:20322000914228BF114605341A4612F8015B14F8010F8542E8D028BF0120E4D24FF0FF30B7
:20324000F8BD6FF00100F8BD6FF00100704700BF38B501F0010313EA000404D08842ACBFE2
:203260000020012038BDFFF795FF831C14BFC00F204638BD10B501F00104204203D0884238
:2032800007DC422010BDFFF785FF831C01D00028F7DD0A2010BD00BF10B501F00104204263
:2032A00003D0884207DA422010BDFFF773FF831C01D00028F7DB0A2010BD00BF10B501F023
:2032C0000104204203D0884205DB422010BDFFF761FF0028F9DA0A2010BD00BF10B501F01E
:2032E0000104204203D0884205DD422010BDFFF751FF0028F9DC0A2010BD00BFF0B591B0DA
:203300000446FFF7C7FA03283DD002280FD0052848D0002C4CD00A2C42D00E2C45D0422CD9
:2033200055D02C4B2C48062C08BF18462CE0E3072CD40E2C39D02046FFF7D0FA21F0004571
:203340000F464FF0FF322946244B064621F062FA38B9304629464FF0FF32204B21F03CFA19
:2033600040B332463B463046394621F053FAE0B9304639466A46F8F7EBFF68464FF0FF31DA
:20338000FEF7B0FE00E0204611B0F0BD694660100CF016FB68464FF0FF31FEF7A3FEF3E71D
:2033A0000F48F1E70F4811B0F0BD0F4811B0F0BD0E48E9E7002330463946002221F002FAE7
:2033C0000B4C0C4B002814BF20461846DCE70A48DAE700BF6C59040090590400FFFFEF7FC9
:2033E00084590400A059040050590400FC5804005C590400405904007859040010B50446B0
:20340000FFF748FA04280ED164B1A3070AD12368074A23F001035B69934203D02046BDE865
:203420001040184710BD2046BDE81040FFF766BFFD33020008B5FFF72DFA052810D8DFE8B2
:2034400000F0030507090B0D084808BD084808BD084808BD084808BD084808BD084808BDCE
:2034600040F22230FEF7A0F8002008BD30590400EC580400B4590400D4590400C45904001E
:2034800020590400062808D008B5FFF703FABDE8084000F57570FEF787B840F2DD30FEF7CA
:2034A00083B800BF4FF46470FEF77EB810B5FEF7F7F80446102000F07FFC226902602061D4
:2034C00010BD00BF38B5FEF7EBF80469054634B123682B612046BDE8384000F0ADBB40F2DA
:2034E0005330FEF761F8F3E7F0B585B00746FEF7D7F8046906468CB194E80F006D46306171
:2035000085E80F00204600F097FB084B77611B68284631469B6B984705B0F0BD3846FFF7F9
:203520006DFF40F2E730FEF73FF8E5E72039002010B5FEF7B5F8446912239C42436101D0C9
:20354000204610BD40F25330FEF72EF8204610BD08B5FEF7A5F84369122B05D0FFF7E8FF4B
:20356000BDE80840FFF7C0BF08BD00BF79B110B4084B094C014410F8012B04FB03F3884297
:2035800083EA0203F7D118465DF8044B7047014B18467047C59D1C819301000138B50468EA
:2035A00034F00304054612D0A30F15D12846E369984705462DB140F6BE239D4205D9002C59
:2035C00003DB40F24930FDF7EFFF284638BD40F25130FDF7E9FFE9E7C4F39905EAE700BFD9
:2035E000F8B54FF480400DF039F9194C194B1A4D1A4E002787611A4F8760D3E90112276897
:20360000C76000F10807276000F58054013106343460596043F6F8742968446022449A6040
:2036200079B188420DD30A6872B1904203D20BE0984203D31A461368002BF9D1036010603C
:20364000F8BD01602860F8BD13460A46F6E700BF10390020F4380020E0380020E8380020A5
:20366000F83F008038B5144B9A881B6892B1551E53F8251088421AD0023A03EB82032A4699
:2036800002E0216881420BD0013A511C1C46A3F10403F6D14FF45270BDE83840FDF784BF5C
:2036A000954204D0044801F06FFB206038BD0248BDE8384001F068BBEC3800201821014802
:2036C000FEF736BDF4380020036823F0010318888008704730B338B5C5680446A5B155E97A
:2036E00001326868A96862605A0F032AC4E9020105D040F24930FDF757FF55F8043C43F024
:20370000004345F8043C38BD50F8043C5A0F032A09D143F0004344F8043C0020BDE83840CD
:20372000FDF7C6BF704740F24930FDF73DFF54F8043CEEE738B550F8043CDB070546A0F1EA
:2037400004041CD4104B1B6873B103F108029442F9D359680A449442F5D255F8043C43F063
:20376000010345F8043C38BD40F24A30FDF71CFF55F8043C43F0010345F8043C38BD40F2B0
:203780004F30FDF711FFDDE7E0380020830709D140B1030F06D00168114B194202D1CB7837
:2037A000F92B00D070470F4B10B504461B688BB103F108029442F9D3586802449442F5D2F3
:2037C000094841F00101216022468188BDE8104001F0C2BA40F24A30FDF7E6FE2168EFE72E
:2037E00003000040E0380020D838002000294DD02DE9F84F0F468046DFF89CB0DFF89CA02A
:20380000DFF88C90061F002502E00135AF423BD056F8044FA307F8D1002CF6D0230FF4D05B
:20382000206810EA0B0FF0D1C378F92BEDD1DAF8003053B103F108018C4203D35A680A4457
:20384000944207D31B68002BF4D140F24A30FDF7ABFE2068B9F8041040F001002060224696
:203860000B4801F079FAB9F80430642BCDD90C200CF0F4FF0135074A08EB85037D1BC0E919
:203880000135116801601060BDE8F88F704700BFD8380020E438002003000040E03800201F
:2038A00038B505684DB104462846FFF743FFA1882846BDE83840FFF799BF38BD830709D165
:2038C00040B1030F06D00168234B194202D1CB78F92B00D07047214B2DE9F04104461B689C
:2038E000002B33D003F108029442F8D3586802449442F4D221F0030341F001019B6921608A
:203900000BB120469847164D164C2F46AB8883B923681846C3B1D3E90026D3F808802260E9
:203920000CF0C2FF41463046FFF760FFAB88002BEED0384601F028FA036823F003039B6943
:20394000002BE3D09847E1E7BDE8F08140F24A30FDF72AFE2168CDE703000040E03800204C
:20396000D8380020E4380020F8B505460CF076FF0446A5F10800830760602ED11B4A1C4F71
:20398000556891681B4EC31C23F00043014423F00303013543F00043C2E901513A68A36027
:2039A000E26004F10803144A31683B6003EB9000106079B18C420DD30A68A2B1944203D2FD
:2039C00011E09C4203D31A461368002BF9D123601460F8BD21603460F8BD4FF45270FDF703
:2039E000E3FD6068CAE713460A46F0E7F438002010390020E0380020E83800202DE9F04F6C
:203A0000834B1B780646980783B005D54FF45270FDF7CAFD7E4B1B787E4A146895887C4A0A
:203A200043F0020313706DB104EB850554F8040B20F0010310F0010F18BF1868FFF73EFF2B
:203A4000A542F3D1744C3046FDF738FE23688BB1724B1B685E8D01F0CBFA256805EB8605AB
:203A6000861B07D00024013455F8040BFFF726FFA642F8D16A4A6B4B16781D683EB10024BD
:203A8000013455F8040BFFF719FFA642F8D16649664A0B68176801330B60654B00221A609A
:203AA000002F00F0B180CDE90022904691467B68019A07F108059B0805EB83061A44B5423D
:203AC000019248D22B6813F001017DD11A0F062A7AD0AE4240F28880AA4601E0DAF80030B3
:203AE000002B4FEA13720FDBD90714D4062A12D05A0009D4DB78F92B40F2493001D0FDF7FB
:203B000053FD504601F01AF95046FFF747FD0AEB800A5645E2D8AAEB05044FEAA40CE0456B
:203B20004FEA8C024FF0FF01284642F0004BB8BFE046E14421F06EF9042CC5F800B04CDD94
:203B400000236B60009B002B49D0009B00955D605546AE42B6D83F68002FA8D1354901982C
:203B60000B684FEA890202EB091780004FEA88047F009BB12E4B1D684FEA590975B12B689F
:203B8000C3F39906B14506D236E02B68C3F399031E44B14531D36D68002DF6D122494B69C3
:203BA000C1E903246BB193420BD8B84201D3FFF717FD174A137823F00203137003B0BDE8A9
:203BC000F08F194B5A61F0E723F001032B602846FFF7E4FC05EB8005BBE75546B9E7144BD9
:203BE00000951D605546B4E74FF00043B8F1000F2B60AEDA8846ACE733469944A9EB0603DC
:203C000005EB83030B60C9E73C4638463A46C5E761430020EC3800201C39002020390020F1
:203C2000624300200C390020F4380020E038002010390020E838002050F8043C5A0F032A0F
:203C400010B5044605D040F24930FDF7ADFC54F8043C43F0004344F8043C204610BD00BFC8
:203C60002DE9F84F42F6F823C71C98424FEA97077CDC444BDFF810A15B68C3F30803002BE2
:203C80005ED19AF8003018075AD143F001038AF80030FDF705FD10B14368002B6DD0DFF85F
:203CA000ECB0DFF8EC900026DBF80040002C4ED04FF0000803E0A0461C46002B47D040F2AC
:203CC00051301EB9D9F80030A34248D3A10701D1230F01D1FDF768FC2568002D40F24B304E
:203CE00001DBFDF761FCC5F39905ED1B002D6368E1DB0AD0AA0042F0004244F8272004EB1B
:203D00008707012D1CBF7B603B46B8F1000F31D0C8F80430002222604BB15B683BB19A0713
:203D200001D11B0F03D14FF45470FDF73DFC9AF8003023F001038AF800302046BDE8F88F62
:203D400040F29230FDF730FC9AF800309DE736B1012E08D01520FDF727FC0136A4E70020ED
:203D6000FFF74CFEF9E7FFF73BFCF6E71620FDF71BFC7EE7CBF80030CCE740F24E30FDF729
:203D800013FC8CE700ED00E06143002010390020E8380020033010B520F00304201DFFF725
:203DA0005FFFE31D23F0804323F0030343F0804340F8043B10BD00BF08B538B1FFF7EAFF38
:203DC00050F8043C43F0005340F8043C08BD00BFF8B5214B5B68C3F3080306460F46002B70
:203DE00034D1FDF75DFC1D4D1D4AF31B9B102B7004461760A8B10C20FFF7CCFF50F8043CBD
:203E00006268026043F00053A26840F8043CE368C0E90123E0600023A6602B706360204629
:203E2000F8BD1820FFF7B6FF0E4A50F8043C1268026043F00053122240F8043C0023426136
:203E4000C0E903330446FDF733FCE4E740F29230FDF7AAFBC5E700BF00ED00E062430020C1
:203E60000C3900201C390020830702D108B1030F00D17047024B02469988184600F06CBF89
:203E8000EC3800208207034602D108B11B0F00D17047FFF7E7BB00BF0430FFF701BD00BFD0
:203EA00003460C309988FFF7A1BC00BF4068FFF76DBC00BF10B504460430FFF7F1FC04F1A9
:203EC0000C00BDE81040FFF7EBBC00BF50F8043B23F00103198804398908FFF787BC00BF80
:203EE00003207047808880000F308008704700BF02207047052070470349044A0023C1E907
:203F00000033C2E900337047EC380020D8380020704700BF02207047406812F02DBD00BFC3
:203F2000704700BF10B50446034B41600846236012F004FD204610BDE459040010B50446B6
:203F400082B0406812F0E6FC88B16168684612F075F8694601A812F0EDFA01A812F07EF822
:203F6000606001A812F054F8684612F051F802B010BD00BF38B505460820FFF771FE044644
:203F800028B1044B45602846236012F0D7FC204638BD00BFE4590400FFF7ECBFA0F12003DE
:203FA0005E2B10D810B582B00446684611F02EFF04EB8400009BA0381844052102B0BDE8B4
:203FC0001040FEF7B5B80020704700BF10B584B00C46416803A812F031F80023624203A95C
:203FE000CDE9003303480EF04DFF03A812F010F804B010BD582D002030B585B00C46416853
:2040000003A8154612F01AF80023624203A90093019504480EF036FF03A811F0F9FF05B012
:2040200030BD00BF582D002043689B8801FB03F1FFF7CCBF70B584B00E46416802A8154695
:2040400011F0FCFF02A903A811F0F0FF00246FF0FE0033462A4603A9CDE9000405480EF003
:20406000DBFF03A811F0D4FF02A811F0D1FF04B070BD00BF582D002010B5044682B0FFF7F0
:204080005DFF616801A811F0D9FF01A811F0FEFF01A811F0BDFF02B010BD00BFF0B507463C
:2040A00083B00C4615461E46FFF748FF796801A811F0C4FFF3B22AB221B201A811F0F0FF44
:2040C00001A811F0A5FF03B0F0BD00BF30B583B00C461546416801A811F0B0FF21B22AB2FD
:2040E00001A811F0F3FF044601A811F091FF24EAE47003B030BD00BF43685888704700BFDE
:2041000043689888704700BF002B14BFFF230023FFF7C4BF08B5FFF7D9FF0028D4BF00203C
:20412000012008BD43689B8801FB03F1FFF764BF0A4610230321FDF7DDBE00BF082870B578
:2041400004460D461AD0A0F10903012B07D92A46214610230D20BDE87040FDF7CBBE0F4EC9
:20416000D6F8540903689B6A98470528EFDCD6F85409036808215B6A9847E8E7074ED6F878
:20418000540903689B6A98470228E0DCD6F85409036804215B6A9847D9E700BF002500206A
:2041A00038B5074C0546D4F854090CF0A9FED4F854090CF005FF401BB0FA80F0400938BDCC
:2041C0000025002070B50D46044600F05BFA50B10368DB6A98472A46204610230321BDE831
:2041E0007040FDF787BE70BD70B50D46044600F049FA50B10368DB6A98472A46204610231B
:204200000221BDE87040FDF775BE70BD08B500F039FA28B10368DB6A9847003018BF012062
:2042200008BD00BF2DE9F843204CD4F854090CF067FE1FF0EBFF8046D4F8540989460CF000
:2042400067FE1FF0E3FF0646D4F854090F460CF067FE1FF0DBFF424604460D464B464046B8
:20426000494620F03DF83246804689463B463046394620F035F802460B46404649461FF0ED
:2042800079FE224606460F462B462046294620F027F802460B46304639461FF06BFE1DF016
:2042A00055FC20F0CDFABDE8F88300BF00250020032814D8DFE800F00E090402FFF7B2BF60
:2042C000084BD3F854090CF02BBE064BD3F854090CF01EBE034BD3F854090CF011BE0020CC
:2042E000704700BF00250020014803F057BF00BF1C2D0020024BD3F858090DF041B800BF5B
:2043000000250020014802F077BC00BF402E002040B1012804D1064BD3F854090CF03ABE41
:2043200000207047024BD3F854090CF00FBE00BF0025002008B503283FD8DFE800F02F205F
:2043400011021F4BD3F858090CF0C2FE1FF05EFF00221C4B20F0EEF8BDE80840FEF716B85D
:20436000174BD3F858090CF063FF1FF04FFF154B002220F0DFF8BDE80840FEF707B8104B8F
:20438000D3F858090CF04CFF1FF040FF0D4B002220F0D0F8BDE80840FDF7F8BF084BD3F854
:2043A00058090CF035FF1FF031FF064B002220F0C1F8BDE80840FDF7E9BF00200021CBE775
:2043C0000025002000408F40024BD3F858090CF0BDBE00BF00250020034BD3F854391A686D
:2043E0000146526A1846104700250020012808B505D0022811D0032808D0002008BD0A48C0
:204400000EF01AFF003018BF012008BD07480FF0DBFE003018BF012008BD05480EF00CFF2E
:20442000003018BF012008BD8C2D0020D42D0020B02D00200AB2FF2301B2014811F030BECF
:204440002C2D002070B5FF2A82B005460E4604DC002A14460ADC002300E0FF230C4832B21D
:2044600029B202B0BDE8704011F01ABEFF2A0CD0084803F075FD0128E3B2EFD001210548DB
:20448000019303F07BFC019BE8E71346E6E700BF2C2D00201C2D00200AB2002301B2014811
:2044A00011F0FEBD2C2D00200AB201B2014811F00DBE00BF2C2D002001480EF043BC00BF06
:2044C000582D0020C1B2014803F058BC1C2D002008B5024803F044FD08BD00BF1C2D0020E3
:2044E00001480CF07FBF00BF1C2D00200146014803F076BE1C2D002010B9034803F0DCBB53
:20450000014803F0F1BC00BF1C2D002030B583B00C4901A80CF06AFF01A811F09FFD04467F
:2045200001A811F075FD0820FFF79AFB054610B12146FFF7F7FC204612F01EFA284603B0AF
:2045400030BD00BF1C2D00202DE9F0410668B3F5807F28BF4FF480730446D6F800800D46E2
:20456000002116461F46C0474FF496700CF0CCFA227D094B09481F2A98BF184672B6217D3F
:20458000074C01F01F0141EA075133462A46A04762B6BDE8F08100BF0005005000080050CA
:2045A0000D23002008B1436803B9704710B50446084600F067F8626804F108014FF480732A
:2045C000BDE81040FFF7C0BF08B1436803B9704770B504461546084600F054F82B4662680B
:2045E00004F10801BDE87040FFF7AEBF704700BF10B4054C0A4610230146B4F820055DF88A
:20460000044BFDF777BC00BF0025002008B5034813F0EEFF003018BF012008BD182A0020D9
:2046200080F30801014801F05DB800BF702E0020014801F063B800BF702E002001460148D0
:2046400001F066B8702E002008B5064803F03CFA50EA010301D1002008BD0348BDE808402C
:2046600001F02CB9782E0020702E002007EE900AF8EEE77A024817EE901A03F005BA00BFA0
:20468000782E00206E2856D00BDC682855D014DD6B283AD02DDC692849D06A2837D12948B0
:2046A000704773284BD011DD78282CD017DC74283FD077282BD124487047652833D01EDD1C
:2046C00066282ED0672822D12048704770282CD025DB712821D0722819D11D48704740F2BD
:2046E000E933984217D040F2EA3398420FD1194870476C280DD06D2809D11748704764283A
:2047000005D116487047164870471648704700207047154870471548704715487047154814
:204720007047154870471548704715487047154870471548704715487047154870471548D9
:20474000704700BFE0280020E829002098280020A0290020382B0020282900205028002035
:20476000002A0020F828002010290020202B00208829002058290020802800206828002001
:2047800070290020C8280020D029002040290020B0280020B8290020FFF774BF10B5FFF7D1
:2047A00071FF20B10368BDE810405B68184710BD10B5FFF767FF20B10368BDE810401B6894
:2047C000184710BD10B5FFF75DFF20B10368BDE810405B69184710BD10B5FFF753FF20B197
:2047E0000368BDE81040DB68184710BD10B5FFF749FF20B10368BDE810409B6B184710BD84
:2048000070B50446FFF73EFF68B103680D46164603215B6D98473246294620461023BDE8D3
:204820007040FDF767BB70BD014B9868704700BF7038002008B5FFF725FF78B1C388042983
:204840000CBF43F4807323F48073C380036811461B6D9847024B984200D008BD002008BD4C
:2048600011FCFFFF10B5FFF70DFF48B103681C694FF4FA62A44640F2DC53BDE810406047F7
:2048800010BD00BF704700BF10B5FFF7FBFE20B10368BDE810401B6B184710BD08B5FFF7CC
:2048A000F1FE014B186008BD18390020026870B50D1E0446D66802DD0A4A12782AB92046C7
:2048C00033460021BDE870401847521101219140B047236804499B6B91FBF5F12046BDE8E2
:2048E000704018476E23002040420F00114B124A1B78FF2808DC002812DB107073B198B10F
:2049000040110121814003E0FF2111703BB180210A4B186810B10A4B1B783BB1704770477A
:2049200000211170002BF9D00021F1E70368DB68184700BF634300206E2300201839002034
:2049400064430020014B1878704700BF6E23002070B50E4D2B680C46ABB10D4E01462246C2
:20496000184601233370FFF7A1FF002C0ADD20460BF04AFD286818B103680021DB689847BA
:204980000023337070BD034B2B60E6E718390020634300207837002010B559B101290CBFB4
:2049A00002210021FFF76EFE48B10368BDE810405B6C18470121FFF765FE0028F5D110BD9C
:2049C00010B5FFF75FFE0368BDE810405B6D184701460020FDF7ACBB704700BF70B50C4D82
:2049E0002C6882B014B1204602B070BD2C2020F0B6F9084B002603F1180203F1300100969A
:204A0000044614F0E5F920462C6002B070BD00BF143900208829002010B50446FFF7DEFFBA
:204A2000036821461B69BDE81040184770B50C4682B0F0B1054639B16A6863689A4203D001
:204A400040F28D30FCF7B0FDFFF7C8FF03686A685E6905F1080134B1154604F10803009532
:204A6000B04702B070BD254623460095B04702B070BD39B1FFF7B2FF036865685E69002170
:204A80000A46EAE740F28D30FCF78EFDF2E700BF10B50446FFF7A2FF036821469B68BDE8D0
:204AA0001040184770B505460C46FFF797FF03682A462146DB68BDE8704018472DE9F04377
:204AC000134C236883B007460E4615462BB11A681846136A9847002323603846FFF7D2FDBC
:204AE00007463046FFF7CEFD80462846FFF7CAFD81462C2020F033F900264B464246394634
:204B00000096054614F064F9256003B0BDE8F0831439002030B583B00446FFF7B3FD90F905
:204B200014503C2020F01BF9032300932946A2B2012308F06DFF03B030BD00BF10B5FFF773
:204B4000A1FD074C0146204600F0A0FE054B1978204681F00101BDE8104000F0EBBD00BF23
:204B6000702E0020644300200146034B034881F001021A7000F0DEBD64430020702E0020C2
:204B8000F0B5044683B0002017460E46FDF7D0FA6100054600F1080289B200973346034827
:204BA00012F0FAFE284603B0F0BD00BF282C002010B582B00C4640004B68009281B204F104
:204BC0000802024812F084FE02B010BD282C00200023C0E901337047704700BF0023C0E911
:204BE0000133C0E903337047704700BF2DE9F047C4888C4205460E462FD24FEA8408D0F8E1
:204C00000090002C39D03F2C35DDB4F5007F3DDB04F580774FF6FE724FF6FF73974288BF96
:204C20001F46B742B8BF3746B8000BF017FE82461CB14246494620F0C9F83A1B92000021D5
:204C40000AEB080020F0E6F848460BF02DFEC5F800A0EF80AE80BDE8F08782889142F9D2F7
:204C60000068521A00EB81009200002120F0D2F8AE80BDE8F0876700D3E704290F46B8BF03
:204C80000427B8000BF0EAFD8246D6E7034B08EB0407A3FB07377F08C3E700BFABAAAAAA09
:204CA000704700BF704700BF704700BF704700BF704700BF0B6823F0010370B51B89042B24
:204CC0000C46054602D13DB9204670BD40F28530FCF76AFC002DF7D0E81C8000FEF7C0FF6F
:204CE000064608B1074B0360A368B360AAB2B5809200002106F10C00344620F08BF8204622
:204D000070BD00BF145A040038B502690A4B9A42054603D04FF46270FCF746FC2888FEF79F
:204D20009FFF044600B105602A880021043A201D20F070F8204638BDA54C0200036823F0E3
:204D400001031B69184700BF036823F001031B69184700BF704700BF4FF6FE7399420AD8A0
:204D600083888B4270B5054616460C4604D92B6843F8246070BD70470131FFF737FF2B6839
:204D800043F8246070BD00BF83884BB1013B9BB202688380002152F8230042F823107047B9
:204DA00018467047C38870B54BB33F2B0FDDB3F5007F2CDB03F580744FF6FE72944223D87A
:204DC000A4B28C4238BF0C46A34207D370BD5C00A4B28C4238BF0C46A342F7D20546A00018
:204DE000FEF7D8FFEB880646E3B9E21A920006EB8300002120F00EF82E60EC8070BD0429FF
:204E000038BF04210C46E7E74FF6FF74E4E7084A03EB8304A2FB0424C4F34F048C4238BF78
:204E20000C46D9E79A0029681FF0D0FFEB88DCE7ABAAAAAA30B5C3888B4283B005460C46AB
:204E400009D9036843F82120AB889C4224BF0134AC8003B030BD4FF6FE739942F9D8013100
:204E600089B20192FFF79EFF2B68019A43F82420EAE700BF38B5C3888B4204468DB201D233
:204E8000AB4201D9A58038BD2946FFF78BFFA58038BD00BF83884BB1013B9BB2026883806C
:204EA000002152F8230042F82310704718467047F8B583888B421DD905684A1C8F00934279
:204EC000044655F8216005EB070007D8013B9BB20022A38045F823203046F8BD5A1A02F104
:204EE0008042013A391D294492001FF07AFFA3882568EBE70026EFE783888B421CD970B560
:204F00000E461546591CC28889B28A4204460FD9701C216880009B1B061F9A00084431441F
:204F20001FF05FFFA388226801339551A38070BDFFF738FFA388EBE7FFF77CBF024A0260DC
:204F40000022C0E901227047A45A0400024A026000224260704700BF745A0400034A026041
:204F60000022C0E90122C0E903227047445A04002DE9F041068945681EB32B68994224D066
:204F80002A46002003E052F8044F8C4217D00130B042F8D1B1F804808F1D002404E001344A
:204FA000A6420ED055F8043F9A889045F7D1991D424638461FF0FBFE0028F0D12046BDE824
:204FC000F0814FF0FF30BDE8F0810020F7E700BF704700BFFCF7E8BA014B1B68186970470D
:204FE00020390020014B1B689869704720390020014B1B68188C704720390020014B1B68C6
:20500000D86B7047203900200268F8B544F210239A4200D0FEE74368194A1968194F914242
:205020003B6014D00646188C174D8000FEF7C4FE3B6828601A8C002192001FF0EBFE3C6846
:20504000124B226829689A420D6006D0FEE740F29F30BDE8F840FCF7A7BAB36822699A4220
:20506000F4D1FCF7EFFA3A680023156B04F140001A461946A847BDE8F840FCF7B7BA00BF67
:20508000718E3B92203900201C390020708E3B920148FFF7B9BF00BF2051040048B110F0A7
:2050A000030207D1036823F00103D978F92903D010467047002070471889A0F10600B0FA85
:2050C00080F04009704700BF70B505460C20FEF7C7FD044620B1154B03600023C0E901336E
:2050E0003DB1AB0705D12B6823F00103DA78F92A01D0204670BD0E4A9342FAD12E89002EDA
:20510000F7D02046FEF7B0FE63899E4203D93146201DFFF747FEB2006968268160681FF027
:2051200055FE2046FEF7AEFE204670BDA45A0400445A040038B50D46044608B1830714D02D
:2051400040F29B30FCF730FA29462046FFF710FF051E08DB2946201DFFF7AAFE294604F1A7
:205160000C00FFF7A5FE422038BD036823F00103DA78F92AE4D1024A9342E5D0E0E700BF2B
:20518000445A040010B5104882B00DF057F890B10246002301A80C490CF0F2FF0198B0F9F9
:2051A00002100430FCF7C2FF044601A811F0B6FA204602B010BD01460448FCF7B7FF0446E6
:2051C000204602B010BD00BFA82B0020A469040030B5034683B00E4CB0F904200D4601A8A3
:2051E000991D11F013FB01A9002220460CF0AEFD01A811F093FA2A46102301210C20FCF7F6
:2052000079FE204600210CF029FF03B030BD00BFA82B002098B100B5014683B0B1F90420D4
:2052200001A8063111F0F2FA01A9022204480CF0E3FC01A811F072FA03B05DF804FB7047D8
:20524000A82B0020014628B142680348022308310CF0A8BC704700BFA82B0020F8B5051E4F
:2052600021DD022729460020FCF762FF044600F10806FEF7F9FD3B46314662680D480CF0DD
:2052800009FF854209D001463046FCF751FF05462046FEF7F7FD2846F8BD20462546FEF7E3
:2052A000F1FD2846F8BD03480CF0C8FF00270546D8E700BFA82B002070B50D4614460646CE
:2052C000FFF7E0F990B12846FFF7DCF970B13046FFF7D8F906462846FFF7D4F931460246EB
:2052E00005480CF0A1FC054B01221A7021460248BDE870400CF08ABCA82B002065430020C8
:2053000038B50C460546FFF7BDF9A0B12046FFF7B9F980B1094B012228461A70FFF7B2F9B7
:2053200005462046FFF7AEF929460246BDE8384003480CF079BC6FF47A7038BD65430020C5
:20534000A82B0020014601480CF060BCA82B002038B5094A094B02F170042046A2F11801B2
:2053600000251D700CF060FC20464FF4E131BDE838400CF04BBC00BF382B0020654300203E
:20538000014601480CF026BFA82B0020014601480CF03ABFA82B0020024B1B7803B17047E6
:2053A00008F0C0BD65430020024B1B7803B1704708F0B8BD6543002010B582B0B0F904206C
:2053C000811D684611F022FA6A46022301A809490CF0D2FC0198B0F902100430FCF7A6FEAB
:2053E000044601A811F09AF9684611F097F9204602B010BDA82B002000B5831D83B0B0F9DE
:20540000042069B9194601A811F000FA01A90C4803F0CEFC01A811F081F903B05DF804FB5D
:20542000194601A811F0F2F901A90122044803F027FD01A811F072F903B05DF804FB00BF6D
:2054400074370020014803F04DBA00BF74370020792810B50C4609D10748A4F10101B1FA91
:2054600081F14909BDE8104013F062B8FFF70AF90028F2D110BD00BF182A002070B50E460B
:20548000FDF72CFA044630460D46FDF727FA02460B46204629461CF027F9BDE87040FCF7E8
:2054A00075BF00BF08B5FDF719FA1BF0BFFEBDE80840FCF76BBF00BF08B5FDF70FFA1BF0DF
:2054C00071FEBDE80840FCF761BF00BF08B5FDF705FA1BF01BFEBDE80840FCF757BF00BF15
:2054E00008B5FDF7FBF9F7F7B7FBBDE80840FCF74DBF00BF08B5FDF7F1F91CF0A3F8BDE8D5
:205500000840FCF743BF00BF08B5FDF7E7F91BF0F1FFBDE80840FCF739BF00BF08B5FDF7BB
:20552000DDF91CF013FBBDE80840FCF72FBF00BF08B5FCF743F8FFF7ABFD002008BD00BFC1
:2055400041F2C8110348044B4058012202211A700FF0C4BF0025002066430020094B1B78C6
:2055600070B505460C4653B1022D22460CBF0221012110231520BDE87040FCF7BBBCFFF7A1
:20558000DFFFF1E76643002008B50A4B1B780BB9FFF7D6FF084A41F2C8134FF0FF31D05861
:2055A0000FF08CFE07EE900AFDEEE77A17EE900A08BD00BF664300200025002010B5134B33
:2055C00082B01B78019104468BB1114A41F2C813D058A0B1DDED017AF8EEE77A022C17EE4D
:2055E000901A0ED002B0BDE810400FF045BFFFF7A7FF074A41F2C813D0580028EAD102B0C1
:2056000010BD02B0BDE810400FF004BF6643002000250020704700BF704700BF024B1B688A
:2056200003EB4000704700BF20390020704700BF704700BF704700BF0048704716FCFFFFDC
:20564000704700BF10B50446D0F8FC08036801211B6898470121D4F8FC0813F067F9D4F8E9
:205660004818D4F8F40811F089FDD4F8F818D4F8F408002211F046FD012111F053FA0123DD
:2056800084F8703810BD00BF38B50446D0F8FC0803680025294684F870581B689847294643
:2056A000D4F8FC08BDE8384013F040B910B50446D0F8480811F018FA10B194F870386BB1B6
:2056C000D4F8480811F010FA10B994F8703803B910BD2046BDE81040FFF7D6BF2046FFF7DB
:2056E000B1FFEDE7FF2906D808B58900083002F097F9002008BD6FF47A70704708B5083042
:2057000002F0A4F90028B8BF0330801008BD00BFD0F8F03880F872185BB1D0F8782819B9DC
:205720001146184612F05ABC11461846012212F029BC7047D0F8F03880F873185BB1D0F85F
:20574000742819B91146184612F048BC11461846002212F017BC704770B5044682B03820C4
:205760001FF0FDFA04F1080513232A46064600931849194B12F024FA0021C4F8F06830460C
:2057800012F006FBD4F8F00812F0D2F981B2284602F06CF94FF40041284602F071F994F8A3
:2057A00072182046FFF7B4FF94F873182046FFF7C1FFD4F8EC380BB102B070BD284640F2F2
:2057C000FF33002204F67C0102F0E8F8C4F8EC0802B070BD0010024000442C47044B1868C5
:2057E00010B1D0F8F03803B17047FFF7B5BF00BF2439002010B5044689B3D0F8F03823B3D6
:20580000C388214A43F001030221C380C2F88410BFF34F8FBFF36F8FD0F8F00812F0ACFB3E
:20582000D4F87818D4F8F00812F0D8FBD4F87418D4F8F00812F0D2FBD4F8F00810B1036898
:205840009B6998470023C4F8F03894F87038DBB284F871382046FFF717FF002010BDC388CE
:20586000DA0705D5D0F8F02823F00103C38042B194F87138002BF0D02046FFF7E3FE0020C3
:2058800010BDFFF769FFF3E700E100E070B50446D0F8F00894F87358002384F873380E461E
:2058A00018B1D4F8741812F099FBC4F8746829462046BDE87040FFF73DBF00BF70B500F1A8
:2058C00008040CF073FF0646204602F0FDF80546204602F0FFF86DB105F5B5550C35B542C1
:2058E0000CD830B100F5B2500830B0428CBF0020012070BD003018BF012070BD012070BD66
:2059000070B50446D0F8F0081B4B236048B1D4F8781812F063FBD4F87418D4F8F00812F09C
:205920005DFB164BC4F8083903F18402A833C4F82029C4F82839124E002504F6381010F073
:205940005BFE04F51260C4F82069A4F826590AF0ADF904F6041002F093FF04F67C0002F089
:2059600087FC04F1080001F0F5FD20462660E5800AF09CF9204670BDDC5A0400CC660400E1
:205980005470040010B50446FFF7BAFF20461FF0DFF9204610BD00BF2DE9F04F654D0560D6
:2059A00085B000250646456004468B4692461F46DDF838900AF00AF95F4B46F8083B40F24D
:2059C000FF3203235D49304601F07EFD04F67C08012284F8705884F8722884F8732840F6A0
:2059E000C2314AF64442C4F874B8C4F878A884F87158404602F074FC0F9BC4F8FC384146DC
:205A0000C4F8EC58C4F8F058C4F8F478C4F8F89804F6041002F032FF31462B2204F6081007
:205A200003F0E2FC464A1168002900F08180E288DFF824A142F400524046E280012102F0E8
:205A400013FF49460022384611F05CFB03683D495B6AC4F84808984700220721D4F84808A6
:205A6000DFF8E09011F044F82046FFF7EBFD0AF09DF8074644201FF072F9D4F848183A46F8
:205A800005461C3104F5076810F05CF941462846C4F854580FF0ACFFD4F8540803685B6953
:205AA000984707464C201FF05AF90A2202233946CDE90032244A012305460FF0D1FED4F8BD
:205AC0005408C4F84C5803685B699847074660201FF045F91D4A0192152202924FF0834219
:205AE000394605461A4B00921A4A0FF09BFBC4F8585844201FF033F9D4F84C1807462C3107
:205B0000252210F01FF904F50665C4F8507854201FF025F9534607464A46314602F072FB51
:205B200045F8047B4545F2D1204605B0BDE8F08F14607CE754700400DC5A040000442C478D
:205B40002439002000E02B460AD7A33D00000C42000082420000AA4200007F4300487047F7
:205B6000145B0400BFF34F8F0549064BCA6802F4E0621343CB60BFF34F8F00BFFDE700BFA6
:205B800000ED00E00400FA0512DF7047704700BF08460AF0BBBF00BF14F06AB808460AF028
:205BA000B1BF00BF14F072B8024A034901601060704700BF343900203C5B040030B583B069
:205BC00002AB002103F8011D05461846FFF7DCFF9DF80730012B1BD0134A14480123136031
:205BE0000424C2F80011D2F80031002BFBD0D2F80835013C43EA0020F3D1012353602B6802
:205C00000B4A9B69934209D10AF080FF03B030BD2B68074A9B6905489342F5D001462846DF
:205C2000984703B030BD00BF00D00040ED5EBC0B915B0200034B1B680BB10AF069BF184609
:205C4000704700BF343900204FF08053586E704770B4174E174C0FCE89B001AD0FC596E8B0
:205C6000070003C5002104F8051F4FF080532A705E6E0520012501EB810208AB1A44B6FB20
:205C8000F0F300FB1363B3FBF5F31A44013112F81C2C04F8012D0529A6EB030600EB8000DB
:205CA00005EB8505E7D1034809B070BC704700BFF85A04002839002000B583B002A8002380
:205CC00000F8013DFFF760FF9DF80700A0F10100B0FA80F0400903B05DF804FB08B5FFF7EE
:205CE00041FF00BF014B1860704700BF303900202DE9804889B0DFF87092079013F0AEFFAB
:205D0000914A9249924D0023C1F8103509F10404C2F810354846C2F814351C21C2F81835F7
:205D2000C2F81C35C2F82035C2F82435C2F828354FF0A043032201F5E071844243F821204F
:205D400009D010F8011F1F2986BF01F01F012B464FF0A043EFE77F4B7D4D1C1D1A464FF0CF
:205D6000A0411523032003F5E073944241F8230009D012F8013F1F2B86BF03F01F03294634
:205D80004FF0A041EFE77348714D15234FF0A041012404FA03F38242C1F80C3509D010F884
:205DA000013F1F2B86BF03F01F0329464FF0A041EFE7694B694A1B6812680693DFF890A195
:205DC0000592002303934FF0010B059B002B00F0AF80039A934240F3A98000230493604B0B
:205DE00001931B244FF0A04800230293019B03F1040E029B272B6FDC039B49F63F42052B87
:205E000049F6404C40F69F73ACBF4FF47A6C1346019E504F49F64042654604200441E40784
:205E2000CC464FF01C010FD51F2943D84FF0A0440BFA01F1C4F80C1580B134781CF8011FA5
:205E400001380441E407EFD41F2937D84FF0A0440BFA01F1C4F808150028EED15DB1397826
:205E60001F2986BF01F01F0150464FF0A0400BFA01F1C0F80815002102E00131914212D019
:205E80009942D8F80405F8D138781F2886BF00F01F0054464FF0A04401310BFA00F0914283
:205EA000C4F80C05ECD1764507F101070AD016F8014FB2E701F01F015446B9E701F01F0170
:205EC0005446C5E7029B0133302B029309D0019B1C78029B272B8FDD4FF0FF334FF0000C9B
:205EE00096E7049B591C04292AD0012926D0049B012B14BF01230A231A48079A92FBF3F365
:205F000080FB0320DA17C2EBA00202EB8202A3EB4203303305225BB26FF09F0012FB0303B7
:205F2000069A0491D1180191D45C5DE7FFF71AFE0B4B0193059B04931B2453E76423DBE74C
:205F4000039B0133039340E7046000400060004000030050245B04001021002030390020BE
:205F60001C5B0400676666662C5B040008B50846FBF71AFB08BD00BF4FF0FF30704700BF08
:205F8000054B186828B10368044ADB69934202D1704713F06BBE1847343900208D5B0200FA
:205FA000704700BF0048704716FCFFFF10B5074B03F1080248330446026040F83C3F0CF071
:205FC00003FD204601F058FE204610BD5C5B0400A0F13C00FFF7EABF094B10B503F10802A3
:205FE00048330446026040F83C3F0CF0EDFC204601F042FE20461EF0ABFE204610BD00BF3C
:206000005C5B0400A0F13C00FFF7E6BF30B583B001241D460094044601F06CFF2A462146AC
:2060200004F13C000CF0FAFC044B204603F1080248332260E36303B030BD00BF5C5B04002D
:20604000F8B54FF4006206464263044656F8640B03680025DF6931460B23B847294684F88F
:206060008B5084F8805084F8755084F89050102204F181001DF062FF29466064102204F1EC
:2060800076001DF05BFF656B2368E06405F50065E5631A68676C126B1846904728448742A1
:2060A00003D3E56C636CAB4201D30020F8BD20680368DB6A98478542F7D230460E220349BB
:2060C0001EF075FEB0FA80F04009F8BDC05B040010B50446C0E901230160042308314FF428
:2060E00080720C3008F064FA0022012104F124000AF0CAFA04F1980010F0AAFB0023C4E9FF
:206100001433A363236223646363E3636364A365E36484F85C3084F85D302366C4F89430EA
:20612000204610BD30B5036ADB078DB0044602D4FFF786FF90B12D22002168461EF06AFE4B
:206140002068616B03686A461D6A0B23A8472068E16C03686A461D6A0123A847236A23F002
:20616000010323620DB030BD38B500F12404054620460AF093FA2846FFF7D4FF2046BDE86C
:2061800038400AF0C3BA00BF10B50446983010F0C5FA204610BD00BFC1600020704700BF12
:2061A000014B1880704700BF5443002010B5044B036000230446C38009F078FD204610BD06
:2061C0005470040010B5064B036000230446C38009F06CFD20461EF0BBFD204610BD00BF4E
:2061E0005470040082B070B50C4684B005464968206802AC03C4039908AC481084E80C00E1
:20620000CB0745BF2A58029B029CD4580AAB2E1893E803008DE8030008AB0CCB3046A047E7
:2062200004B0BDE8704002B0704700BF10B5006A84B0026800230093146AE0210DF10F021C
:20624000A04704B010BD00BF2DE9F843154D05600025044645601F4689469046BDF82060AC
:2062600009F0B4FC10482060C4E90898A7622A4604F12C0001210AF007FAE388256143F471
:2062800080430020002143F004036561A561C4E91001E563A4F84850A680E3802046BDE826
:2062A000F88300BF54700400245C0400C3885B0700D47047FFF7BABF30B5C3885B0783B0EC
:2062C00004460D4601D5FFF7B1FF206A2A6801685388002400940C6A0432E021A04703B046
:2062E00030BD00BF70B50646486AD0F80C33B0F812435B6884B000F543700D469847B0FA50
:2063000080F0C4F300244009A04215D003A801220C2110F057F9EB885B071DD4286A039AE2
:206320000368002100919C6A04320C23E021A04740B103A810F060F9304610F03DF93046D6
:2063400004B070BD03A9304610F04EF903A810F053F9304604B070BD2846FFF767FFDDE717
:2063600070B50C4682B00646684610F025F9E38843F00103E380012501200AF0C3FB2146F1
:2063800001A8FFF7AFFF01A9684610F03DF901A810F032F9009B5A88691CE2B11A79202ADC
:2063A0001DD1E2885B79920601D5392B1FD0312B11D00221684610F0A5F9E38823F00103C2
:2063C000E3806946304610F00FF9684610F014F9304602B070BD132D0CDC0D46CCE7132AB2
:2063E000E7D059790E480AF019FBC11CE2E701210D46C1E70122022101A810F0E3F8019B87
:206400003822202119715A71E38823F00103E38001A9304610F0E8F801A810F0EDF8D4E75E
:20642000D45B0400F0B5164683B00D461F46044610F0C2F8314601A810F0D6F801A9284633
:20644000FFF73AFF00B92FB901A810F0D5F8204603B0F0BD01A810F0CFF8294601A8FFF7B2
:206460007FFF01A9204610F0CFF801A810F0C4F8204603B0F0BD00BF70B582B016460446E0
:2064800001220D466846022110F09CF8204610F093F8009B10225E711A71694601A810F0B1
:2064A000A3F801A92846FFF707FF064601A810F0A3F856B9294601A8FFF752FF01A920461F
:2064C00010F0A2F801A810F097F8684610F094F8204602B070BD00BF30B5CB889B0783B09F
:2064E0000C46054606D5A068A38928602846AB8003B030BD684610F05FF8012201A82146F7
:20650000FFF7BAFF01A9684610F07EF801A810F073F8009BB3F80730A381022201A8214615
:20652000FFF7AAFF01A9684610F06EF801A810F063F8009BB3F807302381022B03D1E3886D
:2065400043F02003E3800322214601A8FFF794FF01A9684610F058F801A810F04DF8009A94
:20656000A189B2F80720E388628149F60412914243F0020016BF23F0040343F0060343F017
:206580000203E080E380684610F036F8ABE700BF70B584B006460C4601A80122042110F01E
:2065A00011F8019A0823012584F001041221D47111715371957101A90DEB030010F014F8F8
:2065C0002B46314602AA03A8FFF72CFF03A810F013F802A810F010F801A810F00DF804B091
:2065E00070BD00BF70B5012184B00546FFF7D0FF0021012009F06EFB01A8012204210FF090
:20660000E1FF019B082201241226072001A91E715871DA719C710DEB02000FF0E5FF2346B0
:2066200002AA294603A8FFF7FDFE03A80FF0E4FF02A80FF0E1FF0A200AF064FA686A032115
:2066400000F5437012F090F94FF0804301A8C3F800450FF0D1FF04B070BD00BFC388DB07C0
:2066600000D5704730B50446406AD0F80C33B0F812535B6883B000F543709847B0FA80F00A
:20668000C5F300254009A84213D068460FF094FF01A82146FFF726FE01A968460FF0B4FF93
:2066A00001A80FF0A9FF009B5A8822B968460FF0A3FF03B030BD1A79112AF7D15A79092AA7
:2066C000F4D19A79012AF1D1DB79032BEED12046FFF788FFEAE700BFC38870B513F00104C9
:2066E00003D0114B00221A6070BD0546406AD0F80C33B0F812635B6800F543709847B0FA95
:2067000080F0C6F300264009B042EAD0064A13681D2B02DC0133136070BD28461460BDE8E9
:206720007040FFF79BBF00BF38390020C38819B923F00103C380704743F00103C3807047AA
:2067400008B509F08BFF003018BF012008BD00BF2DE9184804460CF019F8D4E91023821AF4
:2067600061EB0303002B08BFB2F5FA7F06D3E06B0028CCBF00200120BDE818880020BDE893
:20678000188800BF2DE9F04F8BB0054699469DF8503004930C46019190460CF007F8AB6A6A
:2067A000002B00F0008106460F460BF0FFFF82468B467CB1894508BF8045C0F0F280B8EBBE
:2067C0000A0069EB0B01794A00238B4208BF824280F0E78028460121FFF7DAFE049B002B12
:2067E0000CBF01200220002109F074FA08A80CF0AFF8CDE90201A86A42690368D2F84815A8
:206800000591D2F804130691D2F80413DB69C2F80813C2680792664A934240F0BA80654B0E
:20682000C360DFF8A4A10023AAF80030049B002B00F09C80686A032100F5437012F094F822
:206840005D4B40221A60A86A089A03680221DB6B9847A86A03689B6A9847DDE90223B8F158
:206860000D0049F1FF31921B63EB0703801B61EB070192185B41801A61EB0301089C0026B3
:2068800000278046894628E04F4508BF464529D2B8EB060269EB070348480021994208BFF7
:2068A000904200D20246A86A036802212244DB6B984730BFA86A03689B6C9847041B361901
:2068C000834647F100070BF071FFBAF800309BB200213BB1AAF800105C46019B002BD3D14A
:2068E000364AE0E7686A002100F5437012F03CF80499002933D0A86A03681B6B9847A86AC3
:2069000043690268D3F80413D269C3F8081328498A4241D1079AC260059AC3F84825002273
:206920000023194610460CF023F8AB6A049A5B69002A069AC3F804230CBF03200420002112
:2069400009F0C8F900212846FFF722FE0BF01EFFC5E91001002318460BB0BDE8F08F159BF1
:20696000002BC8D0184611F0FFFFC4E7159B002B3FF460AF1B6815985B689847159B159800
:20698000DB8813F4807F0CBF0321022111F0ECFF50E70849984744E707999047AB6A5B69AE
:2069A000BAE7074BD7E7074BD5E700BF9F86010099610200A161020000E100E0BFBDF0FF07
:2069C00009FCFFFF16FCFFFF5443002070B584B004AB0024002563E90245064618460BF064
:2069E000DFFF002501240146DDE902233046CDE90045FFF7C7FE04B070BD00BF2DE9F0412A
:206A0000044682B00E46154610309846BDF828700FF0C4FA2680658018201EF0A0F908AB06
:206A2000054693E803006A4682E803002E4603CA46F80C8B0023084AEB6047F00207736087
:206A400068602046A780A560E360C4E90833A9606A6102B0BDE8F081E561020010B5104BAD
:206A60001C6890B0CCB10F4A04920022059204AA034692E8030010228DE80300029240F249
:206A8000FF31052206A8FFF7B9FF236806A99B682046984706A809F06BFF10B010BD00BF64
:206AA000543B0020E96A020038B50446002009F0DDFD2046FFF7D2FF2046FFF787FF05464E
:206AC00004F12C0009F036FE284638BD10B504462C3009F02FFE002009F0C8FD2046BDE88B
:206AE0001040FFF7BBBF00BF82B08DE80C00BDF8002040F2FF339A4201D002B07047BDF860
:206B00000230052BF9D102B0FFF7E0BF4CDF704710B5044B036000230446C38009F0C6F842
:206B2000204610BD5470040010B5064B036000230446C38009F0BAF820461EF009F92046AA
:206B400010BD00BF5470040070B5094B03600025044645600E4609F039F84FF47A73054AF4
:206B60002561E360A680A5602260204670BD00BF54700400485C040010B5C38843F48043D3
:206B8000C38086B004460BF001FEA2680023994208BF904202D2002006B010BD0023019369
:206BA000FFF78AF808BB134B01221A60D3F80021002AFBD00022C3F80021D3F80825019235
:206BC00001215960002AB8BF0332921022820BF0DDFDE368A18818440123A0601A4602A8EB
:206BE0000FF0BCF9002006B010BD01A8FFF78EFF019AE7E700C0004010B50446FFF7BCFFE9
:206C0000B4F91000B4F91230C01A10BDFFF7B4BF38B504460D46FFF7AFFFE56038BD00BF91
:206C2000C0687047002070470368DB6A184700BFA0F10800FFF7F8BF094B10B503F1080273
:206C4000483304460260836018300FF067FD054B236000232046E38009F028F8204610BD74
:206C6000AC5C0400547004000B4B03F10802483310B504460260836018300FF04FFD074B38
:206C800023600023E380204609F010F820461EF05FF8204610BD00BFAC5C040054700400F3
:206CA000002070472DE9F041104D056000254560044617461E468846BDF8185008F086FFB7
:206CC0000B48C4F80C8000F108014830A060C4E90476216004F118000FF0BAFD402218239F
:206CE000A580A262E3802046BDE8F08154700400AC5C04002DE9F04F032B85B082460D46E5
:206D00001746194603A8B8BF032101229B460FF059FC4FF014094FF0000801216869FFF78D
:206D200005FDE8683A6801685388CDF800800C6A0432E421A047064600285ED13B681B7964
:206D40000C2B38D1EB8813F0400F14BF6420142009F05AFB2869D0F80C33B0F812435B68FD
:206D600000F543709847B0FA80F0C4F300244009A04224D0002211464FF0FF3303A80FF0E4
:206D800069FCE868039A01685388CDF800808C6A0432E421A0470646B8B9039A3968137979
:206DA00009798B4230D0E888800619D5202B0CD15379392B09D1012009F026FBCAE701364B
:206DC000012009F021FB142EC4D1B9F10109A4D168694946FFF7AAFC50460FF0EDFB1FE005
:206DE000002BE8D0202BF0D153799942E3D0002BE1D0B9F1010990D1EAE7012009F004FB6F
:206E0000B9F1010989D1E3E701466869FFF78EFC594603A80FF076FC03A950460FF0E4FB27
:206E200003A80FF0E9FB504605B0BDE8F08F00BF2DE9F0410D4684B0064648699846174690
:206E4000FFF734FAEB88DB0611D403AC394620460FF0CAFB4346224629463046FFF74AFF68
:206E600020460FF0C9FB304604B0BDE8F0810122114601A80FF0A6FB3A68019B1279032AF0
:206E80000CBF062203221A7101A902A80FF0ACFB03210A4809F0C2FD03AC034602AA294614
:206EA0002046FFF727FF20460FF0A6FB02A80FF0A3FB01A80FF0A0FBC8E700BF645C04008E
:206EC000F0B585B0044616460F460122082101A81D460FF077FB20460FF06EFB46F0206090
:206EE000019E08F0F9F8AD007060284608F0F4F801A9B06002A80FF077FB05F1080302AAB9
:206F0000394603A8FFF794FF03A920460FF07CFB03A80FF071FB02A80FF06EFB23685B88A0
:206F2000082B0FD803A80FF047FB03A920460FF06BFB03A80FF060FB01A80FF05DFB204669
:206F400005B0F0BD002220464FF0FF3308210FF09BFB23685988204608390FF0D3FB01A88F
:206F60000FF04AFB204605B0F0BD00BF30B583B00C46014601A81D46FFF7A2FF01994B8885
:206F80005BB12046AA0004311DF020FF002401A80FF032FB204603B030BD014CF7E700BF8B
:206FA0000CFCFFFFA0F10800FFF7E0BF2DE9F04F804685B068464FEA83090D4693460FF0AF
:206FC000FBFAD8F828104945A8BF49460831012201A80FF0F7FA09EB050A01A84FF0FF331E
:206FE0000022FF210FF036FB55453DD2002601E0AA4539D9D8F82830019FA9EB06049C422A
:2070000045F03060A8BF1C4608F066F87860204608F062F826F003012246B860594407F1CD
:207020000C001DF0D3FE04F1080101A80FF06AFB01A902A80FF0D8FA092302AA414603A82C
:20704000FFF7F6FE03A968460FF0DEFA03A80FF0D3FA02A80FF0D0FA009B5B8825442644DA
:20706000002BC5D1064C00E0002401A80FF0C4FA68460FF0C1FA204605B0BDE8F08F00BF2D
:207080000EFCFFFFA0F10800FFF790BF70B5154682B0012204460E46684611460FF092FA07
:2070A000009B69461D7101A80FF09EFA2946094809F0B4FC01AA034631462046FFF7B8FED2
:2070C00001A80FF099FA68460FF096FA204602B070BD00BF645C040010B5C3889B0784B08A
:2070E000044609D5636A00209AB262F30F001B0C63F31F4004B010BD01A80FF05DFA072246
:2071000002A82146FFF7C2FF02A901A80FF07CFA02A80FF071FA019B5A88B2B90622214652
:2071200002A8FFF7B3FF02A901A80FF06DFA02A80FF062FA019B5A881AB901A80FF05CFAEF
:20714000D0E75B7984F82630F7E7B3F8050007F0D5FF0622A084214602A8FFF797FF02A9E5
:2071600001A80FF051FA02A80FF046FA019B5A88002AE2D05B79A28C84F8263002FB03F312
:20718000B3F5F83F05DD4FF4F83393FBF2F284F8262002A86169FFF79FF9BDF80830012B71
:2071A000E38814D023F0100343F028034022E380A262BDF80C2002F5CD427B3292B2012A30
:2071C00098BF43F0400343F00203E380B5E7402243F01803E380A262EBE700BF2DE9F047B6
:2071E00088B006460D4617460821012201A80FF0E9F902A80FF0E0F903A80FF0DDF904A8D7
:207200000FF0DAF93046FFF767FFB48C96F826300590B90001EB050904FB03F3994500F299
:20722000D680B9FBF4F7B5FBF4F304FB07F7B9EB070204FB03FA08BF3F1B554500F0C18030
:20724000A21A04FB1353B2FBF4F104FB1124002B40F08F80002C7DD1F3881B073ED5BA45B4
:207260005ED8544607AD03E0B38C1C44BC4257D844F04060DDF8048007F02EFFC8F80400C6
:20728000204607F029FF01A9C8F8080006A80FF0ABF9012306AA31462846FFF7C9FD2946C2
:2072A00002A80FF0B1F928460FF0A6F906A80FF0A3F9029B5B88002BD6D1464C04A80FF097
:2072C0009BF903A80FF098F902A80FF095F901A80FF092F9204608B0BDE8F0874AF0406061
:2072E000019C07F0F9FE6060384607F0F5FE01A9A06006A80FF078F9012306AA07A8314619
:20730000FFF796FD07A902A80FF07EF907A80FF073F906A80FF070F9029B5B88002BCCD09D
:20732000039B5B88002B36D1049B5C88002CC5D004A907A80FF058F9079A316853880C6A1F
:207340009B08494604323046A04707A80FF054F90024B3E707ADA30828464A463146FFF7E5
:20736000AFFD294604A80FF04FF928460FF044F972E707AD9B08284652463146FFF7A0FD95
:20738000294603A80FF040F928460FF035F9002C3FF462AFDEE703A907A80FF025F9079AB2
:2073A000316853880C6A9B08514604323046A04707A80FF021F9049B5C88002C3FF47EAF3F
:2073C000B6E7601B384488427FF43AAF44E76FF47A7473E70EFCFFFF30B5044683B00D4660
:2073E000FFF77AFEA28C29469208204603B0BDE83040FFF7F3BE00BFA0F10800FFF7ECBF1A
:2074000010B5044682B0FFF767FEA38C94F8260000FB03F002B010BDA0F10800FFF7F0BF44
:2074200010B5044682B0FFF757FEA08C02B010BDA0F10800FFF7F4BF02460020D3680133FC
:20744000D36070470B68C1601B680846184700BFC068003018BF0120704700BFD0F8180811
:20746000704700BFCB1E012B05D94B1E012B02D96FF47A7070474B1C03EBD3735B10C0F871
:207480001818C0F81C380020704700BF00F614000068704710B5044B044640F8083B0FF019
:2074A000ABF8204610BD00BF185D040010B5054B044640F8083B0FF09FF820461DF048FC97
:2074C000204610BD185D0400F0B4214C04600226032400F50265C0F81848C0F81C68002468
:2074E0004FF07E56C0E902442E6000F628054FF0000CC0F824480127C5F800C000F5036667
:207500000024002580F82C78C6E90045DE1E00F63807012EC7E9004510D95C1E012C0DD947
:2075200092B207EE902A00F61402F8EE677A00F501631160F0BCC3ED007A70475C1C04EBC7
:20754000D4746410C0F81838C0F81C48E8E700BF2C5D0400F8B5104B104E114F03600546BC
:20756000AC68A4B16068E26B0368AA60DB68984723689B68B34220460BD140F8087B0FF077
:207580003BF820461DF0E4FBAC68002CEAD12846F8BD9847E4E700BF2C5D0400AD7402002F
:2075A000185D040038B54B684FF07E520A631A6805460C461846126905F61405904795EDD1
:2075C000006A9FED117AD4ED067AD4ED075A6063C7EE276A431C03EBD37320F002005B10AE
:2075E0000128A36385EE867AC4ED096A84ED0A7A02D00023236238BDBEEE007A67EE877AE5
:20760000C4ED087A38BD00BF00C07F442DE9F04F2DED048B8DB00C46029105900BF0C6F892
:20762000A468CDE90601002C00F09781029B4FF40072D3F81C3892FBF3F2029B002A03F1AF
:207640001003049306DD002103EB820243F8041B9A42FBD1CC4EDFEDCD8A0125A346DBF8E9
:207660003470DBF83C30039347B959460298FFF799FFDBF83470002F00F0A180029BDBEDAE
:207680000A7AD3F81C284FF4007AF5EE407A9AFBF2FA0AF1040A03EB8A02F1EE10FA01927D
:2076A00009D103F6140292ED007ADBED076AC6EE877ACBED0A7A019B1946049B99427ED9F2
:2076C0009946DBF80820DBF83830528892FBF3F207EE102ADBED0B7ADBED0A6A019AB8EE50
:2076E000C77AA2EB090437EE677AA41087EE268ABDEEC88A18EE108AA045A8BFA046B8F158
:20770000000F34D04546CA4607EE103A01E09BED0E7ADBF8102056F82730B8EEC77A67EEA7
:20772000277AFDEEE77A17EE900A1044984706EE900ADBED087A9BED097A9AED006ADBEDEE
:207740000C5AF8EEE66A013D76EEA77A67EE877AA5EEA76AAAEC016A9BED0B7ADBED0A7A76
:2077600077EE277ACBED0B7AD1D109EB880918EE103A9C4220DDDBF80C3003B3DBF80410C8
:207780000A68013BCBF80C3008A81368984708A90BF108000EF038FF08A80EF02DFFDBF89B
:2077A0000820CBED0B8A131DCBF8103051880B44CBF81430538813B1019B994581D3DDF8B0
:2077C0000CB0BBF1000F7FF44AAF029B2C46184693F82C18002D40F0848079B1029BDDE99C
:2077E000060103F6380283F82C48C2E900010123022240F6D63108A80EF0B0FB01224FF470
:20780000007108A80EF0DEFE0299089C9FED607A01F5016201F5026392ED008AD3ED007AD1
:20782000D1F818386288D1F81C1892FBF1F268EE277A032B04F10404C7EE879A00F08480EC
:20784000012BF6EE008A28EE289A00F0978068EE688AB0EE498A9FED4F9A551E7AB3B8EE3B
:20786000C99A4D4E049FDDF8088001E0D8F81838F7EC017AD8F8242856F82330B0EE497A8D
:20788000A7EEA97A2046013DB4EE687AF1EE10FAF0EE477A48BFF0EE687AF4EE487AF1EE36
:2078A00010FAC8BFF0EE487AFDEEE77A17EE901A11439847D8F81C381C446B1CD6D1029B1A
:2078C000D86803681B68984708A905980EF08CFE08A80EF091FE05980DB0BDEC048BBDE851
:2078E000F08F03F62803D3ED007AF5EE407AF1EE10FA0ED04FF40072D0F81C3892FBF3F204
:20790000002A06DD049B03EB8202E3EC017A9A42FBD100297FF472AF0299DDE906450846A0
:20792000012301F5036280F82C3801F63801C2E9004500240025C1E900451A4640F6D631F7
:2079400008A80EF00BFB59E7B6EE009A28EE099ADFED0E8ABDEEC99A7FE7029BD86803681C
:207960001B68984701224FF4007105980EF02AFE05980DB0BDEC048BBDE8F08FBDEEC99A47
:20798000DFED028A69E700BFC82000200000000000C07F4400000000EC20002070B5064658
:2079A0002DED028B402008EE103A0D4608EE902A1DF0D5F94022044600211DF02BFA20463D
:2079C000164B40F8083B0EF0F7FDB8EEC88AF5EE408AF1EE10FA656084ED068A05D12B681C
:2079E00028469B69984708EE900A0023002221463046C4ED078AE262C4E903336361FFF761
:207A0000D1FD2B68B2685B68E2632846B46021469847BDEC028B204670BD00BF185D04001A
:207A2000B1F5806F0DD207EE901ADFED076AF8EEE77A00F5026387EEA67A002083ED007AB6
:207A400070476FF47A70704700C07F4400F50260D0ED007A9FED047A67EE877AFDEEE77AAE
:207A600017EE900A704700BF00C07F4407EE901AF8EE677A00F50160C0ED007A00207047B4
:207A8000C0F824180020704707EE901AF5EEC07AF1EE10FA10D49FED0A7AF4EEC77AF1EE80
:207AA00010FA09DC9FED077A77EEC77A00F62800C0ED007A002070476FF47A70704700BF45
:207AC000000080440000004400F50360D0E90001704700BF00F63800D0E90001704700BFB8
:207AE00029DF704728DF704712DF7047022802D1014B01221A707047674300200020704713
:207B0000C0687047D0E9023000FB03F0704700BF10B54468084611199A001DF057F9002037
:207B200010BD00BF2DE9F04182B002AD4FF0000805F8018D446828461E460C441546FFF7A0
:207B4000D3FF9DF80730A3B11C4F87F8008002E00A200AF0F7FE324629462046FFF7C0FFCC
:207B60000028F5D13B78002BFCD0002002B0BDE8F081134A0123C2F80435D2F80034002BE8
:207B8000FBD076B129460E4A05EB8605641A631851F8040B1860D2F80034002BFBD0A94209
:207BA000F5D1074A0023C2F80435D2F80034002BFBD0002002B0BDE8F08100BF6743002033
:207BC00000E0014002680549D2688A4204D1D0E9022000FB02F07047104700BF057B0200DA
:207BE00070B582B002AB002203F8012D4468054618460C44FFF778FF9DF8073093B1164EB0
:207C0000327002E00A200AF09DFEE868B4FBF0F0FFF768FF0028F5D13378002BFCD0002035
:207C200002B070BD0D4A0223C2F80435D2F80034002BFBD00949C2F80845D1F80034002B81
:207C4000FBD00023054AC1F80435D2F80034002BFBD0002002B070BD6743002000E0014017
:207C600030B4034D0560C0E90112C36030BC7047585D0400704700BF10B5C388044A0260FA
:207C800023F400530446C38009F0C0FB204610BD7C5D040010B5C388064A026023F40053FD
:207CA0000446C38009F0B2FB20461DF051F8204610BD00BF7C5D0400F8B5C37D03B9F8BDA8
:207CC0000446006A0368DB6A9847206A03681B6B9847E369DA68002A1FDD6FF02F051A4F57
:207CE0002D1B04F13002002612F9013B03F5A273A81847F82360E369D9688142F4DC0029D0
:207D00000BDD00255B6953F8250003685B689847E369DA680135AA42F4DC9A68002A0BDD81
:207D200000251B6953F8250003685B689847E3699A680135AA42F4DCE388002223F0020338
:207D4000E380E275F8BD00BF0060004008B5034649B9094A12780AB9002008BD1B68DB6A00
:207D60009847002008BD02680349C37D0B70136B9847002008BD00BF684300202DE9F84FA5
:207D8000C37DD0F81CB004460F4613B1C388DB0748D5DBF80C30002B40DD0123DFF8D890A8
:207DA000DFF8D880314EDFF8D8E09C4604F1300504F1350100209A1C2B700A70DBF814205D
:207DC0001258127D03F5A27A49EA022248F82A20226A11F901AB526900F5A27B0AF1A20AFF
:207DE0005A4446F83A2011F9012C15F901ABA23206EBC2020EEB8A0AC2F804A011F9012CB1
:207E00000CFA02F2C6F80425D4F81CB0DBF80C209A4200F1040003F10103CCDCE38823F0FB
:207E20000103E3809BF80830217B114D206ABA1E012A9CBF0133DBB26375C3EB03139B0036
:207E40000C4A92FBF3F202FB01F1A5FB0131C90BC4E9092103680021DB6B9847236A5B69EC
:207E60000122DA60A775BDE8F88F00BF00F00140818080800024F4000300010000600040B0
:207E80003060004038B50546817DFFF777FFEB699A68002A0CDD00241B6953F82400036885
:207EA00000219B689847EB699A680134A242F3DCDA68002A0CDD00245B6953F8240003686A
:207EC00000219B689847EB69DA680134A242F3DC286A03685B6A9847286A03689B6A98479F
:207EE0000123EB7538BD00BFC37D03B17047FFF7C9BF00BFF8B5154604460E465268296871
:207F00009DF8187009F0AEFA0021124BE5612662A77523602176E1752175E162EB680E4A47
:207F2000052B146001DD2046F8BD336830469B6B9847206A03684FF47A51DB6C9847236AF8
:207F4000064ADA60E37D002BEDD12046FFF79AFF2046F8BD7C5D04003C39002085810200C4
:207F6000807D70472DE9F047C269037D916805698B42044680F28F80126952F82300036803
:207F800000211B689847236A5B6901225A60237D607DE169134493FBF0F200FB1233D8B2D8
:207FA00020758A68934280F28B80CE688A69002E02EB430238DD06350023267E1078218916
:207FC0005778032E03D8DFE806F002463F4C07FB0151085CA17D266A11F0FD0F776903F1EF
:207FE000010302D1002843D0FF20A16A03F5A87601FB00F147F8261000293DD0E11891F914
:208000002F10890001F1804101F5C041D1F8100520F48010C1F81005E169D1E9026098425E
:2080200002EB4602C9DC207D0B6953F82000036801211B689847236A5A690123D360226AC8
:2080400052691360BDE8F0876689F71BC04301FB0751085CBEE700FB01116818F943405C10
:20806000B8E76689013E301A01FB0051C85DB1E703F5A87147F82100E11891F92F10890023
:2080800001F1804101F5C041D1F8100540F48010C1F81005C0E7D0E908315B69C288D3F854
:2080A0004435890042F00302C3EB0323B3FBF1F3C3F1FF03C362C280817DFFF75FFE62E76A
:2080C000D4E9080203689200DB6B00219847E369DA68002A26DD4FF000086FF02F05274F8B
:2080E00046462D1B04F1300919F9013B03F5A27305EB090A47F82360D4E908230AF5A8715E
:2081000052699B0042F82130E3695B6953F80800036801211B689847E369DA68524508F10E
:208120000408E1DC1B691868036800211B689847E36994F930101B6910481B68104A1B7D1A
:2081400001F5A2711B0243F0011340F8213094F9303094F935109B00A23103F1804303F54D
:20816000C24342F8313094F93510236AA2315B6902EBC102443353605DE700BF00600040EC
:2081800000F00140024B186808B1FFF7EBBE70473C39002010300DF079BF00BF10B5837D44
:2081A00004469BB1012B04D0E3889B0709D5E06A10BD03212046FFF7E1FDE38823F0020346
:2081C000E380192008F020F9E06A10BD0221FFF7D5FDE288A37D22F00202E280E2E700BF66
:2081E00010B5044609F0F6F840B9217B636A044A03FB01F3A2FB0323DB0BA36210BD00BFAD
:208200008180808070B52DED028B08EE103A04460D4616460DF0DCF9FDEEC87A0A4B84ED93
:20822000138A32462360214617EE903A6564A6642846FFF7B3FB0146206520460DF066F9FD
:20824000BDEC028B204670BDBC5D0400016170470069003018BF0120704700BF032070473E
:20826000C06B07EE900AF8EEE77A17EE900A7047104B03F108023C3310B50446026083608B
:2082800030300EF0B9F904F12C000EF0B5F904F128000EF0B1F904F124000EF0ADF9064B2E
:2082A000A360002304F10800E38107F0FFFC204610BD00BFE05D040054700400A0F10800B1
:2082C000FFF7D6BF10B50446FFF7D2FF20461CF03FFD204610BD00BFA0F10800FFF7F2BF5D
:2082E000F0B504460025274B2748A18183B02060A36004F10800E581174607F067FC234B29
:2083000023603433A3602A4604F11400012108F0BBF904F1280601224FF4007104F1240016
:208320000EF050F930460EF047F904F12C000EF043F9294604F1300001220EF043F90023D3
:208340004FF4007123660122A1642561C4E90D55E56401A80EF036F901A930460EF054F999
:2083600001A80EF049F90A4A2264AF424FF000032046C4E91655C8BFE763A4F8443003B0F5
:20838000F0BD00BF5470040074740400E85D040000C07F44436B1BB1C38943F00403C381AD
:2083A000704700BFC3895B0770B50446456B5FD4E16A2B46081D002B66D0503363634A88EA
:2083C000024493421DD3D1ED037A6063F5EEC07AF1EE10FA0EDB0026AD1B18BF01256663F1
:2083E00004F1300104F12C000EF00EF9C4E91666284670BD04F1140008F0ACF90028EADCD9
:20840000636B93ED027ADFED227A19685A686265B5EEC07AF1EE10FA48BFB1EE477AC7EE3E
:20842000276A00202165E06503F13C0504F16401D4ED0F7AF8EEE77A67EEA67AFDEEE77ADF
:20844000F8EEE76AC4ED167ADA699861012AB8BF012207EE902AB8EEE77ADA61C6EE877AFD
:2084600014339D42E1EC017AEED10025284670BD0023436300F130012C300EF0C5F8E16AC2
:20848000636B081D002B98D16063034697E700BF00007A4438B50D460446FDF79FF92B68A5
:2084A0005A884F2A25D9D3ED017AF5EEC07AF1EE10FA1ED404F1140008F0F0F811F0CEFB7D
:2084C000294604F12C000EF09FF82046FFF76AFF11F0B6FBE38913F0010501D0002038BDA5
:2084E0002069026843F00103E38113689847284638BD6FF47A7038BD2DE9F04F2DED068BEF
:208500008846D1E9161C8DB008F124039FEDB78ADFEDB7AA9FEDB7AA029004930027624665
:208520008A4231D0B8F80E3013F004032CD107938A423FDBB8F80E309B0740F11D81079BF8
:20854000002BEDD0002F00F04581D8ED107AB8F84420B6EE007A67EE877A4F45FCEEE77A98
:2085600017EE903A43EA02039BB203D227F8023B4F45FBD3049902980EF036F802980DB060
:20858000BDEC068BBDE8F08F4046FFF70BFFD8F85810B8F80E30002940F08C80002840F014
:2085A0008D805A0700F18C80D8F85C2001238A420793BFDA002F00F0E28008AB019308F120
:2085C0006403039308F1700BD8ED146A98ED0F7AD8ED108AD8ED157AD8F83430039C019DB5
:2085E00066EE886AB8EEC77A68EEA78A86EE879A68EEAA8AF0EE4A9AE8EECA9A9E69D86964
:20860000F4EC017A07EE106AB8EEC77A013867EE277A8642FDEEE77A03F11403E5EC017A0F
:2086200008BF45F8041CA345E8D1DDE908540A9BAC42A8BF2C469C42A8BF1C4613469C4209
:2086400055DD4F4596D0D8ED187AD8F83430FDEEE77AD3E9032017EE901A904707EE900A23
:20866000B8EE677AF0EE696AE8EE876AD8F85C20B8F84410D8ED187ABCEEE67A79EE277A42
:2086800017EE100AF4EEC87A531C0843F1EE10FA27F8020B1A46C8ED187AC8F85C30CEDD2A
:2086A00077EEC87AF4EEC87AF1EE10FAF8DCC8ED187AC4E713F0040271D008B1C8F83870D5
:2086C00023F00402A8F80E2001230522B8F80C10C8F84C2008A81A460DF040FC08F114001A
:2086E00008F014F801230793D8E9161220E7AB424FF00004BA46CDF8149008D0651C032DA6
:208700002C4630D0019951F82550AB42F6D14FEA840909EB0406D8F83470B10007EB010EF1
:20872000DEE906C6651C0691B44505EB850107EB81014046E3DADEF81460002E48D0B047E1
:20874000D8F83470069BD8F85C203B441E461346D6F818C04C4407EB84070CF10101032D9A
:20876000B9612C46CED1D8F85810DDF81490994257463FF729AFE2E6002F7FF4E0AED8F8CF
:20878000387087B1D8F824300024181DC8F838405B888A4200EB0309FFF60FAFCFE607929D
:2087A000D8F85C20C4E608AC0122D8F8481020460DF008FF214604980DF026FF20460DF0D2
:2087C0001BFFD8F824301F1DD8E916123846DFE7651CBFE708A80DF0EFFE08A904980DF0E7
:2087E00013FF08A80DF008FFC4E600BF000080440000803A00000044F0B50C4601F1280671
:2088000085B0314607460DF0EFFEA36B6D4633B128462146FFF770FE28460DF0EDFE00231E
:20882000A36304F1240130460DF0EEFE21462846FFF762FE28460DF0DFFE206903681B68CF
:208840009847E36C002B02DD013BE36413B1384605B0F0BDA1892846012302220DF07EFB63
:20886000384605B0F0BD00BFC38919B923F00203C381704743F00203C381704701607047DD
:20888000704700BF002928DD0378303B092B26D870B40446642600204FF47A754A1E032A3D
:2088A00005D8DFE802F01315100205FB03000129114606D014F8013F303B092BEED94FF09D
:2088C000FF3070BC704706FB0300F0E71844EEE703EB830300EB4300E9E7002070474FF0F2
:2088E000FF3070470068FFF755BD00BF38B5041E0CDB00290ADB480001300D4607F098F80C
:20890000641B20440028B8BF404238BD4FF0FF3038BD00BF2DE9F04F87B00C4608460121EE
:208920000592FFF7AFFF04210390601CFFF7AAFF04210746601DFFF7A5FF0421064604F13A
:208940000900FFF79FFF0221824604F10D00FFF799FF0421029004F11200FFF793FF042194
:20896000814604F11A00FFF78DFF0421804604F11E00FFF787FF0221049004F12200FFF761
:2089800081FF0421019004F12400FFF77BFF0421834604F12800FFF775FF0421054604F13E
:2089A0002C00FFF76FFF01463046FFF79FFF0421064604F13000FFF765FF01464846FFF71B
:2089C00095FF0421814604F13400FFF75BFF01463846FFF78BFF0421074604F13800FFF7C4
:2089E00051FF01464046FFF781FF0421804604F13C00FFF747FF01465046FFF777FF04211E
:208A0000824604F14000FFF73DFF01465846FFF76DFF0421834604F14400FFF733FF01464A
:208A20002846FFF763FF711C18D0B9F1FF3F15D07A1C13D0B8F1FF3F10D0BAF1FF3F0DD028
:208A4000BBF1FF3F0AD0431C08D0039B059A042B0AD8DFE803F07A7774710700002007B05F
:208A6000BDE8F08F6E4BD36007EE906A07EE10AA049BD361F8EEE77AF8EEC76A029BC2EDCB
:208A8000007AC2ED026A122B13D8DFE803F07A7D0A12128F8612776A776A776A776A776AAE
:208AA000610007EE909AF8EEE77A5E4BC2ED087A536140F2FF339F42A8BF1F469845A8BF0C
:208AC000984627EAE77728EAE87807EE907A07EE108AF8EEE77A9FED546ADFED544A544BAF
:208AE0009362B8EEC77A87EE865A24231363019B022BC7EE065A86EEA47A07EE900AF8EEA3
:208B0000E77A82ED015AC2ED0D5A67EE277A78D0032B03D0012B66D00120A0E707EE10BA0C
:208B2000FDEEE77AB8EEC77A424BC2ED117A82ED127AD363012092E73F4BD36094E73F4BAE
:208B4000D36091E73E4BD3608EE73E4BD3608BE707EE909AF8EEE77A3B4BC2ED087A53613A
:208B6000A7E73A4B5361029B083B092BA1D8DFE803F0363632322E2E2A2A2626344B5361E8
:208B8000F1E7344B536194E707EE909AF8EEE77A314BC2ED087A53618BE707EE909AF8EE11
:208BA000E77A2E4BC2ED087A536182E707EE909AF8EEE77A2A4BC2ED087A536179E7294BF9
:208BC0001B68136275E7284B1B68136271E7274B1B6813626DE7264B1B68136269E7254B97
:208BE0001B68136265E707EE10BAFDEEE77AB8EEC77A214BC2ED117A019882ED127AD363CF
:208C00002DE707EE10BAFDEEE77AB8EEC77A1B4BC2ED117A82ED127AD36301201FE700BF97
:208C2000D15D0300ED96020000C07F4400401C46E998020039970200ED5D0300A15D0300B6
:208C4000CD5D0300B55D03008596020041980200E59702005596020059960200A99702003C
:208C60006D9702006420002060200020542000205C20002058200020A1980200C598020048
:208C800038B50C460546364920460DF0F7FD002837D1344920460DF0F1FD60BB324920467A
:208CA0000DF0ECFD98BB314920460DF0E7FDA0BB2F4920460DF0E2FDA0BB2E4920460DF070
:208CC000DDFDA0BB2C4920460DF0D8FDA0BB2B4920460DF0D3FDA0BB294920460DF0CEFDB5
:208CE000A0BB284920460DF0C9FDA0BB214628460DF0A6FD03E0244928460DF0A1FD2846E8
:208D000038BD224928460DF09BFD284638BD204928460DF095FD284638BD1E4928460DF0F2
:208D20008FFDECE71C4928460DF08AFDE7E71B4928460DF085FDE2E7194928460DF080FD4B
:208D4000DDE7184928460DF07BFDD8E7164928460DF076FDD3E7154928460DF071FDCEE769
:208D60006C390020603900206439002044390020583900206839002078390020703900200F
:208D80007C3900205C39002084390020403900208839002054390020743900208C39002093
:208DA0004C3900204839002050390020803900202DE9F04182B0064668460C460DF040FDEC
:208DC000694601A8FFF75CFF01A920460DF046FD01A80DF0A3FC68460DF0A0FC2568274B0F
:208DE000B5F90220541CA3FB0413E41A03EB5404A40904EBC40304EBC303013B9A4202D038
:208E000002B0BDE8F08104EB84073F013946012268460DF0D7FB009B0433F4B12C1D1F448E
:208E2000C4F1490801E049342B461A462146304603F15005FFF76EFD08EB040338B1BD4294
:208E40000BD0002BEFDD94F848302C2BEBD068460DF0D2FB02B0BDE8F0813468694601A8F6
:208E60000DF0C2FB01A92046FFF714FB01A80DF0C3FB68460DF0C0FBC2E700BF3970E0C0A8
:208E800030B5036883B004460D469889114607F02FF9294601A80DF0D3FC01A92046FFF731
:208EA00087FF01A80DF03AFC07F0A4FA03B030BDF8B5664F664D674C674E684938460DF072
:208EC00061FC2A46214638461BF044FF644F654930460DF057FC2A46214630461BF03AFFDA
:208EE000614E624938460DF04DFC2A46214638461BF030FF5E4F5F4930460DF043FC2A464E
:208F0000214630461BF026FF5B4E5C4938460DF039FC2A46214638461BF01CFF584F594982
:208F200030460DF02FFC2A46214630461BF012FF554E564938460DF025FC2A4621463846F7
:208F40001BF008FF524F534930460DF01BFC2A46214630461BF0FEFE4F4E504938460DF033
:208F600011FC2A46214638461BF0F4FE4C4F4D4930460DF007FC2A46214630461BF0EAFEAB
:208F8000494E4A4938460DF0FDFB2A46214638461BF0E0FE464F474930460DF0F3FB2A4600
:208FA000214630461BF0D6FE434E444938460DF0E9FB2A46214638461BF0CCFE404F414935
:208FC00030460DF0DFFB2A46214630461BF0C2FE3D4E3E4938460DF0D5FB2A46214638467A
:208FE0001BF0B8FE3A4F3B4930460DF0CBFB2A46214630461BF0AEFE374E384938460DF0E5
:20900000C1FB2A46214638461BF0A4FE344F354930460DF0B7FB2A46214630461BF09AFE7C
:20902000314E324938460DF0ADFB2A46214638461BF090FE30462E490DF0A4FB2A462146C5
:209040003046BDE8F8401BF085BE00BF6C390020402000201D67030040390020385E0400B1
:2090600060390020405E040084390020B05F040064390020B85F04008839002094600400F4
:20908000443900209C600400543900207861040058390020846104007439002018620400C4
:2090A000683900201C6204008C390020B062040078390020B86204004C3900204C6304002B
:2090C000703900205463040048390020E86304007C390020F063040050390020846404005B
:2090E0005C3900208C64040080390020D8640400E06404006FF47D70704700BF6FF47D7050
:20910000704700BF10B5036804465B6C9847236820465B68BDE81040184700BF6FF47D70A2
:20912000704700BF6FF47D70704700BF6FF47D70704700BFC08800F00500003018BF0120C8
:20914000704700BFC08800F00A00003018BF0120704700BFC08810F0030018BF01207047BF
:20916000C08800F00C00003018BF0120704700BFC088C0F3802070476FF47D70704700BFF5
:209180006FF47D70704700BF03684FF47A729B6B02FB01F1184700BF6FF47D70704700BF96
:2091A0006FF47D70704700BF08B50368DB6B9847024BA3FB0030800908BD00BFD34D6210E2
:2091C0006FF47D70704700BF6FF47D70704700BF01610020704700BF6FF47D70704700BF45
:2091E0006FF47D70704700BF38B503689B6904460D46984778B1236820465B689847B5FA66
:2092000085F35B09984206D1236829461B6820469847002038BD014838BD00BF12FCFFFFE1
:209220000A717047704700BF704700BF806B704703684FF47A729B6B02FB01F1184700BFC1
:20924000406B704701207047C06A003018BF0120704700BFA0F12000FFF7F6BF10B50446A1
:209260001BF076FD204610BD2DE91848C38B426D9907044607D56AB1BDE8188823F002038C
:209280009BB2E383626D002AC4BF43F00203E383BDE8188809F07AFA636CB0EB030B61F185
:2092A000000CBCF1000F08BFBBF1650FE38BE5D29A07E1D4E6E700BFA0F11800FFF7D4BFC6
:2092C0000B4B10B503F1080103F18C02B033044601608261036230300DF08EF9054BA361E6
:2092E000002304F11800E38306F0E0FC204610BDC46604005470040038B50C4B03F108019C
:2093000003F18C02B033044640F8181C0260836018300DF071F9064B236000232046E3807E
:20932000A4F1180506F0C2FC284638BDC46604005470040002680849D26B8A4208B505D117
:20934000406B064BA3FB0030800908BD9047034BA3FB0030800908BD41920200D34D62104D
:209360000120704738B50E4B03F1080103F18C02B033044640F8181C0260836018300DF02D
:209380003BF9084B23600023E380A4F11805204606F08CFC28461BF0DBFC284638BD00BF35
:2093A000C4660400547004000D4B03F1080103F18C02B03310B504460160826103623030E5
:2093C0000DF01AF9074BA3610023E38304F1180006F06CFC20461BF0BBFC204610BD00BF19
:2093E000C46604005470040070B504461A4D02811A4B2560022200254FF48070E0802271C5
:20940000A36104F118002575C4E90355E5610E4606F0DCFB124BA66203F1080103F18C0251
:20942000B0332160A261236204F1300001224FF400710DF0C7F8E38B226B6563002104326E
:2094400043F480438020A063E56265646565E2642165E383204670BD586604005470040046
:20946000C466040038B504460D4610F0F7FB226B131D5088002D3BD019182748E26BE36C39
:20948000A0FB020299424FEA121029D9520907EE902AB8EEE77A07EE900ADFED205AF8EE29
:2094A000E76AB7EE006AD4ED147AF4EEC77AF1EE10FA4CBF94F8542000221A70D4ED147AEB
:2094C000E36C77EE867A0133F4EEE67AF1EE10FAC8BFF0EE657A8B42C4ED147AE364E2D32D
:2094E000D4E90D23C4E90F23BDE8384010F0A8BBD4E91121521A07EE902A9FED097AF8EE21
:20950000677A67EE877AFDEEE77A17EE902A8242D4BF99181918B0E7A38B2EBA0000000023
:2095200078C2B93C10B5044609F030F9636B606403B1A36B636500212046FFF793FFE38B32
:20954000DB0700D510BDFCF749F904F120018023064AA06AFEF722FAE38B0168E06243F0E2
:2095600001030A68E383BDE81040104700442C47B1F5806F0DD8B1F5007F08B5C8BFC1F573
:2095800080618029A8BF80218163FFF7CBFF002008BD6FF47A70704708B5144BA3FB0123CE
:2095A0001A09162303FB02F303F1160207EE902A06EE903AB8EE677A07EE901AF8EE666A07
:2095C000F8EE677A37EEC77A77EEE67AB0EEC77AF0EEE77AF4EEC77AF1EE10FA58BF1346FF
:2095E0004363FFF79FFF002008BD00BFA38B2EBA70B50C4682B005460CF0DEFFE38B9B079A
:2096000016D504F13006314628460CF0FDFF01212046FFF727FF01224FF4007101A80CF037
:20962000D1FF01A930460CF0EFFF01A80CF0E4FF236B0433E36409F0A9F8E36AA0641A684F
:20964000184613689847284602B070BDA1F12001FFF7CEBF704700BF436B91ED036AD3ED00
:20966000007AD1ED026A91ED017A36EE676AF8EEE66AB8EEC77AC6EE265AE7EE257AC0EDE6
:20968000147A704738B5426B4B682DED028B04460D4692ED008A23B307EE903AB8EEE77A4F
:2096A00017EE100A18F0B2FA636BD5ED037A93ED007ADFED0D6A77EEC77A07EE100A67EE83
:2096C000877A002387EEA67A77EE087ABDEC028BF5EEC07AF1EE10FA54BFC4ED147A2365D4
:2096E00038BDB7EE007ADBE79A99F93FD1ED017ADFED0F6A9FED0F7AF8EEE77A38B567EE0D
:20970000A67A0446C7EE877A0D4617EE900A17F0A3FE636B95ED037AD3ED007A06EE900AFA
:2097200037EE677AE6EE877AC4ED147A38BD00BFD00F494000003443D1ED017AF8EEE77AFC
:2097400038B5044617EE900A0D4617F085FE636B95ED037AD3ED007A06EE900A37EE677ABB
:20976000E6EE877AC4ED147A38BD00BFD1ED017A9FED0C7AF8EEE77A38B567EE877A044602
:2097800017EE900A0D4617F067FE636B95ED037AD3ED007A06EE900AE6EE877AC4ED147AC2
:2097A00038BD00BF34FA8E3CD1ED017A9FED0C7AF8EEE77A38B567EE877A044617EE900A3F
:2097C0000D4617F0FDFD636B95ED037AD3ED007A06EE900AE6EE877AC4ED147A38BD00BFD8
:2097E00034FA8E3C2DE9F041D1F80C804F68D8F8046097FBF6F407EE904AF8EEE77A436BAA
:209800002DED028B054617EE901A4FF0804093ED008A18F075FAD8F8003007EE900A06FB97
:20982000147428EE277A03EB8404BDEC028BD4ED007A67EE877AC5ED147ABDE8F08100BF97
:209840002DE9F041D1E90134D1F80C80426BD8F80470013CE41A94FBF7F507EE905AF8EE11
:20986000E77A2DED028B064617EE901A4FF0804092ED008A18F044FAD8F8003007EE900A08
:2098800007FB154428EE277A03EB8404BDEC028BD4ED007A67EE877AC6ED147ABDE8F08122
:2098A0004B684BB1DB0790ED147AD1ED037A04D567EE877AC0ED147A7047C7EE276AC0EDBD
:2098C000146A70474B684BB1DB0790ED157AD1ED037A04D567EE877AC0ED157A7047C7EEA4
:2098E000276AC0ED156A7047436B91ED036AD3ED017AD1ED026A91ED017A36EE676AF8EE22
:20990000E66AB8EEC77AC6EE265AE7EE257AC0ED157A70470220704701EB810100EB410002
:209920001430704782B070B50C4684B005464968206802AC03C4039908AC481084E80C0036
:20994000CB0745BF2A58029B029CD4580AAB2E1893E803008DE8030008AB0CCB3046A04770
:2099600004B0BDE8704002B0704700BF2DE9F04103681B4E1B690F88B34204460D4626D1F7
:209980001E300388BB4201D0BDE8F0816B89012BFAD9A989A06861820368DB699847A06864
:2099A00003681B6A984723681B692546B34225F8120F0FD104F11E06204601F013FB2A465D
:2099C000014602233046BDE8F04100F035B901219847D6E70121204698470646ECE700BFEE
:2099E0001999020010B50446806807F089FAA081A06807F08DFAE081A06807F091FA20820E
:209A000010BD00BF82B070B504A981E80C00044601F0FAFA18B9BDE8704002B0704720461D
:209A2000FFF7E0FF23680C4A1B69934204F10C060DD104F11405204601F0D4FA3246014640
:209A40002846BDE87040062302B000F009B90021204698470546EEE7199902002DE9F04135
:209A6000044682B00E46154610309846BDF828700CF094FA2680658018201BF070F908ABDC
:209A8000054693E803006A4682E803002E4603CA46F80C8B0023084AEB6047F002077360F7
:209AA00068602046A780A560E360C4E90833A9606A6102B0BDE8F0812599020070B5044656
:209AC00086B0FFF78FFFA06803681B6A9847144A144B6082049328200023166805931BF033
:209AE0003EF906AB054613E90300C0228DE8030023460292052128460122FFF7AFFF3368E7
:209B000030465B682946984708B906B070BD284606F02EFF284606B0BDE870401BF018B934
:209B2000543B0020059A020070B5044684B0154601F09AF91E4B2360A56004F1140000F069
:209B400075F8002504F11E0000F070F820461949C4E9035501F0A6F9204640F2537101F05E
:209B6000B5F909260622294604F10C032046CDE9012600924CF64B2201F0B8F902220521FD
:209B8000CDE901212046009204F112034FF62432012101F0ABF9204601F036FA28B1064BE8
:209BA0001B6813B12046FFF789FF204604B070BD586804003C6A0400543B0020024B1B6846
:209BC0000BB1FFF77BBF7047543B002010B5114B1C6890B0C4B1C9B90F4ACDE9042104AA75
:209BE000034692E8030010228DE8030002920521012206A8FFF732FF236806A99B682046A0
:209C0000984706A806F0B4FE10B010BDFFF756FF10B010BD543B0020059A02000021FFF743
:209C2000D5BF00BFACDF7047AEDF70470022028102604260704700BF10B582B00C46019250
:209C40000188ADF80030204600236A46ADF80230FFF7E8FFB0FA80F0400902B010BD00BF18
:209C6000F0B54FF6FF7487B0A142ADF8063032D00389DB07054616460C4600880FD4BDF809
:209C8000063002AAADF808300146002320460396ADF80A30FFF7C6FF184607B0F0BD02AA94
:209CA000012300270DF1060CADF808001146204605968DF80A30ADF80C70CDF810C0FFF7D9
:209CC000B3FF0028E8D00499BDF806300988994201D02888D6E7002007B0F0BDF0B54FF652
:209CE000FF7487B0A142ADF8063031D003899B07054616460C4600880FD4BDF8061002AAF2
:209D00000023ADF80810014620460396ADF80A30FFF788FF184607B0F0BD02AA4FF0020C06
:209D20000023ADF808000DF106071146204605968DF80AC0ADF80C300497FFF775FF50B1BA
:209D40000499BDF806000988884201D12888D7E7002007B0F0BD012007B0F0BD72DF7047FF
:209D600073DF704774DF704776DF704777DF704778DF70477ADF70478FDF704769DF704775
:209D80001321FFF7F1BF00BF0B68034A0146D2560320FFF7EBBF00BF18690400094B10B5DB
:209DA000044640F8143B0CF0B9FC04F110000CF0B5FC054B236000232046E38005F076FF46
:209DC000204610BD106A0400547004002DE91848C3885A0708D41B0701D4BDE818880420AC
:209DE000BDE8184810F098BE044608F0CFFCA369B0EB030B61F1000CBCF1000F08BFBBF5B5
:209E0000FA6F01D2E388E6E70021044811F09CFCE38823F004039BB2E380DCE7819D0200B0
:209E200010B54FF47A731E4C03FB01F1A4FB01318AB000284FEA51214FF000030CBF0420C4
:209E400001201F29CDE90433CDE907338DF8100009931CDC202306930AAB1F2123F8241D66
:209E60001046104900911A4601240023CDF80A30CDF80630ADF80E308DF8254010F06CFFC8
:209E800004AA69460848FFF769FF0AB010BDB1F5804FCABF4FF4804306910693DCE700BF7A
:209EA0005917B7D19C3900206F230020F0B5224C95B0246801944FF6AA650024CDF80A4003
:209EC00006460F46ADF80E40ADF80C30ADF80850DBB105AD9446214628463C22CDF810C030
:209EE0001AF098FF01AA02A8062101230F908DF817100A9239462A463046ADF824308DF857
:209F00004030FFF78DFF15B0F0BD05AD194628463C2204931AF07EFF0621012201AB8DF867
:209F20001710ADF8242039462A4630460A93FFF777FF15B0F0BD00BF8C68040010B5664C03
:209F4000002943D12378980638D4D9062FD41A0725D458071DD4990713D4DA070BD45B068B
:209F600003D410F09DFB002010BD5C4B01211878FFF7F6FEF5E713F02BFF23785B06F0D578
:209F8000F3E7574B4FF400321A602378DA07E6D5F1E7534A012151609907DED5F1E7504B11
:209FA0004FF000721A6023785807D4D5F1E74C4B01221A6023781A07CBD5F0E7484B4FF4BE
:209FC00000621A602378D906C1D5F0E710F062FB0023237013F014FF237810B943F00103FA
:209FE00023703F4A1268920348BF43F002033C4A48BF23705268D00748BF43F00403384A83
:20A0000048BF23701268910148BF43F00803344A48BF23701268D20748BF43F01003304A23
:20A0200048BF2370126810052C4A48BF43F02003107848BF2370FFF795FEB0B1D90719D44B
:20A040009A071CD4580726D419072FD4DA0639D49C0688D5224B4FF40062C3F88020BFF3E8
:20A060004F8FBFF36F8F002010BD43F04003D9072370E5D513F08CFE23789A07E2D5184BDF
:20A080004FF40032C3F88020BFF34F8FBFF36F8F23785807D8D5124B0122C3F88420BFF378
:20A0A0004F8FBFF36F8F23781907CFD50C4B4FF00072C3F88020BFF34F8FBFF36F8F237875
:20A0C000DA06C5D5064B0122C3F88020BFF34F8FBFF36F8F2378BBE7694300206F2300203C
:20A0E00000E100E00B4B10B5044640F8143B0CF015FB04F110000CF011FB074B23600023A2
:20A10000E380204605F0D2FD20461AF021FE204610BD00BF106A04005470040038B50025D9
:20A120000E4B03600446456005F050FD0C4B2360A56004F110000CF08BFB04F114000CF0C7
:20A1400087FB0123074AE56084F8203084F82130146014F099F8204638BD00BF547004003F
:20A16000106A0400D4390020072914D810B50B4C0B482160214611F0E7FA0A4B1978FF29D1
:20A1800007D02368084A0120D256FFF7EFFD002010BD002010BD6FF47A7070477020002052
:20A1A000899D02006F2300201869040090F8202022B9C3689B0701D400F002B80120704779
:20A1C0002DE918480446042921D8DFE801F0322505030D008369D3B108F0D8FAE368A061EF
:20A1E000C3F34000BDE81888836983B108F0CEFAA369B0EB030B61F1000CBCF1000F08BFAE
:20A20000BBF5FA6F03D301212046FFF7CFFFE068C0F34000BDE81888C3880A2243F00403D2
:20A22000C380C26004F052FFE068C0F34000BDE818880223C3600120BDE8188810B5044637
:20A2400082B012F0D3FC204612F0DEFC2378023B062B18D8DFE803F00B1927171717040072
:20A26000237A012B03D1144A1368013B1360134B186840B190F820302BB9C3689B0702D48B
:20A280000321FFF79DFF02B010BD0C4B1B68002BF9D093F82020002AF5D1DA689207F2D45F
:20A2A0000222DA60EFE702A9012301F8043D608812F08AFB02B010BDD0390020D43900201D
:20A2C000014B1878FFF74EBD6F23002010B5044684B0012302224FF47A7168460BF03EFE51
:20A2E00094F821300BB904B010BD11F0A7F90028F9D1034B01211878FFF732FD04B010BD03
:20A300006F23002010B50388103B86B0462B33D8DFE803F043583232325F323232243232D6
:20A3200032323232323A3232323232323232323232323232323232323232323232323234D3
:20A3400032323232323232323232323232323232323232323232323232323400037A5BB924
:20A360002D4B186840B190F820302BB9C3689B0702D40221FFF724FF06B010BD132180889A
:20A38000FFF7F2FC06B010BD06A9002321F8103D8088FFF7F1FC06B010BD81884FF6FF73F0
:20A3A000994206D01D4B1E4A1B680320D256FFF7DDFC01231A464FF47A7102A80BF0CEFD5D
:20A3C00006B010BD144B18680028D5D0FFF77EFFD2E700F10801062268460CF017FA694696
:20A3E00001A80CF02DFA0C4B1C686CB101A902A80CF026FA02A904F110000CF02FFA012330
:20A4000002A8E3600CF08AF901A80CF087F968460CF084F906B010BDD43900207020002024
:20A420001869040008B511F009F9003018BF012008BD00BFF0B58BB00C4615461E46BDF885
:20A44000407001F02DF9234600950DF10E0204A901F032F9044688B90A4D2878FFF782FC6A
:20A46000BDF80E30023B394630469BB20DF11202FFF71CFD28780121FFF772FC20460BB002
:20A48000F0BD00BF6F23002010B40968BDF80440019404315DF8044BFFF7CCBF2DE9F0413A
:20A4A00088B00C4615461E469DF83870BDF83C8001F0F6F82346CDE900560DF10A0203A99B
:20A4C00001F076F9044688B90A4D2878FFF74AFCBDF80A30023B414638469BB20DF10E02D2
:20A4E000FFF7E4FC28780121FFF73AFC204608B0BDE8F0816F230020F0B5A9B06A220D46D5
:20A500000DA82849284E1AF061FC0DA903A80BF095FD03A906A80BF089FD05F13C07012213
:20A520006FF0FE0306A9CDE9003238460523642208F072FD06A80BF06BFD0FCE06AC0FC41E
:20A5400096E8070003C422700522114606AB04A80BF098FE002404A905A80BF067FD384656
:20A5600005A9CDE900442346224608F08BFC05A80BF04EFD2B6821465B6A284698470534AB
:20A58000052005F041FFFF2CF4D14FF47A7005F03BFF04A80BF03CFD03A80BF039FD29B080
:20A5A000F0BD00BF90680400FC6804002DE9F84F4FF0805308460F46D3F864A0FDF7EAFD0F
:20A5C00010374FF0040B4FF005084FF00109BAFBF8F308FB13A3B3FBF9F35D1C002DAAEB23
:20A5E000030A08EB880809EB89090DDD0FFA8BF60024C4F1040212B20134FF2331463846E2
:20A600000BF04EFDA542F4D11BF1FF3BDFD2BDE8F88F00BFA54B2DE9F04F1E68A44D33690E
:20A620000446002743F0080395B03361287884F82070A7610E469346FFF794FB39463C224F
:20A6400005A81AF0E7FB06234FF0020C05AAC82101208DF8173006F13C038DF814C0039341
:20A66000FFF7DEFB01212878FFF77AFB039808F069FB31462046FFF73FFF31462046FFF703
:20A6800095FF3D46029706F1100804F110074FF0FF0994F82020E36812B9980740F1D580A1
:20A6A00013F0010A31D1590766D49A0740F1C38013F0080A00F0A9807E4904A80BF082FDC0
:20A6C00004A905A80BF0B2FC0023CDE900331A4605A9039808F0D6FB05A80BF099FC43F683
:20A6E000982005F091FE04A80BF092FC642005F08BFE40F68D25FBF7F1FA94F82020E3680B
:20A70000002ACAD013F0010ACDD06B4904A80BF059FD04A905A80BF089FC0023CDE9003333
:20A720001A4605A9039808F0ADFB05A80BF070FC029B002B40F08F80A9F10409B9F1280F2D
:20A7400040F38F80B9F1FF0F029BA8BF00230293DBF800305846DB69984728B1E36823F048
:20A76000010343F00403E36004A80BF051FCE36859074FF0000598D53368FF215B6A304612
:20A7800098472369B3F90230002B76DD002521E0E3689A076FD4FFF713FD00286DD14FF4EE
:20A7A000487005F031FE3046FDF7F4FC94F8203004212046FBB9E3689A075CD4FFF700FD39
:20A7C00000285AD1C82005F01FFE2369B3F90230AB4252DD29B238460CF07AF80023014675
:20A7E0001A4640460BF0EAFD94F82030042120460135002BCCD0E36803F00202002A3AD1B6
:20A80000642005F001FE012543E72C4904A80BF0D9FC04A905A80BF009FC5346524605A946
:20A82000CDE900AA039808F02DFB05A80BF0F0FB04A80BF0EDFB642005F0E6FD013540F613
:20A840008B239D427FF725AF55E704212046FFF7B7FCE36824E709F10409B9F1280F3FF73D
:20A8600071AF3046FDF796FC029BB9F1000FD8BF534602936CE700251AE7E36894F82050E1
:20A8800003F00202002DB9D1002A7FF411AF04212046FFF795FC0028ADD14FF47A7005F0D3
:20A8A000B3FDE36803F00202A8E700BF143B00206F2300206869040020690400A8690400C0
:20A8C00030B50446806883B020B10C4908F0A0FD054618B1FBF702FA03B030BD02AA0423FE
:20A8E00002F8015D0549A06808F0CCFD28461AF02FFAFBF7F3F903B030BD00BFF0690400AE
:20A9000090F82000704700BF38B5124B054600241878FFF727FA85F8214010F077FE98B915
:20A92000EB696BB107F032FFEB69C41A61F10005002D08BFB4F5FA7F2CBF0120002038BDBF
:20A9400007F024FFE861EDE72146034810F0FCFE204638BD6F230020819D020020B9034BC0
:20A96000186808B1FFF7D0BF704700BFD43900200238012801D90120704710B5074C2068C1
:20A9800050B1C38843F00803C38004F09FFB2068BDE81040FFF7B8BF012010BDD439002057
:20A9A000012808D138B50D4B1D6835B12846BDE83840FFF7A9BF01207047094B04461878F6
:20A9C000FFF7D0F910F022FE08B9204638BD2946044810F0B9FE284638BD00BFD4390020BB
:20A9E0006F230020819D02002DE9704384B012F015F81E4E30603368002B02DC04B0BDE880
:20AA000070830DF107034FF6FF70039311F0A8FA4FF6FF75A842044609D1EFE7039B1B7880
:20AA200020465BB111F09CFAA8420446E6D002AA0121204611F064FC0028EFD007F0A6FE0C
:20AA400040F2E73480468946002511F0C1FF09E007F09CFEB0EB080261EB09039D4208BF11
:20AA60009442CBD33368002BF2D1C7E7D03900202DE9F04FC488ADB014F480549DF8DC9027
:20AA800002D02DB0BDE8F08F0DF1B00B1E46369B8360C0E9064401920F4605460FF096FD5A
:20AAA00013F080FA4BF8A04D10F020F813F0D0F85946012013F0FAF9A04B05F1140A1968D0
:20AAC0001CA80BF05FFE1CA950460BF0C7FE1CA80BF024FE0DF12008994906A80BF052FE5D
:20AAE000984940460BF04EFE06AA51460AA80BF0D7FE3A460AA90DA80BF0D2FE42460DA9EE
:20AB00001CA80BF0CDFE1CA950460BF0A7FE1CA80BF004FE0DA80BF001FE0AA80BF0FEFD98
:20AB200040460BF0FBFD06A80BF0F8FD6A690C94101DCDE90A40C4F30721022767F30101FA
:20AB40008DF829105188ADF830105088ADF832000AA9049A4120FFF711F9584613F0F0F98E
:20AB60002046FFF705F903224FF0000362F306130721102206948DF81C408DF819108DF89E
:20AB800018308DF81A2011F0C1FE06A811F004FF6D4811F0E5FE6D4AADF824404FF4C87365
:20ABA00040460892ADF82630FFF7E4F82146684810F036FFB9F1000F40F0A98005AC654BE9
:20ABC0001C931CA813F0BAFA7C201AF0C8F83246AB68294601F014FF584B1CA819680BF004
:20ABE000D1FD5D490DA80BF0CDFD0DAA1CA920460BF056FE0DA80BF091FD1CA80BF08EFDAE
:20AC0000402200211CA81AF005F9544B18681D9001238DF8AC3010B11AF038F980B2059BC6
:20AC2000ADF87000181D1F90002800F082801AF02DF983B2019AADF8783010680430219057
:20AC400010B11AF023F980B2454BADF880001868239010B11AF01AF980B2424BADF8880029
:20AC60001868259010B11AF011F980B23E4BADF890001868279000285DD01AF007F983B20F
:20AC80001CA8ADF8983013F001FC50201AF067F83246294600F0A0FE2846FFF7A5FE3C22D0
:20ACA00000210DA81AF0B6F8062602230DAA322101208DF834308DF83760FFF7B1F831466F
:20ACC0002846FFF751FA4FF4A036032200234FF4F0210DA8CDE91033CDE912338DF8402082
:20ACE000CDE90E61CDF8348010F026FB1F4B012185F821101878FFF733F8EB8843F480532D
:20AD00002046EB800BF00AFD2DB0BDE8F08F11F085FE032805AC7FF752AF22461CAB0DA9A3
:20AD20000DF10E0011F0A6FEBDF8140011F098FE45E703467EE70346A2E700BF6C200020EB
:20AD4000FC690400006A04003DA2020008001000BC3900205DA90200046A040094390020A7
:20AD60009039002068200020983900206F23002041F20103984216D00DD944F201039842AE
:20AD800006D044F2020398420AD14820F6F70CBC4920F6F709BC012802D14620F6F704BCA6
:20ADA0004A20F6F701BC4720F6F7FEBBA8DF7047B0DF704762DF7047704700BF8B79012B50
:20ADC00005D0022B02D10368DB6A1847704703689B6A18470368034A9B68934200D17047F1
:20ADE00006311847B9AD020070B50B88502B044631D01AD8102B26D0112B14D10368194DC2
:20AE0000DA69AA422BD100252E4605E023681B699847236806810135DB6820469847A842E1
:20AE200029462046F2DC012070BD512B06D0532BF9D103681B6B9847012070BD03685B6A39
:20AE40009847012070BD0368064A9B699342EAD09847012070BD03681B6A9847F9E79047C4
:20AE60002368D0E7B9AD020010B5064B0360002304460371C38000F0CDF9214600F0D8F9AD
:20AE8000204610BD546A040010B5054B0360044600F0C0F9214600F0D9F9204610BD00BF37
:20AEA000546A040010B584B010310DF1FF330DF10F0411F8012D03F8012FA342F9D1011D26
:20AEC0006846FFF777FF04B010BD00BF00B583B00379ADF80410821D01A901208DF80630D6
:20AEE000FFF764FF03B05DF804FB00BF2DE9F04788B00546BDF84060BDF84470BDF8484068
:20AF0000924688461E2200210DF10200994619F081FFBB1B18BF01232A79ADF800A0E10721
:20AF2000ADF804708DF80C30ADF80660CDF808908DF8022005D59DF80D3043F002038DF8BF
:20AF40000D30A20705D59DF80D3043F004038DF80D30630705D59DF80D3043F008038DF88A
:20AF60000D30270705D59DF80D3043F010038DF80D30E60605D59DF80D3043F020038DF83F
:20AF80000D30A00605D59DF80D3043F040038DF80D30610605D59DF80D3043F001038DF81B
:20AFA0000D30E20544BF01238DF80F30A30544BF01238DF810302B68EC881A6901234146B9
:20AFC0008DF811308DF812308DF813308DF814302846904769460246204610F0E1FB08B01D
:20AFE000BDE8F08700B58DB001A810F051FB019B23B1BDF808000DB05DF804FB4FF6FF705C
:20B000000DB05DF804FB00BF08B510F017FB003018BF012008BD00BF03682DE9F041DB68F0
:20B0200006460D4690469847071E1BDD00240BE04388AB421ED08388AB4221D0C388AB42C9
:20B0400024D00134A7420DD0336821461B69304698470388AB42EBD1012388F800302046B8
:20B06000BDE8F08100234FF0FF3488F800302046BDE8F081022388F800302046BDE8F081A8
:20B08000032388F800302046BDE8F081042388F800302046BDE8F08130B583B00C460DF1A3
:20B0A0000702C9880546FFF7B7FF011E08DB9DF807202B68032A05D01B680B4A93420ED160
:20B0C00003B030BD228A022AF6D11B6928469847E17CA27C2B6842EA01220281ECE7A11DEF
:20B0E0002846984703B030BDB9AD0200F0B58BB00C460DF1070209890746FFF78DFF002839
:20B1000019DB9DF80730E689012293428DF8082013D09DF80E20A088ADF81060002363F3FF
:20B12000000202A98DF80E20ADF80C30ADF812300593FFF73DFE0BB0F0BD3A681F495268F2
:20B140002089ADF81A6000258A428DF81C308DF81D30ADF818000895ADF8245015D12A46CA
:20B160002F4629469DF80E50ADF80C1063F30005A088ADF8106002A9ADF8127005928DF8B1
:20B180000E50FFF715FE0BB0F0BD384606A990479DF81C304BB99DF81D30BDF81A60BDF831
:20B1A0002470089A4FF48171DCE729469DF81D30BDF81A60BDF82470089AD3E7B9AD0200D4
:20B1C00000B583B009890DF10702FFF725FF03B05DF804FBF8B50E4C26689EB13368002B23
:20B1E0000FDD07463546002402E03368A34208DD55F8040F036839465B69984701340028E6
:20B20000F3D1F8BD542019F0AAFD20600660F8BDD839002010B5054C206800B110BD542035
:20B2200019F09DFD00232060036010BDD839002008B50368132B05DC00EB830201335160CB
:20B24000036008BD1420FAF753FD00BFF0B40668002E0DDD4368994226D0041D002204E0C5
:20B2600054F8045F8D4205D01A46531CB342F7D1F0BC70470232B24213DA551C5C1C03EBA0
:20B28000060C00EB850500EB8404ACEB020C1946013155F8047B44F8047B6145F8D1B21ABC
:20B2A00013440360F0BC704701220023E3E700BF02207047013101EB810100EB4100704746
:20B2C00082B070B50C4684B005464968206802AC03C4039908AC481084E80C00CB0745BFA2
:20B2E0002A58029B029CD4580AAB2E1893E803008DE8030008AB0CCB3046A04704B0BDE834
:20B30000704002B0704700BF82B070B504A981E80C000546BDF81240FFF776FE28B1022C19
:20B320001ED0012C29D0052C03D0BDE8704002B070472C46022304F8083F2B681D4A1B69DF
:20B34000934230D105F10A062846FFF74BFE224601463046BDE87040012302B0FEF780BCE3
:20B360002C46002104F8081F2B68124A1B699342E8D0284698470646E6E72E460D4A06F8E8
:20B38000084F2B681B6993420FD105F10A042846FFF728FE324601462046BDE8704001235E
:20B3A00002B0FEF75DBC0021E3E70021284698470446ECE7B5B2020082B070B504A981E881
:20B3C0000C000546BDF81240FFF71EFE28B1022C1ED0012C1FD0052C03D0BDE8704002B0E1
:20B3E00070472C46022304F8093F2B681A4A1B69934226D105F114062846FFF7F3FD2246A8
:20B4000001463046BDE87040012302B0FEF728BC2C460023E7E72E460F4A06F8094F2B6852
:20B420001B69934212D105F114042846FFF7DAFD324601462046BDE87040012302B0FEF742
:20B440000FBC0121284698470646D5E72146284698470446E9E700BFB5B202002DE9F0416D
:20B46000044682B00E46154610309846BDF828700AF094FD26806580182019F070FC08ABC0
:20B48000054693E803006A4682E803002E4603CA46F80C8B0023084AEB6047F002077360DD
:20B4A00068602046A780A560E360C4E90833A9606A6102B0BDE8F081C1B202002DE9F043AD
:20B4C00085B0BDF838803BB30C9C14B30F2902D1B8F1C00F20D1064628201C460D46174653
:20B4E00019F03DFC0CAB814693E803003A468DE8030023462946CDF808804846FFF7AEFFC0
:20B50000336849465B683046984740B905B0BDE8F0830D9CE407D9D46FF47A70F6E748462A
:20B5200005F026FA484619F013FC0148EEE700BF16FCFFFF2DE9F041324F3E6894B0002E83
:20B5400036D00C460546304B002934D1CDE9083108AB93E803004FF0100822468DE8030048
:20B560002B460121CDF808800AA8FFF777FF33680AA99B68304698470AA805F0F9F9234B20
:20B580003E68CDE9063406AB93E8030022468DE803002B460221CDF808800AA8FFF75EFF20
:20B5A000336830469B680AA998470AA805F0E0F914B0BDE8F08100240493059404AB93E80D
:20B5C00003004FF010088DE8030022462B463046CDF808800121FFF771FF0C4B3E68CDE9C2
:20B5E0000A340AAB93E8030022468DE80300CDF808802B4630460221FFF760FF14B0BDE8E5
:20B60000F08100BF543B002009B30200B9B30200F0B5044685B0FFF727FC20461A4B40F8DF
:20B620000A3BFEF703FB002704F11400FEF7FEFA204616492781FFF735FC01250926204666
:20B6400049F68201FFF742FC394604F1080320464DF69022CDE901560095FFF747FC2046D9
:20B66000CDE901560095A31929464DF69122FFF73DFC2046FFF7C8FC18B129462046FFF724
:20B6800059FF204605B0F0BD906A04003C6A04000121FFF74FBF00BF0021FFF74BBF00BF1D
:20B6A00010B5044C206800B110BD012019F057FB206010BDDC3900202DE9F04F89B00025BE
:20B6C000009215809DF94820ADF81C50CDE90355CDE905550192002B63D01E781C46002EFF
:20B6E0005FD0DFF8C880894658F8047B384619F0CDFB394683460246204619F0CFFB00281E
:20B7000049D00135042DEFD100270EB3112F1FDC07F1FF3803AB26469844234D002402E02B
:20B7200001340E2C2DD055F804AB504619F0AEFB514683460246304619F0B0FB0028EFD19F
:20B740005E440137337808F8014F0BB1122FE4D1019A89F80320AA23FE2289F80030102352
:20B7600089F8012089F802303A4603A909F1040019F02CFB009B04371F80002009B0BDE827
:20B78000F08F344608AB3B4414F8012B767803F8142C0137B9E75C448DF80C5026780127FE
:20B7A000B3E76FF47A70E9E784200020742000202DE9F04184B00026174616809DF92CC044
:20B7C0000A9A4BB342B31868B3F80880D2F800E092880D46596885F803C06B4603C36C46DE
:20B7E000A3F80080CDF80AE0ADF80E200FCC4FF0AA084FF0FE0E4FF0140CAE70686085F8D3
:20B80000008085F801E0A960EA602B61A7F800C0304604B0BDE8F0816FF47A76F8E700BFDB
:20B820000420704701EB810100EB41002630704782B070B50C4684B005464968206802AC77
:20B8400003C4039908AC481084E80C00CB0745BF2A58029B029CD4580AAB2E1893E80300C9
:20B860008DE8030008AB0CCB3046A04704B0BDE8704002B0704700BF10B5074B074A03606D
:20B8800000238260C3810446083004F00FFA2046FFF7FAFA204610BD6C6B040054700400BA
:20B8A00010B5084A084940F8082C00220160C280A0F1080404F0FAF92046FFF7E5FA2046CA
:20B8C00010BD00BF6C6B04005470040010B5094B094A036000238260C3810446083004F0AB
:20B8E000E5F92046FFF7D0FA204619F031FA204610BD00BF6C6B04005470040010B5094AFD
:20B90000094940F8082C00220160C280A0F1080404F0CCF92046FFF7B7FA204619F018FAC0
:20B92000204610BD6C6B0400547004000368124A1B69934270B504460D460E8816D1303072
:20B940000388B34200D070BD2069A18C03684A1CDB68A284984704F11C0350B10288418833
:20B96000A2830422E183AB60AA8170BD01219847E6E7AB60A88170BD25B8020082B070B550
:20B9800004A981E80C000446FFF73EFB18B9BDE8704002B0704723680E4A1B69BDF8100051
:20B9A000BDF812102083934261830ED104F126052046FFF717FB04F1180201462846BDE87E
:20B9C0007040042302B0FEF74BB90021204698470546EDE725B802002DE9F043044685B0B9
:20B9E000154600F10809FFF73FFA314BA3600023E360484604F0EAF82E4B256103F1480235
:20BA00002360A26004F1260504F14E0628460A35FEF70CF9AE42F9D10026A046666126627C
:20BA200058F8200FE0612746234957F81C0FA061A6842046FFF736FA204649F2AF31FFF7C5
:20BA400045FA0425092204F118033146CDE901522046009549F27572FFF748FA06230293B0
:20BA6000204604F11403CDE9005545F204420221FFF73CFA43462046CDE90155009542F2B9
:20BA8000C4320321FFF732FA40F209123B46029201214BF64C022046CDE90055FFF726FAD0
:20BAA000484603F013FB204605B0BDE8F08300BF547004006C6B04003C6A04002DE9F04171
:20BAC000044682B00E46154610309846BDF828700AF064FA26806580182019F040F908ABC0
:20BAE000054693E803006A4682E803002E4603CA46F80C8B0023084AEB6047F00207736077
:20BB000068602046A780A560E360C4E90833A9606A6102B0BDE8F08131B802002DE9F04FC4
:20BB200003683D4D1B694F89B1F80090AB428BB006460C4601F10C0866D13A3003884B45F3
:20BB40000DD03368B4F800901B69AB425FD106F1440003884B4519D00BB0BDE8F08F032F40
:20BB6000FADD3D1F25F0030508F108084544103434F8022C34F8041C012306A804340AF0F5
:20BB8000EDF9A542F4D10BB0BDE8F08F032FE3DD043F27F0030708F10805DFF880B03D4450
:20BBA00010344FF0000A01E0AC42D5D034F8047C34F8022CD6F8108005920F2F4FF02800E4
:20BBC000CDE906BA04F10404EED019F0C8F806AB814693E8030010238DE8030002933946B6
:20BBE0003346059A4846FFF769FFD8F8003049465B68404698470028D6D0484604F0B8FE84
:20BC0000484619F0A5F8CFE70221984796E70321304698479DE700BF25B802007DB90200E8
:20BC200030B591B00446FFF7EFF908B9A38C0BB911B030BD0D4B2569CDE9043004AB02468D
:20BC400093E803001023A2848DE8030002931146234606A8FFF732FF2B6806A99B682846B8
:20BC6000984706A804F084FE11B030BD7DB90200A0F10800FFF7D4BF0420704701EB810170
:20BC800000EB41005230704710B5074B074A036000238260C3810446083004F007F8204650
:20BCA000FFF7F2F8204610BDD86B04005470040010B5084A084940F8082C00220160C280C9
:20BCC000A0F1080403F0F2FF2046FFF7DDF8204610BD00BFD86B04005470040010B5094B98
:20BCE000094A036000238260C3810446083003F0DDFF2046FFF7C8F8204619F029F82046E2
:20BD000010BD00BFD86B04005470040010B5094A094940F8082C00220160C280A0F1080450
:20BD200003F0C4FF2046FFF7AFF8204619F010F8204610BDD86B0400547004002DE9F84F34
:20BD40000368BC4F1A690E88BA4204460D4640F042815C300288B24200F0F6801A692E881F
:20BD6000BA4240F0338104F152000288B24200F0A3801B692E88BB4240F0E28004F16600E7
:20BD80000388B34258D023682E881B69BB4240F0438104F170000388B34201D0BDE8F88F63
:20BDA000B5F80A80B8F1010FF8D9A8F1020805F11003C8F34E0803EB48080E354FF001093B
:20BDC0000C2716E0122B94BF18221346206915F8011C98BF12FB037203EB430300EBC303A6
:20BDE00088BF0C22DB6810441B6898470235A845D4D015F8023CA16909FA03F21140F5D1A9
:20BE000060690240DED0122B9ABF182010FB03720B46206915F8011C03EB430300EBC30332
:20BE200088BF0C22DB68FF291044DB6814BF890040F2FF319847D9E76A89002AAED07E4BCA
:20BE4000A3FB023AA2EB0A030AEB530A4FEA9A0ACAEBCA03D21A92B2002A9FD11AF0FF0AE0
:20BE600091D005F10C08072313FB0A8A18E018220C2012FB030B206903EB4303DE008319DB
:20BE80005844DB68DB6898472069064408F10708F36849469B6B58449847C2453FF473AFFF
:20BEA00098F80030B8F80110D8F80390122BDED900234FF00C0BDEE76A89032A7FF659AFCF
:20BEC0002646EA6846F8142F1B69BB4240F0AD8004F152082046FFF785F832460146042337
:20BEE0004046FDF7A9FE00264FF0010909E006EB4602D20002F10C01002B7ED10136132ECC
:20BF000018D0D4E9052309FA06F818EA020F08EA0303ECD006EB4602D20002F10C01002B56
:20BF2000ECD0206902440136D36808445B699847132EE6D123682E881B69BB423FF41EAF5B
:20BF40000221204698471BE76A89032A7FF606AF2646EA6846F8182F1B69BB4260D104F143
:20BF60005C082046FFF73EF83246014604234046FDF762FE00264FF0010908E006EB46027B
:20BF8000D20002F10C0153BB0136132E18D0D4E9052309FA06F818EA020F08EA0303EDD0B3
:20BFA00006EB4602D20002F10C01002BECD0206902440136D36808445B699847132EE6D167
:20BFC00023682E881A69BA423FF4CDAE0021204690472368C9E6012190472368BAE62069AE
:20BFE00002440844D3685B689847636918EA030FCAD0A36908EA0303D2E720690244084480
:20C00000D3685B689847636918EA030F3FF476AFA36908EA03037DE7032120469847BAE69A
:20C0200001212046984780469BE700212046984780464FE77DBC0200254992242DE9F04347
:20C04000044685B0154600F10808FEF70DFF364BA3600023E360404603F0B8FD334B2561E8
:20C0600003F148022360A26004F1520504F17A0628460A35FDF7DAFDAE42F9D10025C4F829
:20C080004A502046C4E90555C4F83E502849C4F84250C4F84650C4F84D50E5612562656251
:20C0A0002585FEF7FFFE04264FF00509204641F27B21FEF70BFF294604F114032046CDE9A2
:20C0C0000169009645F69902FEF710FF04F118032046CDE9016900964BF6FE120121FEF7F2
:20C0E00005FF04F11C070E223B46CDE90022204602964DF622020221FEF7F8FE40F20D12D7
:20C100001423CDE90132032104F12A034FF40D4220460095FEF7EAFE404602F0D7FF20469B
:20C1200005B0BDE8F08300BF54700400D86B04003C6A04002DE9F047002405468A46A04648
:20C140000C264FF001091CE04B689847C0B22B19BAF1000F03D193F83E2082420CD005EB19
:20C16000480208F10108B8F1090F83F83E0082F82A4082F82B001ADC0134132C06F11806F1
:20C1800015D0AB6909FA04F21A4204EB440CF3D02B696F6903EBCC0C3A4233441846DCF8F8
:20C1A0000C10D1D04A699047C0F38700CFE74046BDE8F08703680D4A1B69934270B504461C
:20C1C0000D460E880FD170300388B34200D070BD01212046FFF7AEFF0028F8D02A344000C0
:20C1E000AC60A88170BD03219847EDE77DBC02002DE9F0410446FEF707FF08B9BDE8F08168
:20C2000000212046FFF796FF0028F7D023680D4A1B694000934285B204F12A070CD104F173
:20C2200070062046FEF7DEFE2B463A4601463046BDE8F041FDF714BD032120469847064653
:20C24000EFE700BF7DBC0200A0F10800FFF7D0BF0320704701EB810100EB4100283070476D
:20C260002DE9F84F03681B4A1B690C889342834689462CD128300388A34201D0BDE8F88F4A
:20C280000027BA460BF10B054FF0010805F801AF3EB20024DBF8080021B23246103009F003
:20C2A00015FFC4F10403013420B12A7808FA03F313432B70052CEDD10137052FE6D10BF10F
:20C2C0000C03C9F80830A9F80C70BDE8F88F00219847D0E755C202002DE9F0430368404CFD
:20C2E0001B69B1F80080A34283B005460E4601F10C076AD12830038843451FD02B68B6F8FF
:20C3000000801B69A34263D105F13200038843453CD02B6837881B69A3425DD105F13C009E
:20C320000388BB4202D003B0BDE8F0837389012B84BFB3896B8203B0BDE8F0837389013B41
:20C34000042BDBD8A8683C3006F0FCFC7389002BE9D04FF000090FFA89F800243B78A868F8
:20C36000C4F10402134143F3000321B2DBB210304246013409F094FE052CEFD1738909F1A6
:20C3800001094B4507F10107E5DCCCE7B6F90A20394668460AF03AFAA8683C3006F0D2FC1B
:20C3A000A868694600F13C0401A80AF049FA6A8A01A9204606F0A8FD01A80AF0AFF968460F
:20C3C0000AF0ACF903B0BDE8F0830021984792E701212846984799E70221284698479FE795
:20C3E00055C20200F0B5044685B01546FEF73CFD234B2360A56004F12800FDF717FC04F168
:20C400003200FDF713FC04F13C00FDF70FFC0025782363822046E56025741A492575FEF7DC
:20C4200041FD20464DF61D11FEF750FD052604F10C0740F205123B4629462046CDE90162BA
:20C44000009647F67732FEF751FD14220421A318CDE9012120460092012149F2EE32FEF7C5
:20C4600045FD02212046029604F11203CDE9001140F62D52FEF73AFD204605B0F0BD00BF20
:20C48000446C04003C6A04000420704701EB810100EB41001830704782B070B50C4684B0ED
:20C4A00005464968206802AC03C4039908AC481084E80C00CB0745BF2A58029B029CD458A4
:20C4C0000AAB2E1893E803008DE8030008AB0CCB3046A04704B0BDE8704002B0704700BF53
:20C4E000F0B503681C4E1B690F88B34285B004460D4629D12C300388BB420BD023682F88E5
:20C500001B69B34223D104F136000388BB420ED005B0F0BD6B89012BF0D9AB89A382022255
:20C5200001230621684609F019FD05B0F0BD6B89002BEDD02B7BA375012BE9D104220621C4
:20C54000684609F00BFDE3E702219847D3E7032120469847D9E700BF8DC4020010B504465C
:20C56000806804F055FEA081A06804F059FEE081A06804F05DFEA36820821A681846536A16
:20C580009847A082A06804F027FE00B910BDA06804F0F6FE608210BD70B50446806804F009
:20C5A000D5FDA8B10323A37523680D4A1B69934204F116060FD104F136052046FEF712FD4C
:20C5C0003246014601232846BDE87040FDF748BB0223A375E8E70321204698470546ECE72B
:20C5E0008DC402002DE9F0410446FEF70DFD08B9BDE8F0812046FFF7B1FF2368244D1B69F5
:20C60000AB4204F1140738D104F12C062046FEF7E9FC3A46014602233046FDF70DFB2368C4
:20C620001B69AB4204F10C0722D104F118062046FEF7D8FC3A46014606233046FDF710FBE7
:20C64000A06804F0C9FD0028D2D023681B69AB4204F1120616D104F122052046FEF7C2FC29
:20C660003246014602232846BDE8F041FDF7F8BA0021204698470646D9E702212046984712
:20C680000646C3E70121204698470546E5E700BF8DC4020070B5044605468068A18A0368DC
:20C6A0001B6A9847A06803685B6A984723680C4A1B6925F8140F93420CD104F12C0620461B
:20C6C000FEF790FC2A46014602233046BDE87040FDF7B2BA0221204698470646EFE700BF89
:20C6E0008DC4020082B08DE80C00BDF80230012B05D0022B09D0042B04D002B0704702B028
:20C70000FFF770BF02B0FFF747BF02B0FFF7C2BF2DE9F041044682B00E461546103098468D
:20C72000BDF8287009F03AFC26806580182018F016FB08AB054693E803006A4682E8030008
:20C740002E4603CA46F80C8B0023084AEB6047F00207736068602046A780A560E360C4E9A6
:20C760000833A9606A6102B0BDE8F08199C402002DE9F04385B0BDF838803BB30C9C14B33B
:20C780000F2902D1B8F1C00F20D1064628201C460D46174618F0E3FA0CAB814693E803009E
:20C7A0003A468DE8030023462946CDF808804846FFF7AEFF336849465B683046984740B9F0
:20C7C00005B0BDE8F0830D9CE407D9D46FF47A70F6E7484604F0CCF8484618F0B9FA014849
:20C7E000EEE700BF16FCFFFF2DE9F0411D4F1E4D8AB000260446FFF7B1FECDE908760AAB3F
:20C8000013E903008DE80300C02223462868029206210122FFF7ACFFCDE9067606AB93E8E9
:20C8200003002A684FF010088DE8030023461046CDF8088002220621FFF79AFFCDE904767E
:20C840000DEB080393E803002D68CDF808808DE803002346042228460621FFF789FF0AB0A1
:20C86000BDE8F081E5C60200543B002070B5044684B01546FEF7F8FA2E4BA560236004F16B
:20C88000180504F1400628460A35FDF7CFF9AE42F9D10025A06825610368E5605B6A984716
:20C8A000A575A08224492046FEF7FCFA4FF2D8212046FEF70BFB092606232946CDE901362F
:20C8C000022500934FF6113204F10C032046FEF70DFB04F1120349F2157201212046CDE9A5
:20C8E00001560095FEF702FB05232946029343F66C0204F114032046CDE90055FEF7F6FA25
:20C9000001230C22CDE901320093204604F116034BF258320321FEF7E9FA2046FEF774FB48
:20C9200028B1064B1B6813B12046FFF75DFF204604B070BD806C04003C6A0400543B00203E
:20C94000024B1B680BB1FFF74FBF7047543B002030B5114B1C6891B0BCB10A46B9B90F4954
:20C96000CDE9041204A9034603C910258DE803000295062106A8FFF7CBFE236806A99B6814
:20C980002046984706A803F0F3FF11B030BDFFF72BFF11B030BD00BF543B0020E5C6020028
:20C9A0000021FFF7D5BF00BF0120704701EB810100EB41007030704782B070B50C4684B067
:20C9C00005464968206802AC03C4039908AC481084E80C00CB0745BF2A58029B029CD4587F
:20C9E0000AAB2E1893E803008DE8030008AB0CCB3046A04704B0BDE8704002B0704700BF2E
:20CA00002DE9F041044686B0002590461F46FEF72BFA2E492160C4E90287258284F85450E0
:20CA2000A56504F17000FDF701F920462849E56525666566A566E566FEF734FA20464DF600
:20CA40001D11FEF743FA04F15C0614220A2733462946CDE901272046009243F61032FEF78A
:20CA600045FA2820D4F8088018F079F90646103009F094FA29233360182018F070F9154A67
:20CA8000CDE90425074604AA034603CA47F80C4BDD607D6058609960D8F800200E49F560A9
:20CAA00012205961B360B080C6E90855536840463146984718B9204606B0BDE8F08130462B
:20CAC00003F056FF304618F043F9F4E7E06C0400C86C040011CE0200B9C90200F0B5037C68
:20CAE000CA78934285B0054629D022D99B1A072BCCBF00240124D4B9314A2B68128804AE09
:20CB0000214626F8102D28461B69984707462846FEF768FA0223014632463846FDF7A0F882
:20CB20006B7C85F854400433DBB26B742B7405B0F0BDD31AF82BD4BF00240124DBE70A465B
:20CB400090F8540001332B7452F804CF030105F11404E01857689668D26844F803C0476062
:20CB60008660C26095F85430012B0FD01ED3032B18D101231A462921684609F0EFF96B7C45
:20CB8000002204336B7485F85420D0E78B784978AA6D1B0443EA016313430222AB6585F823
:20CBA0005420C4E7013385F85430C0E7B1F801305BBA9BB20122AB6585F85420B7E700BFBD
:20CBC000B46C0400F0B503684F4A1B690E88934297B004460D4615D170300388B34201D0DE
:20CBE00017B0F0BD6B89002BFAD02A7B022A17D00BD8DAB1012AF3D105F10C012046FFF764
:20CC00006DFFEDE700219847E7E7EE2A5FD0FF2AE6D16B7B23B1012BE2D1F9F75FF8DFE739
:20CC20000123292106A809F099F9D9E706A802F017FC364B1A684AB9129A3AB19DF8441054
:20CC4000032903D132481399026019606B7B8DF80530142106A803EB830201FB030316A91C
:20CC600001EB820252E90E62103303CB330E8DF809608DF80630330C360A25688DF80D20E0
:20CC80008DF807308DF80860130C0026170E120A8DF80C20CDF80E00CDF812108DF80A70FB
:20CCA0008DF80B308DF804602B6931462046984705462046FEF796F901AA014612232846B1
:20CCC000FCF7CEFF268284F85460A66588E7114B002518688DF81A504FF4F773ADF81830B8
:20CCE000FDF70EFE23688DF81A0029461B692046984705462046FEF775F90323014606AAA1
:20CD00002846FCF7ADFF6BE7ADC90200E0390020E4390020D439002010B5ADF5627D01A8AA
:20CD200002F004FA4FF46072002102A818F072F80220012300225821039003A80A930DF0F8
:20CD4000EDFD00220290C3219AA80DF0E7FD40F6FC7399901A68013232D04FF080521C6814
:20CD600013691C4420464FF4607202A918F01FF8B0B940F6FC731C684FF4607202A92046DA
:20CD800018F015F848B1214601A802F0D1F902AA214601A8E02302F001FA0DF5627D10BD5F
:20CDA000214601A802F0C4F9E023214602AA01A802F0F4F940F6FC731B680133D9D10EE022
:20CDC0004FF010224FF0805394691B691C4420464FF4607202A917F0EAFF0028E0D14FF0C1
:20CDE00010239C69C8E700BF40F6FC731A6801320ABF4FF010231A689A694FF080531B69DD
:20CE0000134493F8A13203B97047FFF785BF00BF82B02DE9F04383B00AA90546684681E82E
:20CE20000C0002F083F9BDF82A40022C56D0FF2C4BD0012C04D003B0BDE8F04302B07047CA
:20CE40004C49E86806F0E4FA0746002865D001AE384617F07DFF4FF08052AC6D1169B4FB6C
:20CE6000F1F301FB13438BB9116989080ED02168013108BF201D04D04AE050F8041B0131F9
:20CE800046D111690133B3EB910FF6D32146684605F11402102302F081F94FF601722B68BB
:20CEA000ADF804201B6900212846984704462846FEF798F83246014602232046FCF7D0FE6F
:20CEC00003B0BDE8F04302B070472B4B1868FDF7F7FC03B0BDE8F04302B0704710236846AC
:20CEE00005F11402A96D02F059F9FFF715FFE868204906F0C1FB214B186810B1012101F097
:20CF000067F8F8F7EBFE03B0BDE8F04302B070472146684602F00CF9B8E702AE234606F824
:20CF2000044D174C1349E868324606F0ABFA2368002B8DD0134AD2F80090994588D24FF03D
:20CF40008058A9F1040309F6FC7101E08B4207D053F8042F0132F9D04946684602F0E8F8DE
:20CF6000D8F81030226823F0030399449145E8D36EE700BFB86C0400D4390020343900209A
:20CF8000E0390020E43900200220704701EB810100EB41001030704782B070B50C4684B0D4
:20CFA00005464968206802AC03C4039908AC481084E80C00CB0745BF2A58029B029CD45899
:20CFC0000AAB2E1893E803008DE8030008AB0CCB3046A04704B0BDE8704002B0704700BF48
:20CFE0002DE9F04103681A4E1B690F88B34204460D4624D11A300388BB4201D0BDE8F081BC
:20D000006B89012BFAD9A989E181A068F9F700FEA068F9F705FE23681B692546B34225F80C
:20D020000E0F0FD104F11A062046FDF7DBFF2A46014602233046BDE8F041FCF7FDBD0121B3
:20D040009847D8E70121204698470646ECE700BF8DCF020082B070B504A981E80C000446CC
:20D06000FDF7D2FF18B9BDE8704002B07047A068F9F7C2FD25460D4A05F80C0F23681B69BC
:20D0800093420DD104F110062046FDF7ABFF2A4601463046BDE87040012302B0FCF7E0BDE6
:20D0A0000021204698470646EEE700BF8DCF02002DE9F041044682B00E461546103098463C
:20D0C000BDF8287008F06AFF26806580182017F046FE08AB054693E803006A4682E80300FB
:20D0E0002E4603CA46F80C8B0023084AEB6047F00207736068602046A780A560E360C4E9FD
:20D100000833A9606A6102B0BDE8F08199CF020070B5044686B08068F9F76EFD2073A0684B
:20D12000F9F77EFD144A154BE0810493282000231668059317F013FE06AB054613E903003A
:20D14000C0228DE8030023460292082128460122FFF7AEFF336830465B682946984708B938
:20D1600006B070BD284603F003FC284606B0BDE8704017F0EDBD00BF543B002055D00200AD
:20D1800070B5044684B01546FDF76EFE1E4B2360A56004F11000FCF749FD002604F11A00CD
:20D1A000FCF744FD2673E68120461849FDF77AFE20464FF4C241FDF789FE01250922314619
:20D1C00004F10C032046CDE90152009549F25022FDF78CFE052602222046CDE901260092F8
:20D1E000294604F10E0341F62532FDF77FFE2046FDF70AFF28B1064B1B6813B12046FFF78B
:20D2000087FF204604B070BD1C6D04003C6A0400543B0020024B1B680BB1FFF779BF7047EA
:20D22000543B002010B5114B1C6890B0C4B1C9B90F4ACDE9042104AA034692E80300102289
:20D240008DE8030002920821012206A8FFF730FF236806A99B682046984706A803F088FBFD
:20D2600010B010BDFFF754FF10B010BD543B002055D002000021FFF7D5BF00BF0220704732
:20D2800001EB810100EB41002430704790F823200023038480F8223002B9704700B585B04E
:20D2A0000123032240F2FF31684608F057FE05B05DF804FB2DE9F0410446FDF7A5FE18B9C6
:20D2C00000263046BDE8F0812368DFF890801B694345064639D104F1240003899B07EFD5BD
:20D2E00094F82230E068E77C94F82110132B074418D894F82020914205D113E094F820203B
:20D300008A420FD0E0685A1C84F82220425CFA5494F82230E07C0131132B91FBF0F200FBE7
:20D320001211EBD92268126942459DB211D104F124082046FDF756FE2B4601463A464046BC
:20D34000FCF7CCFC3046BDE8F081002120469847C3E70021204690478046EAE781D202002C
:20D3600030B503681B4A1B690D88934285B004462DD124300388AB4201D005B030BD94F8C2
:20D38000222094F82130E17C94F823501344002093FBF1F201FB123384F8213084F822007E
:20D3A0000123032240F2FF31684608F0D7FD002DE3D194F82230002BDFD194F8212094F855
:20D3C00020309A42D9D02046FFF774FFD5E700219847CFE781D202002DE9F04F0368304AA8
:20D3E0001B690C88934285B005460F4654D12E300388A34202D005B0BDE8F08F7B89002B9E
:20D40000F9D00C3707EB030B2B7CAA7C687C591C91FBF2F602FB161686422AD0AA6997F8D9
:20D420000080B2F90290B9F1000F17DD05F1180A002401E0A14510D021B2504609F048FAFB
:20D44000804504F10104F5D101231A464FF49661684608F083FDA145EED12B7CAA6802F80B
:20D460000380EB692E749E420BD00137BB45CBD1C1E7012303224FF49661684608F06EFD68
:20D48000F3E74FF0FF33EB61022201234FF49661684608F063FDE8E701219847A8E700BF4F
:20D4A00081D202002DE9F041044684B015461E46FDF7DAFC2046254B40F8183B09F0C8F9AE
:20D4C000013604F12400FCF7B1FBF6B204F12E000135FCF7ABFBEDB206F128002844012177
:20D4E00003F002FA05F1140300270344C4E90203A5742046E6742782278484F8227084F859
:20D5000023701349FDF7CEFC20460121FDF7DEFCA36800974FF0140806222B442046CDE958
:20D52000018201210322FDF7E1FCE368CDF804801022204602920097394633440222FDF7EB
:20D54000D5FC204604B0BDE8F08100BF686D0400506D0400012923D070B50446407C71B107
:20D56000A57C461C022996FBF5F205FB126202D1237C83420DD0A368185C627470BD237CDC
:20D58000834210D0A37C411C91FBF3F203FB1212F1E7E2614FF4966002F05CFF607CF1E782
:20D5A0006FF47A707047014870BD00BF0CFCFFFF2DE9F04FB2F1000883B040F39980012B81
:20D5C00000F0968005461E460091FDF71DFD002800F08B802B68484F1B69BB4240F08180F8
:20D5E00005F1240003899A077FD54FF0000B05F12403DA4601934FF001092846FDF704FDC9
:20D60000002858D02B681B69BB4258D1019803899B0750D5C34527DA95F82010EA7C95F8D8
:20D6200021004B1C93FBF2F402FB143398421BD0009A0BF1FF30104408E0EC7C95F821C00E
:20D6400092FBF4F304FB13239C450DD0EA6810F8014F54540BF1010BD9B2D84503F101026A
:20D6600085F82010E9D1C346022E2CD185F82390032140F2FF3002F03BFD95F8223043B953
:20D6800095F8212095F820309A4202D02846FFF711FE02F0AFFED84585F823A0ADD195F8B7
:20D6A000212095F820309A4205D02846C346FDF7ABFC0028A6D1584603B0BDE8F08F002154
:20D6C00028469847A3E795F82230002BF3D195F8212095F820309A42EDD02846FFF7EAFD16
:20D6E000E9E70021284698477CE7DFF810B0E2E76FF47A7BDFE700BF81D2020016FCFFFFE7
:20D7000010B40C681346211DB4F902205DF8044BFFF74EBF012BF8B541D017460D460646DE
:20D72000D3B1022B2AD1437C027C9A423DBF817C8918CB1AD31A9F4223DC002F1EDD6C1E24
:20D74000E51902213046FFF705FF04F8010FA542F7D13C462046F8BD002A0FDD4D1E1C46FD
:20D7600004E00134A74205F8010FF3D000213046FFF7F0FE0028F4DA2046F8BD00242046C1
:20D78000F8BD817C3A44D31A93FBF1F201FB1233C36102214FF4966002F05CFECDE76FF4D7
:20D7A0007A74D7E7012A0FD010B51830144609F055F8022C01D0002010BD01214FF49660BF
:20D7C00002F048FE002010BD6FF47A70704700BF2DE9F04F87B000AF012B7B60F86000F0D7
:20D7E000B6804D7C0C7CBD60A5428946934636D01168D9F80830B1F902105E5D002905F1D8
:20D80000010824DD00244FF0FF3A21B2584609F05FF8DBF80010B1F902100134B04208BF14
:20D82000AA46A142F1DC99F8120099F8104098FBF0F500FB1585AC421CD0BAF1FF3F40D1E3
:20D84000D9F8083000295E5D05F10108DADC99F8120098FBF0F500FB1585A542CDD17B680E
:20D86000022B0DD0F86808F0F3FFF8681C37BD46BDE8F08F7B68022B23D1BAF1FF3F20D19C
:20D88000594607F1140008F0DBFF07F1140102224846FFF787FF07F1140008F03FFF99F8FD
:20D8A000103007F1140003F1FF3A08F0D1FF07F1140109F1180008F0D1FF07F1140008F03C
:20D8C0002DFFBAF1000FCDDBBB6899F812409A45ABBFBB68E61AAAEB0306564406F108020F
:20D8E00022F007026D46ADEB020D00216846721C17F090FAB7F80880D9F808E01FFA8AF33F
:20D90000984569460FD00DF1FF3C08F1010090FBF4F204FB12021EF808000CF8010F1FFA9A
:20D9200082F84345F1D199F81130F8680133334493FBF4F204FB123489F8114032B208F0DF
:20D9400065FFF868AD461C37BD46BDE8F08F6FF47A7108F003FFF8681C37BD46BDE8F08F74
:20D96000437C027C934283BF807C8018C01AD01A704700BF10B5074B036003F1740103F1AE
:20D98000A402044681614262183005F081FB204610BD00BFA46D040010B5074A40F8182CBF
:20D9A00002F1740402F1A4010460C160A0F1180405F06EFB204610BDA46D040010B5084B74
:20D9C000036003F1740103F1A402044681614262183005F05DFB204617F0BAF9204610BD29
:20D9E000A46D040010B5094A40F8182C02F1740402F1A401C1600460A0F1180405F048FB11
:20DA0000204617F0A5F9204610BD00BFA46D0400F0B583B016469DF82050CAB21F46314663
:20DA2000012304460AF05AFD012D04F1180003D0032D14BF0025022500213B46324600911F
:20DA40000195214605F048FC044B236003F174022046A433A261636203B0F0BDA46D0400DA
:20DA600042DF7047704700BF084602F0CDBC00BF82B070B50C4684B005464968206802ACC1
:20DA800003C4039908AC481084E80C00CB0745BF2A58029B029CD4580AAB2E1893E8030067
:20DAA0008DE8030008AB0CCB3046A04704B0BDE8704002B0704700BF82B08DE80C0000F52E
:20DAC0001760002102B0F7F735BE00BF82B010B502A981E80C00BDF80A30062B3DD00FD930
:20DAE000152B22D040F6B932934226D1BDE8104041F2C8134FF0FF31C05802B007F0DEBB3B
:20DB0000032B20D10446002100F68C0005F00AFC04F50B60002105F005FC04F6D400BDE810
:20DB20001040012102B006F0ADBCBDE8104041F2C81302B0C05807F0D9BC0D2B05D0BDE857
:20DB4000104002B07047052BF9D1BDE81040D0F85409036802B01B6B1847BDE81040D0F839
:20DB60005809036802B09B6A184700BF82B08DE80C00BDF80230152B01D002B0704741F2BD
:20DB8000C81302B0C05807F0BBBC00BF38B500F5E86405462046F8F7D3FD40B105F10C0022
:20DBA000FCF740FC38B92046F8F7D2FD50B9BDE838400CF05BB82046F8F788FFBDE83840F3
:20DBC0000CF054B82046F8F76FFF0028EFD138BD064A1368591E11603BB9054A116821B15C
:20DBE0004189136021F4005343817047BC20002030200020A0F10400FFF7EABF704700BFEF
:20DC00002DE9F04F89B00446F7F7CEFFBC4B4FF00009C4E90139201D01F0D8FFB94B2360AF
:20DC200004F10C063C33636004F134073046FCF775FA04F14C05266338460922B2490BF035
:20DC40008FFF04F1640828460A22B0490BF088FF04F17C0640461A22AD490BF081FF3046A0
:20DC60001B22AC490BF07CFF4A463946012304F1980004F0EBFD04F1F80304F1D000039315
:20DC800006F046F9DDF80C9004F5417A2223294648465B2208F0D6FF4146504612220BF052
:20DCA0002FFD04F5517504F5D562494604922846524600F0DBF904F5E268974B049804F5A0
:20DCC000C76204F5C4610BF02FFB04F5B26204F5AF61404601F052FE04F59D6204F5A06109
:20DCE00004F5E56001F04AFE4FF0280C04F5E863CDF800C018462A46059341463B4681463C
:20DD00002A27F8F7A1FA04F5F26241464B461046069200972A46F8F7C5FF40F6F87304F284
:20DD2000BC751A6801320ABF4FF01023196859694FF0805304F2CC7718691B6900EB400004
:20DD4000091A01222846F9F78BFF294638460022079705F033FB04F5BE60C4F8E407D4F83B
:20DD60006806C4F8EC07D4F86C06C4F8F007D4F87006C4F8F40704F5B563D4F87406C4F889
:20DD8000D83704F5B86704F5BB6104F5C162052304F61C0BC4F8DC77C4F8E017C4F8E82755
:20DDA00031465E4AC4F8F80704F5FB65D4F87806C4F8FC0704F2EC7704F50066C4F800387B
:20DDC000C4F80438C4F80838C4F80C38C4F81828584632460723C4F81058C4F81478F8F7B8
:20DDE00015F94FF0000901231A46CDE9009904F5727104F68C0005F06FFACDE900990123C7
:20DE0000022204F58B6104F50B6005F065FA03230222012104F6D40006F092FB524604F5F3
:20DE2000A36A40F6AC53514604F6E40006F002FC092104F6181001F07FFB082104F51460EA
:20DE4000F8F782FE404600F0F9FBC4F85409404600F0D0FC079BD4F85429009301465B4628
:20DE6000C4F8580904F65C1001F0E8F804F5A66B04F5A96004F5AC61CDE90010039B5A4638
:20DE800004F5547104F51760F7F786FD04F59650DDE9043206991030F8F71AF904F5CA6301
:20DEA0000121A4F80A90504603930AF041FB039B994618460AF05CFA022148460AF026F9B3
:20DEC000B4F85636164923F480734046A4F8563609F046FB55F8040B01210AF027FDAF422C
:20DEE000F8D155F8040B01210AF020FDAE42F8D1584601210AF01AFD204609B0BDE8F08FF7
:20DF0000547004008C6E04000090004000A0004000A0014000B0014000200040506E040097
:20DF2000801A0600704700BF2DE9F04F83B0DDE90C9ABDF83880002B3BD0B9F1000F35D076
:20DF40000F2902D1B8F1C00F33D1074628201D460E46934616F003FF0446103008F01EF875
:20DF600018202680A4F802B016F0F9FECDE9009A06466B46024603CB46F80C5B00233D68A8
:20DF8000D36048F002087360E360506091600E495161C4E90833A4F80480A2606B683846F1
:20DFA0002146984740B903B0BDE8F08F1AF0010FC6D16FF47A70F6E7204602F0D9FC2046DD
:20DFC00016F0C6FE0148EEE771DA020016FCFFFF70B5002486B04FF48053802205460E4626
:20DFE00002A821460094F9F73BFE012302A80E4A01A9F9F78DFD019B7BB101236A460A491A
:20E0000002A8F9F78FFD05F596501030F8F7ACF802A8F9F72FFE06B070BD002EF3D102A8E1
:20E02000F9F728FE06B070BD4C6E0400A0F10400EEF7CEBA10B5044B036000230446C38000
:20E0400001F034FE204610BD5470040010B5064B036000230446C38001F028FE204616F0F6
:20E0600077FE204610BD00BF547004002DE9F04F964B03604FF0000B044685B0C0F804B0A3
:20E08000CDE9021201F0A2FD914B23602123A36002220323642104F10C000AF01FFA032377
:20E0A0001A46652104F124000AF018FA04F1540803230422662104F13C000AF00FFA04F108
:20E0C0006C0A03231F22672140460AF007FA04F1840503231C22682150460AF0FFF904F172
:20E0E0009C06284603230E226921009504F1B4090AF0F4F93046032325226A2101960AF003
:20E10000EDF903230B226B2148460AF0E7F903230A226C2104F1CC000AF0E0F904F1FC0767
:20E12000032309226D2104F1E4000AF0D7F904F58A7603231E226E2138460AF0CFF9032309
:20E1400017226F2130460AF0C9F903230C22702104F596700AF0C2F903231122712104F547
:20E16000A2700AF0BBF903230122722104F5AE700AF0B4F903230D22732104F5BA700AF03F
:20E18000ADF903232222742104F5C6700AF0A6F903231A22772104F5D2700AF09FF904F552
:20E1A000EA7503232022782104F5DE700AF096F903232422792128460AF090F95A46032372
:20E1C0007A2104F5F6700AF089F9032314227B2104F501700AF082F903230522862104F505
:20E1E00007700AF07BF9032310227C2104F50D700AF074F9032308227D2104F513700AF004
:20E200006DF9032315227E2104F519700AF066F9032316227F2104F51F700AF05FF90323C3
:20E220000F22802104F525700AF058F903231822812104F52B700AF051F90323132282215B
:20E2400004F531700AF04AF901230622832104F537700AF043F901232822842104F53D7068
:20E260000AF03CF903231922852104F543700AF035F901981749A368C4F830030098164AA9
:20E28000C4F8380302980860132B0399C4F824A3C4F82893C4F82C83C4F83473C4F83C6388
:20E2A00011600BDD13262B6828465B6C00219847A3680136B34205F11805F4DC2344002261
:20E2C000204683F8402305B0BDE8F08F54700400EC6E0400443C0020403C0020826881183C
:20E2E000002A91F8403343F0010381F8403345DD2DE9F0470646DFF8888000F10C0400F248
:20E300003F35002715E0D3F8003703F44033B3F5003F05D199F8003043F0080389F8003094
:20E32000A5F23E35B268AB1B9A4204F118044D4622DD94F814A06F7023682046DB69984741
:20E3400005F101090AF01F020028E9D1BAF1200F34BF4FF0A043434603EB8203D3F80027E3
:20E3600002F44032B2F5403FCDD199F8003043F0040389F80030D3E7BDE8F087704700BF79
:20E3800000030050F8B583681F4A034493F8401321F0010183F84013D2F80473D2F80433E1
:20E3A000C2F808338368002B29DD064600F10C0400250FE011F0080320464FF0020104BF74
:20E3C000204619460AF0D0FAB3680135AB4204F1180414DD23682046DB69984773190028AC
:20E3E000F2D193F840134B07E4D5204603210AF0BBFAB3680135AB4204F11804EADC024BD6
:20E40000C3F80473F8BD00BF006000402DE9F04F324CD4F804B3D4F80453C4F8085384683A
:20E42000002C83B045DD994600928846064604464FF0000A06E0B3680AF1010A534504F1A9
:20E44000180436DDE36894F82070DB6904F10C05284698470028EED1E36828461B6A98478B
:20E460000028E8D0638A13F400712BD0B8F1000FE1D0009A6AB31F2F07F01F07184A07F573
:20E48000E07198BF4FF0A042019252F8211011F4403FD0D113F4807F28460CBF03210221FA
:20E4A0000AF062FA0123019A03FA07F7C2F82075C1E70A4B0022C3F87C21C3F804B303B061
:20E4C000BDE8F08FB9F1000FB5D028460AF04CFAB1E7284600990AF047FAACE7006000401F
:20E4E0000003005038B50446062919D8DFE801F02E38485858041A00002A55D081680029DD
:20E500000EDD0023458A15F4007F03F1010300F1180003D0116801311160A1689942F1DCF5
:20E52000002038BD81680029FADD02460020538A13F4007F23F400731CBF5382A16801309E
:20E54000814202F11802F2DC0020EAE7FFF7C6FE0122204611460023FFF758FF002038BD0D
:20E560008368034493F84033DA0701D4FFF7B6FE0123204619460022FFF748FF002038BDAE
:20E580008368034493F84033DB0701D4FFF7A6FE012320461A461946FFF738FF002038BD6F
:20E5A000FFF7F0FE002038BD6FF47A7038BD00BF10B5044603EB43002160C4E902230121AC
:20E5C000800002F091F9002360602382204610BD704700BF054B1B68834203D01A681846C3
:20E5E000D36A184710B53220F7F782FBF0390020054B1B68834203D01A681846136B18478C
:20E6000010B53220F7F774FBF039002010B5034B0360044602F0D6FC204610BD106F040003
:20E6200010B5054B0360044602F0CCFC204616F08FFB204610BD00BF106F04002DE9F041AC
:20E64000404C236813F0010382B007464FD03E4C2368DB073DD53D4D2B7823B13C4C2068E4
:20E6600002B0BDE8F0813B4E072002F04BFA304609F07EFE0221304609F048FDF38823F497
:20E68000807332213846F38005F0A6F9002836D1442016F064FB052206462F492C4C02F062
:20E6A0008FFA2E4B33604C20266016F058FB06222949804600F094F8294BC3F80080404669
:20E6C000216802F08DFD206801232B7002B0BDE8F0810323192285211E4809F0FFFE01239F
:20E6E000204A21491B48236016F034FBB3E701221146194807F0AEFB01232360A7E7502071
:20E7000016F02DFB32230522CDE900323946124B0F4C3246804605F045F95420C4F800800F
:20E7200016F01DFB4FF0060C3C23CDE9003C3246094B3946804605F02DFA094BC3F800805D
:20E74000BDE700BFE8390020EC3900206A430020F0390020FC390020F4390020106F040095
:20E76000143A002040200020D1E5020010B5044616F0EEFA204610BD054B1B68834203D058
:20E780001A681846D369184710B53320F7F7B0FA143A0020054B1B68834203D01A68184695
:20E7A000936A184710B53320F7F7A2FA143A002010B5034B0360044602F0FCFD204610BD0F
:20E7C000506F040010B5054B0360044602F0F2FD204616F0BDFA204610BD00BF506F0400FB
:20E7E00010B5044602F048FC014B2360204610BD506F040008B5FFF721FF014B186808BDAB
:20E80000143A002082B070B50C4684B005464968206802AC03C4039908AC481084E80C0094
:20E82000CB0745BF2A58029B029CD4580AAB2E1893E803008DE8030008AB0CCB3046A04741
:20E8400004B0BDE8704002B0704700BFF0B44B68456804680F688668EB1A06EE903AE71BED
:20E86000F8EEE66A07EE907A8B68F8EEE77A66EEA66AF31AE7EEA76A012A07EE903AF8EE02
:20E88000E77AE7EEA76A35DD02EB420201EB8207B0EE666A0C3FD1E90303EB1A07EE903A3C
:20E8A000201AF8EEE77A07EE100A4A69B8EEC77A67EEA77AB21AE7EE077A0C3107EE102A2A
:20E8C000B8EEC77AE7EE077AF4EE667AF1EE10FAF4EE467A48BFF0EE676AF1EE10FAC8BF88
:20E8E000B0EE676A8F42D6D176EE667AF0BC17EE900A7047B0EE666A76EE667AF0BC17EE88
:20E90000900A70472DE9F0472DED088B84B004AC04E90E00159A039E00234FF480619A425A
:20E920008146DDE90187C0E9003383608361C0E90311416140F3D080149DDFED778A02EBD2
:20E94000420205EB820A2C46D4E90013FB1A07EE903AA8EB0101F8EEE77A07EE101AA268DC
:20E96000B8EEC77A67EEA77AB21AE7EE077A0C3407EE102AB8EEC77AE7EE077AF5EE407ACF
:20E98000F1EE10FAB1EEE78A00F1B180FDEEC87AF8EEE77AF4EE687AF1EE10FAC8BFF0EED6
:20E9A000678AA245D0D1DFED5C9AB7EE00BAB0EE69AAF0EE69AAB0EE699AD5E90012B81AD8
:20E9C00007EE900AA8EB010006EE900AF8EEE77AAB6867EEA77AF8EEE66AF01A07EE100A67
:20E9E000E6EEA67AB8EEC77AE7EE077AF5EE407AF1EE10FAB1EEE78A7ED4A1EB0801D21B7C
:20EA00009B1B0C3507EE101AB8EEC76A07EE102AC8EE887AF8EEC76A07EE103AB8EEC77AE5
:20EA2000C6EE085A86EE886AC7EE086A77EECB7AF0EEE55AF4EE497AF1EE10FAB0EEC66A10
:20EA4000B0EEE67AC8BFB0EE679AAC42E5EEA7AAA6EE27AAE7EE279AAFD16AEE0A7ABDEE7E
:20EA6000E87AEAEEAA7A17EE103AE9EEA97AF5EE407AF1EE10FAB1EEE78A45D44846C9E900
:20EA80000087C9F80860C9F81830CAEE886A8AEE087A89EE886AF7EE007AF0EE675AE9EEDB
:20EAA000265AF0EE656AF0EE675AE9EE075AE9EE067AB0EE657AFEEECB6ABEEECB7AFEEE80
:20EAC000CB7AC9ED036A89ED047AC9ED057A04B0BDEC088BBDE8F087DFED0F9AB0EE69AA73
:20EAE000F0EE69AAB0EE699AB0EE698AC6E717EE900A13F09BFA49E717EE900A13F096FAAD
:20EB0000D5E90012AB6878E717EE900A8DED007A13F08CFA009BB1E7000000002DE9F04F0F
:20EB20008BB0131E8346019100937ADD03EB430000230A4601EB80001C461946D2E9007622
:20EB400095680C3282423C4431442B44F6D1009A94FBF2F0059091FBF2F193FBF2F3059A6A
:20EB6000CBF80830CBE900215846DDE90021FFF76DFE0023CDE9033305EE900A02930DF1B0
:20EB80001C086FF0C7096FF0C70A6FF0C7079BE8070088E80700DDE90745099E4C443E44F9
:20EBA0005544DDE900214046CDE907450996FFF74DFE07EE900AF4EEE57AF1EE10FA07F1BC
:20EBC000C80704D5CDE9035605EE900A0294B7F5C87FDCD10AF1C80ABAF5C87FD5D109F158
:20EBE000C809B9F5C87FCED1059B029A93420AD0039A029BCBF80420049ACBF80030CBF850
:20EC000008200593BDE7DBF80430039A9342EFD1DBF80830049A9342EAD158460BB0BDE820
:20EC2000F08F00231946059399E700BFF0B587B003AC05460E4617462046FFF76FFFCDE9F5
:20EC40000067284694E80E00FFF75CFE284607B0F0BD00BF82B02DE9F04FEDB076A9834668
:20EC6000642081E80C0001F04DFF0522114610A807F0A0FABD4911A807F0A4FA21AB6CA962
:20EC800000229A60C3E900220C338B42F9D1DBF808008DF864200368B54E9B6ACDE9132272
:20ECA000CDE91522CDE9172298470B90DBF808000368FF215B6A9847DBF808003C3004F0B9
:20ECC00041F843F68C420023079204939A460693CDF814B09B46079B43F68C4293420DF142
:20ECE000640900F0AE80A34A9342C0F2AA80079BA3F1640214B2002B00F0DA80049B0F2B3B
:20ED000000F0D680079BCDE9074306999A4B059D2831A3FB0132C820920900FB1212D3B294
:20ED20006868069302F0ECF80446686802F0F0F814F52A7FC0F2A18014F1C80FC0F2B0805D
:20ED4000B4F52A7F00F30D81C82C40F31F81032310F52A7F09931F4680F2968000230A93FC
:20ED6000984610A807F092F9814D13AC05E04C4505F102050ED014F801BFBBF1010FF6D14E
:20ED80006A782978FF2310A807F08AF94C4505F10205F0D1069BDDE9091210A807F080F9A3
:20EDA000089B002B02DB049B0F2B08D9059B98680023009310301A4610A907F069FA0023C2
:20EDC0001C460DF1300B04E00134192C2BD016F814309F42F8D106EB44035B784345F3D1EC
:20EDE0000AEB4A0321A901EB830513AB5846195D01294FF00002E7D0059B196802F0F2F9A1
:20EE00009BE8070013AB85E80700049D4FF001021A55013501340AF1010AEBB2192C5FFA38
:20EE20008AFA0493D3D1642001F06CFEBAF1180F47D8079B9DF84CB043F68C4293427FF4C1
:20EE400052AF059CA068F9F7A5F9A0684B4900F13C041AA807F096FC78221AA9204604F0AB
:20EE600053F81AA807F05AFC43F68C4343F62842CDE907230023049347E7002309931F46A1
:20EE800010F52A7FFFF66AAF10F1C80F0CDBB0F52A7F62DCC82875DD03230A93984660E741
:20EEA000012309931F46EBE701230A93984658E7059B9868079B08933C3003F043FF079464
:20EEC00023E7524621A91AA8DDF814B0FFF7AEFE1DAB0FCBDBF800408DE80F001AAB204665
:20EEE0000ECB02F063F9DBF80C0020B11AAA1C23234904F0C7FADBF80800F9F74BF9DBF835
:20EF0000083011A912A803F13C0407F08FF8002340F2DC52CDE9003212A91A46204603F0B4
:20EF200061FF12A807F074F84FF47A7001F0EAFDDBF80800F9F72EF9DBF808000B99036873
:20EF40005B6A984711A807F063F810A807F060F86DB0BDE8F04F02B0704704230A939846EF
:20EF6000FFE6042309931F468AE700BF806F0400EC6F0400D18AFFFF1F85EB51C86F04008E
:20EF8000E06F040002230A939846EAE6022309931F4675E72DE9F04F83B0DDE90C9ABDF883
:20EFA0003880002B3BD0B9F1000F35D00F2902D1B8F1C00F33D1074628201D460E469346F9
:20EFC00015F0CDFE0446103006F0E8FF18202680A4F802B015F0C3FECDE9009A06466B46BB
:20EFE000024603CB46F80C5B00233D68D36048F002087360E360506091600E495161C4E9AC
:20F000000833A4F80480A2606B6838462146984740B903B0BDE8F08F1AF0010FC6D16FF418
:20F020007A70F6E7204601F0A3FC204615F090FE0148EEE705E8020016FCFFFFF0B58DB01B
:20F0400004461298C4E90012C4E902301C4904F0DFF9E8B10646074656F8100FD4F800E0A2
:20F060007168B268F3680DF1140C65460FC530697169B26907C50CAB13E90F008DE80F0005
:20F0800070469CE80E0002F091F8384615F060FE0C4B1B6883B10C4A05920022069205AA68
:20F0A00092E80300C0228DE8030002921846032223460621FFF76EFF20460DB0F0BD00BFE0
:20F0C000E06F0400543B002055EC0200C38843F48043C380704700BF82B0C0F30761C0F3ED
:20F0E0000742C0F307238DF807008DF804108DF805208DF80630019802B0704782B0C0F379
:20F1000007238DF807008DF80630BDF8060002B0704700BF29DF704728DF7047022802D121
:20F12000014B01221A7070476B430020704700BF70B50C46F6F7C0FD98B1164D00232B7050
:20F140004FF0805602E00A2003F0FCFB3069B4FBF0F0FFF7E1FF0028F5D12B78002BFCD01E
:20F1600070BD0D4A0223C2F80435D2F80034002BFBD00949C2F80845D1F80034002BFBD0B3
:20F180000023054AC1F80435D2F80034002BFBD070BD00BF6B43002000E00140F8B50D463C
:20F1A00014461E46F6F788FD88B11A4F00233B7002E00A2003F0C6FB324621462846FFF7AC
:20F1C000A9FF0028F5D13B78002BFCD0F8BD124A0123C2F80435D2F80034002BFBD0002EA5
:20F1E0000EDD211F0C4A01EB8606281F51F8043F40F8043FD2F80034002BFBD0B142F5D11B
:20F20000054A0023C2F80435D2F80034002BFBD0F8BD00BF6B43002000E00140F0B50B463C
:20F2200087B09A68496804461868DB6802AD0FC59DF80860032E3CD84FF08053BDF80A2021
:20F240001D699DF80930039F022B05FB02F51FD006AB13E903006A4682E80300731EDBB2BA
:20F2600003EB830C4FEA8C0C03CA0CF1100E03EB830304EB830304EB0E0C2F4444F80E00A9
:20F28000CCF8041000201E719D60DF6007B0F0BD0498002102E00131642902D0435C002B4D
:20F2A000F9D100220BF03AFB0023CDE900036A46D4E76FF47A70E9E72DE9F04F604A614C22
:20F2C000614B4FF0805122440C69D21A85B0B2FBF4F304FB13230192002B00F0AD800C695D
:20F2E0001444E41A40F6F8734FF080511A680F6901320ABF4FF010231E685E694FF0805340
:20F300001B69A6EB8306A6427DD98046DFF848A1DFF848B108E054F8103C5B4576D027F03E
:20F3200003031C44A6426ED9CDF80CA0039B2268DB439A42EFD16368444A9342EBD1A368F0
:20F34000434A9342E7D102F14E42E368A2F5A512A2F64F229342DED198F80020032A1CD021
:20F3600002EB8201531C08EB8101DBB200264FF4E035032B8E60CD6088F800300E715DD089
:20F3800003EB830108EB810102328D60D2B20120019DCD6088F80020087140F6F8714FF0FE
:20F3A000805308681F691D6901300ABF4FF01023086858694FF08053032A1E6911D002EBCB
:20F3C000820108EB8101A0EB8600019BB3FBF5F3013205FB037302268B60C86088F800206E
:20F3E0000E712246234652F8101F5268C8F82820C8F8241053F8182F5B68C8F83C30C8F84D
:20F400003820C8F8304005B0BDE8F08F54F8043C104A934283D114F8083C002B3FF47FAFA0
:20F42000A4F12005A5EB031929464046103DFFF7F5FE4D45F8D172E7019C53E71A46ACE7BD
:20F44000B8230020F887040040200020C615A841C49866C99DD7B1C18F71C46DFE307F5942
:20F460000346002210B503F8102B044600F14C0103F80C2C1A605A6043E9022214338B42D3
:20F48000F6D12046FFF718FF204610BD10B5044B036000230446C38000F008FC204610BDB1
:20F4A0005470040010B5064B036000230446C38000F0FCFB204615F04BFC204610BD00BFD0
:20F4C00054700400F0B51B4F85B0054600F118062C6974B1E278012A0DD0022A05F1200068
:20F4E00021D100F0FFF92B69A3420AD01C46002CF0D105B0F0BD304600F0CAF92B69A3428C
:20F50000F4D10222C7F88020BFF34F8FBFF36F8F2969EB7A496A2961013BEB7220463A6096
:20F5200015F016FCD4E701230A21684606F016FDD9E700BF00E100E070B5114B03600025AA
:20F54000044645600E4600F041FB20460D4B40F8183B214600F098F9214604F1200000F09F
:20F56000BDF9094BA57207210622E57221726272A680E580C4E9035565611C60204670BDF7
:20F580005470040030700400183A002038B543694BB3C27A032A23D8C288D2074CBFC2683A
:20F5A000124A9A6204462C2015F0D9FB2C220021054615F02FFC636900225A6222690AB9A2
:20F5C0000BE01A46536A002BFBD163695362E37A65610133E372002038BD63692361F6E7BD
:20F5E0006FF47B7038BD6FF47A7038BD16FCFFFF38B5194BD3F8002122B100210122C3F867
:20F6000000119A60144BD3F80C217AB1134C0021C3F80C112068D3F80054C288012D02F0F4
:20F62000010204D09AB90C4B01229A6038BDD3F848350AB15B42C360FFF7A8FF2268064BFC
:20F640005269C3F80425044B01229A60EEE7024BC16001229A60E9E700100040183A0020AD
:20F66000F8B5C388DB0701D50020F8BD0446F6F723FB00286DD16569002D61D04FF080431C
:20F6800000220121C3F800211A461960D2F80031002BFBD0637A304A304DD35CC5F80C357F
:20F6A000227AC5F808252E4B0022C5F81025C5F81C35A67AF6F700FB00283DD0274BDFF8A3
:20F6C000B0C0284F284D002001210826C3F82C050222C3F83015C3F81465C3F818C54FF63D
:20F6E000FF7CC3F83425C3F83CC5C3F838751827C3F854756769C3F80475C3F80463C5F8B1
:20F7000080212A60D3F8002242F01002C3F80022C3F800011A465960D2F80031002BFBD0EA
:20F72000E38843F4804343F0010300200121C2F80C019160E380F8BDA672C5F82465BDE719
:20F740002C2015F00CFB29462C2215F063FB606194E70648F8BD00BF20700400001000404F
:20F76000746962752110010000E100E016FCFFFF2000040210B50446F6F79EFAF8B9E388FC
:20F7800013F0010301D1184610BD0E4B0222C3F88020BFF34F8FBFF36F8F0B4B0121C3F81A
:20F7A00010011A461961D2F81031002BFBD0E38823F4804323F00103E380002010BD034866
:20F7C00010BD00BF00E100E00010004016FCFFFF70B505460C46F6F76FFA002836D1EB88C2
:20F7E00044B113F001041FD1194A1068C0F3400070B970BD13F0040120D113F00200F8D032
:20F80000134A23F002030224EB801460084670BD43F002030221EB80C2F88010BFF34F8F53
:20F82000BFF36F8F204670BD06462846FFF7A2FFEB8843F004033046EB8070BD23F004035F
:20F84000EB802846FFF70CFF204670BD014870BD00E100E016FCFFFF0346006988B10949B7
:20F8600030B40224C1F88040BFF34F8FBFF36F8F1D69DA7A6D6A1D61013ADA720C6030BCB7
:20F880007047704700E100E00022C0E90012704710B5044684B00068FFF7DEFF002343625F
:20F8A0006268B2B1516A09B915E011464A6A0133002AFAD1032B08DC486201231A4609210B
:20F8C000684606F04BFB04B010BD15F041FA04B010BD6060F1E71146EEE700BF00224160B6
:20F8E0000270704738B504464068FFF7B5FF012305462370043006F05BFB002328462370B0
:20F90000BDE8384015F024BA10B50446006807F033F8204610BD00BFF8B522EAE275044602
:20F9200005F10C001F460E4600F098FF206007F04BF823681D72226857603EB120682A4689
:20F9400031460930BDE8F84015F040BAF8BD00BF10B5074C0023204619460122FFF7DCFFB3
:20F960002046044A0449BDE8104015F0F3B900BF1C3A00204020002009F9020010B500233F
:20F98000044607F0FDFE024B2360204610BD00BF1058040088B110B5044615F077FA013806
:20F9A0002044844207D22378027804F8012B00F801398442F7D3002010BD6FF47A70704754
:20F9C000F8B549B380EAE074C4EBE0744F1E0025DFF84CC000E01D468CFB0423E217C2EBB1
:20F9E000A30202EB8203C4EB43033033564207F8013F14466B1C002EEDD1002801EB0302DB
:20FA000003DA2D220235CA544A19002308461370FFF7C0FF3046F8BD6FF47A76FAE700BF3B
:20FA200067666666014B186000207047203A0020002821DD30B4124D124B2A68002A00F1A5
:20FA4000FF3408BF1A4621460020930983EAD273534083EA121383EA92035208534042EA37
:20FA6000C37202F00103490843EA4000EDD1A042E9D82A6030BC70476FF47A70704700BF4C
:20FA8000203A0020A10D0C000A4B036010B40A4C0023C380224602E001333C2B06D052F8F5
:20FAA000041B8842F8D1002244F823205DF8044B704700BF54700400243A00200048704794
:20FAC00016FCFFFF10B504460A4B0B4823600023E380024602E001333C2B06D052F8041B52
:20FAE0008C42F8D1002240F82320204615F030F9204610BD54700400243A0020013908B5CE
:20FB000003290AD8DFE801F00B0B02020368084ADB68934201D000219847002008BD03680F
:20FB2000034ADB689342F8D001219847F5E700BFA55F020070B584B004AC04E90F00BDF83C
:20FB40000230012B18D0022B14D1154C154E04F1F00501E0AC420DD054F8040F0028F9D0A3
:20FB6000C3885B04F6D503689B68B342F2D09847AC42F1D104B070BD094C0B4E04F1F005E3
:20FB800001E0A542F6D054F8040F0028F9D0C3889A04F6D503685B68B342F2D09847F0E738
:20FBA000203A002041560200A15F020010B5064C20884FF6E853984203D91520F1F7F4FC2E
:20FBC0002088431C238010BD6A2300202DE9F041314C82B02246002302E001333C2B05D02E
:20FBE00052F8041B0029F8D144F823002B4C237813F001030BD12A4D2A6842B10093102295
:20FC000001234FF47A60002102F0E0FD10B102B0BDE8F0812820D5F80080224E15F09FF889
:20FC2000C02300930122204B1021074600F06CFED8F800305B68B34222D1384600F098FE39
:20FC4000384615F085F828202F6815F088F8C02300930222144B0F21054600F055FE3B68E6
:20FC60005B68B34212D1284600F082FE284615F06FF8237843F00103237002B0BDE8F08104
:20FC80004046394698470028DDD0D6E73846294698470028EDD0E6E7243A00206C43002023
:20FCA000543B0020BDFA020035FB020010B4084C0023224602E001333C2B06D052F8041B4B
:20FCC0008142F8D1002244F823205DF8044B7047243A0020062816D8F8B50123834013F06B
:20FCE000580F0E4605460FD0104CA4F1F00754F8043D32462946184613B11B681B699847BB
:20FD0000BC42F4D1F8BD704713F0270FFAD0084C04F1F00754F8043F32462946184613B1D9
:20FD20001B681B699847A742F4D1F8BD143B0020203A0020084600F067BB00BF0048704773
:20FD400016FCFFFF10B5044609F088FFE3696BB1A2699A61A3690BB1E269DA610023C4E978
:20FD600006336361BDE8104009F06ABFD4E905321A60EFE738B50D46044609F06FFF2A68A8
:20FD800065610AB90AE01A469369002BFBD19461C4E90632BDE8384009F052BFC4E90622C7
:20FDA0002C60BDE8384009F04BBF00BF2DE9F04184B004AC04E90F00114B1C68DDE9020108
:20FDC0004FF47A72002314F0D3FDB4B1DFF8348006460F46E268A56900239F4208BF964271
:20FDE00008D3636920460BB1FFF7ACFF20464146FFF7C0FF2C46002DECD104B0BDE8F081D1
:20FE00001C3B0020243B00202DE9F04FDFF8E08093B0D8F8005004AC84E80F00002D32D0A3
:20FE20002F4BBDF810401A68BDF81260AAB12D4F4FF0000A40F2FE3540F2FF39D368D2F8A6
:20FE400018B0190CAC429BB288B21FD0002B33D09C4231D05A46002AF0D1A4F2FE33012BC6
:20FE600011D9D8F80050204B10273246214608A8009700F049FD2B681C4A9B6893422AD1AE
:20FE800008A800F075FD13B0BDE8F08F4B45DDD109B1B042DED1BAF1000FDBD1536923B1DA
:20FEA00010460392FFF74EFF039A10463946FFF761FF4FF0010ACDE709B1B042CAD153694B
:20FEC00023B110460392FFF73DFF039A10463946FFF750FFBEE7284608A99847D0E700BF61
:20FEE000343B0020243B002009FE02003DFD0200183B0020014B1868704700BF283B002077
:20FF000038B509F0ABFE164B1C68D4B1636913B12046FFF717FF09F093FE002323616362F0
:20FF2000256809F0E1FE0146284609F0E9FE09F095FE0C4B1A6822621C6009F081FE204684
:20FF400038BD282014F00BFF28220021044614F061FF09F0CDFE0023C4E90003A360DAE7E2
:20FF60002C3B0020283B002038B50A4B1C682369DB0707D5084D286830B1636A436200230C
:20FF800063620446204638BDFFF7BAFF28600028F8D0F2E7143B0020203B00202DE9F041C6
:20FFA000464D2A7812F0010482B002D002B0BDE8F081434E434F3060FFF7A2FF424B4349D6
:20FFC0001860FFF7D7FEFFF79BFF3860D0F8008009F08AFE011F404609F090FE3B683C4998
:20FFE000186809F089FE3768002F4ED0282014F0B6FEC0232246009340F2FF31354B364CD3
:020000040003F7
:20000000804600F081FC3B685B68A34244D1404600F0AEFC404614F09BFE2820D6F8008074
:2000200014F09DFEC023009300222A4B40F2FE31074600F069FCD8F800305B68A34237D161
:20004000384600F095FC384614F082FE00230F22002100934FF47A60012302F0B7FB28206A
:20006000376814F07CFEC023009301221B4B0F21064600F049FC3B685B68A34212D130460F
:2000800000F076FC304614F063FE2B7843F001032B7002B0BDE8F0813846414698470028DA
:2000A000BBD0B4E73846314698470028EDD0E6E74046394698470028C8D0C1E76D43002078
:2000C000183B0020303B0020143B0020243B00204506030009FE0200BDFA0200ADFD020078
:2000E000024B187800F00100704700BF6D430020F0B51F4F3B6883B0002B37D01D4B1B78D6
:20010000DB0733D50E460446FFF72EFF436944EA06420546C2600BB1FFF714FE2846164914
:20012000FFF728FEA4F2FE33012B16D928203F6814F015FEC0233246009321460F4B0546C1
:2001400000F0E2FB3B680E4A5B68934208D1284600F00EFC284614F0FBFD002003B0F0BD14
:200160003846294698470028F7D0F0E70548F5E7183B00206D430020343B002009FE0200E9
:20018000BDFA020016FCFFFF2DE9F04128B321B30546984617460E46FFF7B2FE0446E0B145
:2001A00032463B462946006809F0B4FD256809F09BFD011F284609F0A1FD0A4B0A49206852
:2001C000B8F1000F18BF194609F096FD20460749FFF7D0FD2046BDE8F08100242046BDE881
:2001E000F08100BF1D06030049050300243B0020074B1B7813F0010308D010B414460123D3
:200200000A4621465DF8044BFFF7BEBF184670476D430020024B1868B0FA80F04009704744
:20022000243B002030B50F4D2B789A0785B004D50D4B1B6873B105B030BD43F002040222AE
:2002400001230F2168462C7005F088FE064B1B68002BF0D12B7823F002032B70F5F790FEF5
:2002600005B030BD6D430020243B00202DE9F0415A4D2C682369D90737D4594E594F3268AB
:20028000396812B36069B04200F089802A6091421CD0944252D08C4252D0534B62699A42CE
:2002A0004ED0206809F02EFD064609F02DFDD4E90131361ACB1A9E422F6860D82068BB6887
:2002C0003A68BDE8F04109F055BE29601B0745D52C60FFF7A7FF3368002BFAD09C422B60B4
:2002E0002CD039688B42D6D13BE0404E2068326843F0020323611369146843F004031361C0
:2003000009F006FD0146204609F0FAFC3768386809F0F8FC044609F0F7FCD7E90123241AC1
:200320009B1A9C4241D833689968186809F063FE2B681A690021920731600AD4BDE8F08146
:200340002A680021936812680846BDE8F04109F011BE1868BDE8F04109F087BE2B689C4284
:20036000ECD01E6809F0C0FC011F304609F0C6FC3B681F49186809F0BFFC39688BE72C6057
:2003800009F0C2FC6068203626F01F0618BB304600F064FA3118C4E901012F608EE7A069B1
:2003A000002818BF02462A6071E7D5F800802F6009F0AAFC7868203424F01F0440B92046CF
:2003C00000F04CFA0444C7E90104C5F80080AAE700F06AFAF3E700F067FAD8E7143B00206F
:2003E000243B0020303B00202C3B0020203B002045060300034B1B78DB0701D5FFF736BF1F
:20040000704700BF6D43002070B5104D2A78D20714D50446FFF7A8FD064602F0B7F9736901
:200420002044F06013B13046FFF78CFC30460849FFF7A0FC2B78DB0704D470BDBDE8704018
:2004400000F060BBBDE87040FFF710BF6D4300201C3B002000B583B0FFF74AFE18B9074BE7
:200460001B78DB0702D403B05DF804FB0190FFF7FDFE019803B05DF804FB00BF6D43002079
:2004800038B5284D2868436913B1FFF75BFC2868254C2146FFF76EFC24684CB1A36900222E
:2004A00023B11C460132A369002BFAD1032A22DC2B6800221A611C6809F016FC014620463A
:2004C00009F01EFC09F0CAFB184B29681A688A4225D04AB1136A99421DD02BB11A6A9142A1
:2004E0001AD01346002BF9D109F0AAFB104B1B78DB070CD438BDE2692068936100F0D4F9FD
:20050000606800F0D1F9204600F0CEF9D0E7BDE83840FFF7ABBE13460A6A1A62E4E7126A79
:200520001A60E1E7143B00202C3B0020283B00206D430020034B1B78DB0701D5FFF7A0BF42
:20054000704700BF6D43002010B50C468047A047044B1B78DB0700D410BDBDE81040FFF740
:200560008FBF00BF6D430020034B1B78DB0700D47047FFF785BF00BF6D430020002842D04D
:200580002DE9F041DFF8908098F80030DC0782B032D51E4F3B680A4619694907054601D102
:2005A0005C6A44B1284601231949FFF7EDFD002002B0BDE8F0811868019209F03EFD3968DC
:2005C000019A0B6913F0020618D143F0010310460B61A8473B6818695E6220F0010210F039
:2005E00004001A61E4D098F8000010F00100DFD0FFF746FF3046DBE70648D9E723F00303EE
:200600000B612046D4E76FF47A707047143B00206905030016FCFFFF6D43002038B5034653
:20062000144610460D4698472046A847044B1B78DB0700D438BDBDE83840FFF721BF00BF44
:200640006D43002008B5044CFFF7ECFD2378DB07FAD5FFF70BFEF7E76D430020024B187808
:20066000C0F38000704700BF6D430020054A137818B923F004031370704743F00403137045
:20068000704700BF6D43002010B40024C460C0E9001102725DF8044B704700BFF8B5194DAD
:2006A0002B78DA0700D4F8BD044609F0D7FA2668013E266009F0C4FA002EF4DAFFF754FCCD
:2006C000436907460BB1FFF73DFB04F10C013846FFF750FB09F0C2FA23689E4208DD7B698D
:2006E00013B13846FFF72EFB38460749FFF742FB09F0A6FA2B78DB07D5D5BDE8F840FFF7FD
:20070000B5BD00BF6D430020243B0020036810B5C4680133036054B1636913B12046FFF775
:2007200011FB20460249BDE81040FFF723BB10BD243B0020C36810B504462BB12046FFF775
:20074000E5FFE368002BF9D1237A0BB96368236010BD00BF00680028B4BF404200207047DE
:20076000F8B50C4C05460E46277809F077FA0A4A731B02EBC7019B0843F0004342F837505B
:200780004E602B6023780133237009F059FA0020F8BD00BF6F430020383B0020064B1B7895
:2007A000834207D9054B03EBC00253F830305068C01A7047002070476F430020383B002064
:2007C000F8B583074FEA90063BD188B10D4609F045FAD5E90045771CA54206D92368002B31
:2007E00007DB04EB8304A542F8D809F029FA0020F8BD23F00043990054F82320002A04EB62
:2008000001000DDB0EE022F00042134443F00042226054F823209900002A04EB010001DA42
:200820008542F0D89F4201D90C44D5E702369E4209D3236823F00043236009F001FA201DD9
:20084000F8BD0136C2E704EB8606B542F1D9DB1B43F0004346F8043C2760EEE738B504464A
:2008600040B10C4D2B783BB120460B49FFF7A8FF044658B1204638BD0849094A0868094934
:200880001370FFF76DFF01232B70EDE71420F0F78BFEEFE76E430020383B002018210020A9
:2008A0006F43002000F80120A0B10E4B1A6882420DD25B6883420AD950F8043C002B10B59B
:2008C000044608DD43F0004344F8043C10BD1E20F0F76ABE70471E20F0F766FE54F8043C11
:2008E000F0E700BF383B002038B501FB00F52846FFF7B4FF044628B101232A46036000219F
:2009000014F088FA204638BD2DE9F04104461030884617461E46BDF8185005F03FFB00202A
:20092000E060C4E90800A4F800806780A660A5802046BDE8F08100BF2DE9F843BDF82450DF
:20094000089E04461030894690461F4645F0010505F024FB0020C4E90800A4F80090A580E8
:20096000A4F80280C4E902762046BDE8F88300BF83889B0710B5044602D5806814F0E8F98F
:20098000204610BD82B070B586B00AA981E80C00036A4BB31C696CB1012200E01C46236971
:2009A0000132002BFAD1092A05DD06B0BDE8704002B070471C460AAB0FCB02AD85E80F0069
:2009C000182014F0CCF906AB064613E9030095E80C008DE80300304605F006FB266106B070
:2009E000BDE8704002B0704704460FC902AD85E80F00182014F0B3F906AB064613E9030008
:200A000095E80C008DE80300304605F0EDFA266206B0BDE8704002B0704700BFD0E90023EC
:200A200003F10053013B10B402EBC304A24210D852F8333099420CD8A21A22F00702234643
:200A4000A21A03E053F8080D814202D893421C46F8D160685DF8044B704700BFD0E900233C
:200A600003F10050013802EBC0039A4252F8300016D8814215D89A1A22F0070210B49A1A0E
:200A800003E053F8080D814206D893421C46F8D118685DF8044B704720685DF8044B7047B4
:200AA00070477047D0E9002303F10050013802EBC0039A4252F830001FD881421DD89A1A06
:200AC00022F007029A1A9342184615D010B453F8084DA14206D8934218460BD053F8084D5C
:200AE000A142F8D900685DF8044B081AB0FA80F0400970471868F6E71868081AB0FA80F0E1
:200B00004009704701F01EBF01F0ECBEFEF78ABFFEF78EBF38B50446074B03600025456036
:200B2000FFF754F8E388054A258143F480532260E380204638BD00BF547004007870040056
:200B400010B5044B036000230446C380FFF7AEF8204610BD5470040000897047807A7047E6
:200B600038B5036881720446DB6A98472368074A9B6A9342054603D1A07AA072284638BD58
:200B800020469847A072284638BD00BF5D0B030038B5036801810446DB6A98472368074A4D
:200BA0001B6A9342054603D120892081284638BD204698472081284638BD00BF590B0300A0
:200BC000F8B504460025154B036045600E461746FEF7FCFF94F8363066624FF00112C4E937
:200BE0000E22022103F0F90365F3C3030C4E2563142084F84050A1722081E560C4E9045574
:200C0000C4E906552562A780E580A586A4F8425084F8363026602046F8BD00BF5470040056
:200C2000A0700400C16811F5C87FF0B480F2848090F8363013F0020340F08680046914F56E
:200C4000C87F66DA90F8362012F0040269D1456915F5C87F31DA90F8362012F0080234D0F5
:200C6000B2FA82F390F8366090F840205B0963F3C30680F83660032A08D80132D2B2012ACD
:200C800080F8402000F08B80042A77D0B0F8423090F8366001339BB216F00107A0F842303B
:200CA00062D01D2B17D900236FF3000680F83660A0F8423080F840300DE0B5F5C87F04DD80
:200CC00090F8362012F00802CAD090F84020002BD1D1002ADAD104FB04F301FB0133334A63
:200CE00005FB053393423CD911F5487F51DBB1F5487F51DC14F5487F54DBB4F5487F3BDCB9
:200D000015F5487F50DBB5F5487FD4BF0020062028E0B4F5C87F9ADD90F8362012F0040238
:200D200095D1B2FA82F390F836205B0963F3820280F8362001238AE7B1F5C87F0FDD90F84C
:200D4000363013F002030AD190F83620B3FA83F35B0963F3410280F8362001236EE70023E2
:200D60006CE70720F0BC7047092BB4D9013A80F84020A0F84270AEE70120F3E790F83630FA
:200D8000002243F0010380F83630A0F842200B20E8E70320F0BC70470420F0BC7047A0F883
:200DA000422098E70220DDE70520DBE7FF700200D0E9033230B502FB02F2456903FB03237E
:200DC00005FB0535B5F5800F85B0044616D9038F002B4DD0B5F5100F25D8012384F8313091
:200DE0002046FFF71FFF0B2814D0A38E834231D00023A08684F8303005B030BD90F83130BB
:200E0000042B56D90023C0E90E332046FFF70AFF0B28EAD16086024601230D21684605F0F1
:200E20009DF805B030BD638F002B39D0B5F1107FD3D9A38F5BB3B5F1806FCED9E38F002B5B
:200E4000CBD101230A220D21684605F087F80123E387C2E794F83030628E042B14D80133F4
:200E6000DBB2904284F83030C6D0052BD2D0C3E701230C220D21684605F070F80123B5F5CC
:200E8000100F2387A9D9CEE79042C3D1B4E7012309220D21684605F061F80123A387CAE7D9
:200EA000012308220D21684605F058F801236387BCE70133DBB291E730B5D0E908218BB0D7
:200EC00002AD009200F1180304460CCB284605F013F895E80700E38804F10C0523F0020329
:200EE00085E80700E3802046FFF762FF0123A1881A4606A805F032F800200BB030BD00BF5D
:200F000010B5036804461B6B9847E06810BD00BF10B5036804461B6B9847206910BD00BF2A
:200F200010B5036804461B6B9847606910BD00BF036810B504461B6B9847E3889B0702D4BB
:200F40002046EBF76DFDA06A10BD00BF08B5FFF7EFFFDFED077ADFED076A07EE100A67EEBA
:200F6000277A87EEA67AFDEEC77A17EE900A08BD0000B443DB0FC940036810B504461B6BC1
:200F80009847E3889B0702D42046EBF749FDE06A10BD00BF08B5FFF7EFFFDFED077ADFED71
:200FA000076A07EE100A67EE277A87EEA67AFDEEC77A17EE900A08BD0000B443DB0FC940AC
:200FC000408E704710B5044B036000230446C380FEF76CFE204610BD5470040000897047CB
:200FE000F0B50446416BA26BE36B2769656900F13406C068D71B5D1BD4E90723081AA169CD
:2010000002FB07F201FB00F1881292128BB0C4E90D0203FB05F39B12216CE36302AD009300
:2010200096E80C00284604F067FF95E80700012304F1280585E80700A1881A4606A804F0F5
:201040008DFF00200BB0F0BD38B5036801810446DB6998472368074A5B6A9342054603D1A0
:2010600020892081284638BD204698472081284638BD00BFDD0F03002DE9F041124B0360C5
:2010800000250446456088461746104EFEF79EFD4FF4806314204FF480512081C4F8408098
:2010A000C4E903556561C4E90955C4E90B55C4E90D55E5636564A7802660E180C4E9063339
:2010C00023622046BDE8F08154700400E07004002DE9F843036804469B6A9847A06A13F0FC
:2010E00095F88046E06A894613F090F80646206B0F4613F08BF8424604460D464B4640460B
:20110000494613F0EDF83246804689463B463046394613F0E5F802460B464046494612F045
:2011200029FF224606460F462B462046294613F0D7F802460B463046394612F01BFF10F0BC
:2011400005FD13F07DFBBDE8F88300BF30B5C58815F0040585B023D1036804469B6A984731
:20116000E388E56023F002034FF4806243F00403E380C4E9062222620123C4E9045565629B
:201180000322A188684604F0E9FEE388054813F0020F23F00403E38018BF002005B030BD96
:2011A0000148FBE714FCFFFF15FCFFFF84B070B404AC84E80E0006460FCC06F10C050FC562
:2011C00094E80700F38843F0020385E80700F38070BC04B0704700BFC08800F002007047AB
:2011E0004164704770B50B6882B005460C4608469B6A16469847D4E90F310196009334340F
:20120000284694E80C0004F02DFE284602B070BD10B5036804469B6A9847A06A10BD00BF78
:2012200010B5036804469B6A9847E06A10BD00BF10B5036804469B6A9847206B10BD00BF05
:2012400070B52DED068B044684B0406CFFF794FE0646606CFFF76CFE21460222054601A815
:20126000FFF7C0FFDDED027AB8EEE78ADDED037A3046B8EEE79A10F0EFF80AEE100A304609
:2012800010F09EF809EE900A284610F0E5F808EE900A284610F094F868EE287A9DED017A55
:2012A00006EE900AB8EEC77A67EE8A7A29EEC88AE7EE267A69EE288AA9EE0A8AE8EEA97A55
:2012C00018EE101A17EE900A10F09EFC9FED0E7A9FED0E6ADFED0E7A06EE900A66EE875A76
:2012E000C5EE866A77EEE67AF5EEC07AF1EE10FA48BF77EE877AFDEEE77A17EE900A04B074
:20130000BDEC068B70BD00BF0000B443DB0FC9400000B44200B585B00146012201A8FFF7D4
:2013200061FFDDED027AF8EEE77A17EE901ADDED017AF8EEE77A17EE900A10F065FCDFEDB9
:201340000D7ADFED0D6A07EE100A67EE277A87EEA67AB5EEC07AF1EE10FA44BFDFED077A13
:2013600037EE277AFDEEC77A17EE900A05B05DF804FB00BF00003443DB0F49400000B44333
:20138000C288510711D4930710B504460AD5636C20461BB1BDE81040FFF752BFBDE810404C
:2013A000FFF7B8BFFFF7D2FEF1E70148704700BF15FCFFFF10B5044B036000230446C3802D
:2013C000FEF774FC204610BD547004000089704740897047FF299ABF017300206FF47A708B
:2013E000704700BF007B7047704700BF10B50A894C8982B00023CDE9002410311A46044688
:2014000005F052F8204602B010BD00BF10B5074B044640F8103B04F0FBFD054B2360002323
:201420002046E380FEF742FC204610BD1871040054700400094B10B5044640F8103B04F04E
:20144000E7FD074B23600023E3802046FEF72EFC204613F07DFC204610BD00BF1871040067
:2014600054700400F8B50C4D05600025044645600E4615461F46FEF7A9FB2046074B40F888
:20148000103B2AB231B204F095FEFF222273A780268165812046F8BD5470040018710400E1
:2014A0006FF47D70704700BF6FF47D70704700BF6FF47D70704700BF6FF47D70704700BF14
:2014C00010B584B004AB046803F8012D00220092246A1A460123A04704B010BD10B584B0A8
:2014E00004688DF80C20002200928DF80D30246A022303AAA04704B010BD00BF10B50123E9
:2015000084B00468CDE900330DF10F03E46AA04708B99DF80F0004B010BD00BFF0B585B07E
:2015200004469DF82C508DF80F201F4602680E4685B101230093156A0DF10F02A84738B91E
:20154000236800909D6A0A9B3A4631462046A84705B0F0BDD3699DF80F209847EFE700BFA2
:201560002DE9F84F9DF82870002A3CD0002B3ADD88460168DFF874901E468B684B458246A8
:20158000144628D10D69DFF868B05D451BD1264405E00134A6420AD0DAF800301D695D4595
:2015A000F7D0217850460134A847A642F4D117B10020BDE8F88FDAF80030DB684B450ED19C
:2015C0003846BDE8F88F5FFA88F15046A847DAF800301D69DBE79847DAF80010D2E75046B0
:2015E00098473846E5E76FF47A70E2E7B1140300B91403002DE9F04F83B09DF83090002A0D
:201600005AD0002B984657DD05689246AB682C4A934206463DD12B692A4FBB4241D1B8F1A1
:20162000010F1BD0A8F102080AEB080B0AF1FF3405E00B2004F8010FA3450BD035686D6984
:20164000BD42F6D000213046A847C0B204F8010FA345F3D108F101083568C2446B69BB429F
:2016600012D10B208AF80000B9F1000F03D0002003B0BDE8F08F3368114ADB68934217D161
:20168000484603B0BDE8F08F012130469847C0B2E8E70191984735680A4F2B690199BB429B
:2016A000BDD041F00101C9B2304698473568B6E7304698474846DBE76FF47A70D8E700BFF0
:2016C000B1140300B9140300024A02600022027142717047587104006FF47D70704700BF32
:2016E000407970474171704719B30B68934214D070B50E461446054623B11A680E49126ECE
:201700008A420CD134B123680C4ADB6D93420BD100232B713460002070BD0020704718468C
:201720009047002CEFD1F5E72946002220469847F0E76FF47A7070472592020021920200EB
:201740000EB42DE9F04787B00FAB054653F8046B0093317849B125290CD02B6801369B6956
:201760002846984731780029F5D107B0BDE8F04703B07047009B7178D3F80090632903F128
:201780000403009306F102067ED015D9732969D0782964D0642941D02B683F219B692846C7
:2017A00098472B683F219B69284698472B683F219B6928469847CCE725294BD05829EBD169
:2017C0004FF000081C2708244FF0000A10E0B8F1000F3CD003F157012B6828469B69984726
:2017E0004FF0010A013C14F0FF04A7F10407B0D029FA07F303F00F0303F13002392AD1B20A
:20180000E5DC302AE8D130212846BAF1000F01D1012CE7D12B689B699847E3E7002301A9B7
:201820004846CDE90133CDE903330593FEF7C8F89DF8041000298CD00DF105042B682846C1
:201840009B69984714F8011B0029F7D181E703F13701C1E72B6828469B69984779E74FF0CD
:201860000108AFE799F8001009F1010900293FF470AF2B6828469B69984799F8001009F12A
:2018800001090029F5D164E72B685FFA89F19B69284698475DE700BFC389DB0600D4704792
:2018A00010B5044684B0818901230422684604F055FBE38923F01003E38104B010BD00BF69
:2018C000A0F10800FFF7E8BFC3895B073DD52DE9F0418369B3F90270002F84B00E460546BF
:2018E00015DD00F11808002401E0A7420FD021B2404604F0EDFFB04204F10104F5D1012309
:201900001A46A989684604F029FBA742EFD1EB8C95F82410288D5A1C92FBF1F301FB1323C0
:201920009BB2984212D0EA8C296A92B28E54EA69EB84002A02DBEB8C9A4210D0EB8943F0CC
:201940001003EB8104B0BDE8F0817047A98901230322684604F002FB04B0BDE8F0814FF064
:20196000FF33EB6102220123A989684604F0F6FAE4E700BFC3891B0700D4704730B5838E64
:20198000C16A02689BB20446C95C926985B09047A58E94F83020618E6B1C93FBF2F502FBF8
:2019A0001535ADB2A94202D0A58605B030BD0123022240F2FF31684604F0D0FA2368012131
:2019C0009B6820469847EFE72DE9F047B2F1000A054629DD9946408E01F1FF38002608E0BA
:2019E000EB6A18F8012F1A540136B2456C8620461BD095F83070AA8E431C93FBF7F407FB34
:201A00001434A4B29442EBD12B6801215B6828469847B9F1020F1FD0B9F1010F0DD0B9F1E6
:201A2000000F02D0688EDBE700262B6828465B68012198473046BDE8F087688E06E095F827
:201A40003030AA8E03449B1A002BC9DDAB8E9842F5D3AB8EC31AF7E7494640F2FF30FEF76D
:201A6000F9FC688EBCE700BFC3895A0770B5044607D5036800219B689847206AFEF714FF21
:201A8000E38994F8240023F004039DB2E581FEF7E5FE206260B12368002645F004055B683E
:201AA000E581E6842685204631469847304670BD6FF47B7070BD00BF38B5C3891A0705466D
:201AC00007D5036801219B689847E86AFEF7ECFEEB8995F8300023F008039CB2EC81FEF78B
:201AE000BDFEE86230B1002044F00804EC816886A88638BD6FF47B7038BD00BF2DE9F047D3
:201B00000446244D244825600025A060257104F108006571E560894690461F469DF8206027
:201B2000BDF824A0FEF752F81C4B236003F13802A260C4F81090C4F8148004F1180004F026
:201B400087FE01374FF0FF330136E361E5844A4604F1100184F8247084F83060A4F80CA079
:201B60002562E56225856586A5862046FFF7BCFD424604F114012046FFF7B6FD084B1A684C
:201B800002B91C60E38943F48043E3812046BDE8F08700BF9471040054700400A07104001D
:201BA000403B00202DE9F041C789BC071DD4002A1DDDE1B1984647F00203C3813B0704469F
:201BC00015460E460BD543462A4631462046FFF7FBFEE38923F00203E381BDE8F081FFF7BD
:201BE0006BFF0028EFD0BDE8F0810248F5E76FF47A70F2E70DFCFFFF10B40C681346211D5C
:201C0000B4F902205DF8044BFFF7CCBF38B50B1E07DB1D460368DB680446984700B9A563DD
:201C200038BD6FF47A7038BDC38913F0030F60D143F0030370B50446C38115460E460A46F0
:201C400000F11001FFF750FD2A4604F114012046FFF74AFDA28E638E93423DD3A28E9B1A37
:201C60002268002B926804DD01212046904723689A680021204690472B681F4A5B6C9342F2
:201C800033D123682A4631461B6920469847236800215B6820469847A28E638E934221D268
:201CA00094F83020A18E13445B1A002B04DD236801215B6820469847A56B002D06DB2368E3
:201CC0002946DB682046984700B9A563E38923F00303E381002070BD94F83020A18E1344B4
:201CE0005B1ABDE7A28E9B1ADFE7022128469847C7E70248704700BFC19102000DFCFFFFE7
:201D0000012A20D0022A38B50AD0C38C90F82420194491FBF2F302FB1311C161002038BD74
:201D200005460C4680891146FEF7E2F9E98C95F82420214491FBF2F302FB1311E961FEF75A
:201D400059FB002038BD6FF47A707047012A0FD038B514460546183004F080FD022C01D0C2
:201D6000002038BDA8890121FEF774FB002038BD6FF47A70704700BF2DE9F04F87B0CE89DC
:201D800000AFF507C7E9013060D474078946154640F1D780B9F828A0B9F8263046F0010699
:201DA0009A45A9F80E6058D02B68D9F82010B3F902205646731C002A11F80680FB602ADD65
:201DC0004FF0000B4FF0FF340FFA8BF1284604F07FFD2A68B2F902200BF1010B404508BF31
:201DE00034465A45F0DC99F82430F968B9F8268091FBF3F61FFA88F803FB1616B04500F044
:201E0000A880601C54D1D9F82010731C002A11F80680FB60D4DC99F82430F868B9F8268009
:201E200090FBF3F61FFA88F803FB1606B045C1D17B68012B00F094807B68022B13D0B9F83D
:201E40000E60B86826F00106A9F80E6004F000FDB8681C37BD46BDE8F08F7B68012B00F03E
:201E6000BA80022BEDD1294607F1140004F0E8FC07F1140102224846FFF768FF07F11400C2
:201E800004F04CFCB9F8264014F1FF3402D299F82440013C07F1140004F0DAFC07F11401CE
:201EA00009F1180004F0DAFC07F1140004F036FC002CB9F80E60C4DB99F824505445BABF13
:201EC000A5EB0A0BA344A4EB0A0B0BF1080323F00703E846ADEB030D002168460BF101020A
:201EE000A4B212F097FFA2456946D9F820000FD00DF1FF320AF1010C9CFBF5F305FB13C302
:201F000010F80AC002F801CF1FFA83FA5445F1D1B9F82830B86801335B4426F0010693FB8D
:201F2000F5F205FB1235A9F80E600FFA8BF2A9F8285004F06BFCC546B8681C37BD46BDE844
:201F4000F08F0846FFF790FD002837D1B9F80E6020E77B68012B29D1611CA9D1D9F82010DA
:201F6000B9F826309845FBD008F10103002A11F80860FB6027DD4FF0000B4FF0FF340FFAF6
:201F80008BF1284604F0A4FC2A68B2F902200BF1010BB04208BF44465A45F0DC99F82430C9
:201FA000F96891FBF3F803FB1818D5E77B68022B7FF47EAF631C7FF47BAF54E70146B868F1
:201FC00004F0CCFBB8E799F82430F86890FBF3F803FB1808C4E72B68D9F82010B3F90220C1
:201FE000D046BDE7C3895B0710B5044605D5E38C208DC01A18BF012010BDFFF735FD002885
:20200000F5D010BD38B50446F9B101290D4610D12046FFF7E7FF0028FAD0238D226A94F8F3
:202020002410D05C013393FBF1F201FB1233238538BD0229F1D1FFF7D5FF0028EDD12A46B0
:2020400001212046FFF75CFEE7E7FFF7CBFF0028E3D1014838BD00BF0CFCFFFF38B5C38902
:20206000DA0712D443F001025B0704460D46C28102D4FFF7F9FC38B929462046FFF7C2FFE3
:20208000E38923F00103E38138BD014838BD00BF0DFCFFFFB0F80EC01CF0010F2DE9F04187
:2020A0006AD198461CF0040F4CF00103064617460D46C3812BD0B8F1000F11D1002F59DD6E
:2020C000013D444604E00134A74205F8010F17D000213046FFF796FF10F57D7FF3D10FE06C
:2020E000B8F1010F1CD1002F44DD6C1EE51901213046FFF787FF04F8010FAC42F7D13C460A
:20210000F38923F00103F3812046BDE8F081FFF7ABFC04460028F7D1B8F1000FCED0DFE749
:20212000B8F1020F26D1F38C318D994285BF96F82430F28CF38C9B185B1A9F420DDDF38C41
:20214000994285BFF28C96F82430F38C9B18591A791A02223046FFF7D3FD002F0ADD6C1EC8
:20216000E51902213046FFF74DFF04F8010FAC42F7D1C4E70024C3E7004CC5E70DFCFFFF4C
:202180002DE9F0411446083222F0070200AFADEB020D0E469846621C00210546684612F027
:2021A00039FE4346224669463046FFF773FF002808DD02B26946284604F028FB2846BD4604
:2021C000BDE8F081284604F043FB2846BD46BDE8F08100BFC389DA0712D4FF2918BF0131BF
:2021E00010B543F00103044618BFC9B2C38180F82410FFF739FCE38923F00103E38110BD78
:20220000004870470DFCFFFFC3899A0712D4FF2918BF013110B543F00203044618BFC9B21B
:20222000C38180F83010FFF747FCE38923F00203E38110BD004870470DFCFFFF90F8240002
:20224000704700BF828E438E934237BF90F83020808E808E9B18181A704700BF0A4B10B5F3
:2022600003F108024033044602608360183004F055FA064BA360002304F10800E381FDF707
:2022800015FD204610BD00BF987104005470040008B5C06803681B6B9847002008BD00BF0C
:2022A00008B5C06803689B6A9847002008BD00BF2DE9D84704469246994607F0CFFCE66800
:2022C00094F8118034683046A36CE76B98474B465246002B08BF0A2A38BF0A220244414650
:2022E0003046B847BDE8D84707F0AABC70B5044607F0B4FCE06803689B6C9847D4E901518A
:20230000D4E908236060401B1518084443F10006B0F57A7FC4E90856A0600CD3D4E9062399
:202320000132A0F57A7043F10003B0F57A7FF7D2C4E90623A060BDE8704007F081BC00BF2F
:2023400010B50446FFF7D2FFD4E9060110BD00BF2DE9F84F1646426BBDF82880BDF82C9023
:202360009DF830A0002A10DDC46A1F46238A83B104F11803002102E033F8085C4DB101319B
:2023800091421C4603F11803F6D16FF47B70BDE8F88F0546FFF7AAFFD5E9082312EB060BD7
:2023A00043EB070CBAF1000F22D1002001460D9BA4F81080C4E90001C4E902BCA4F812909D
:2023C000636107F04BFC296B39B1D4E90223D1E902018B4208BF824205D22C6332463B4627
:2023E0002846FFF765FF07F02BFC0020BDE8F88F30463946DBE700BF2DE9F003456BC36A4F
:2024000000218D4201631EDD0A461C8A013254B139B1D3E90267D1E902894F4508BF464505
:2024200001D203631946AA4203F11803EDD151B1036A8A68D21A0A2AB8BF0A22D317BDE898
:20244000F003FFF735BFBDE8F00370472DE9F04F83468BB059B1C468067C236820469A6C48
:20246000DD6B9047394A314602442046A8475846FFF73CFFDBF83420DBF82C40002A49DD23
:202480000025AA461CE0D4E9006756EA0701628A46D1DBF830000021A042218247D00121DA
:2024A0000291CDE90089194606A803F067FDDBF834200AF1010A0135AA4204F1180426DD83
:2024C000238A002BF7D0D4E90201DBE90889894508BF8045CDE90401D5D26369DB07EAD51F
:2024E000FEF7BCF860B1DBE90801194ED4E9022336184FF000074F41BB4208BFB24219D344
:20250000DBF834200135AA4204F11804D8DCBAF1000FB1D15846FFF76FFF0BB0BDE8F08F90
:20252000DDE9040180197941C4E90201B7E7CBF83010B4E70123CDE900010293052240F2C8
:20254000FF3106A803F01AFDDAE700BF80969800A0860100074B1B6853B1197C084110F087
:202560000101184601D1FFF771BF0121FFF76EBF704700BF483B0020426BC36A02EB42029A
:2025800003EBC20293424FF0000025D2198AF9B15969C9071CD5D0B1F0B4D0E90245D3E9CD
:2025A0000267AF4208BFA64238BF184618339A420BD9198A0029F9D05969CC07F6D5002895
:2025C000EBD1184618339A42F3D8F0BC7047184618339A42DAD87047704700BF2DE9784852
:2025E00004460D4607F03AFBE06803689B6C9847636860600646D4E90801A268F31A10EBCA
:20260000030B134441F1000CB3F57A7FC4E908BCA3600CD3D4E906010130A3F57A7341F177
:202620000001B3F57A7FF7D2C4E90601A360E06803681B6B984707F003FB0023C5E9006337
:20264000D4E90801BDE878882DE9F84FDDE90A890446154607F002FB58EA090330D0D4E9B5
:20266000082312EB080043EB0901C4E908014FF47A7200234046494612F07AF9D4E9066736
:2026800016EB000A47EB010BC4E906AB404649464FF47A72002312F06BF9A3681A44B2F5B6
:2026A0007A7FA2600BD31AF1010AA2F57A724BF1000BB2F57A7FF6D2C4E906ABA2606560D4
:2026C0002046FFF713FED4E90889636BE56A03EB430305EBC30C18F10A0A4FF0000349F196
:2026E000000B6545236314D333E05B4508BF524501D2C5E902AB236B3BB1D3E90201D5E982
:2027000002238B4208BF824200D225631835AC451FD92B8A002BF9D0D5E9006756EA070196
:20272000D5E90223E1D012EB060843EB0709D94508BFD04502D3DEE78046894616EB08008A
:2027400047EB0901594508BF5045F5D3C5E90289D1E7E06803689B6C98470546E068094A0B
:202760000368217CDB6B2A449847236B33B1E068617C036805F10A02DB6B9847BDE8F84FA9
:2027800007F05EBA80969800704700BF064B10B51C682CB12046FFF7A9FDD4E9060110BDFC
:2027A0000020002110BD00BF483B0020064B10B51C682CB12046FFF799FDD4E9080110BDAD
:2027C0000020002110BD00BF483B002070B50A4C266884B076B11D4614460B4602460121AD
:2027E00008980390CDE9004530460291FFF7B0FD04B070BD0148FBE7483B002016FCFFFF40
:2028000070B50E4D2C68B4B12046FFF76FFD0C4B266A42F2107098472C682046FFF766FDAA
:20282000236A0849053B9B1B42F210720020B2FBF3F30B6070BD044870BD00BF483B0020E8
:20284000C1200020443B002016FCFFFFF8B50D46437416460A231E4A1E4901600446436368
:20286000C56006740121F0201460FEF73DF82B68194FDA69E062002100202163BA424FF069
:202880000001C4E90601C4E908011AD1134AEA603146134ADB6B28469847E06803685B6A5C
:2028A0009847E068036800229B6CA2609847E36860601A681846936A9847FFF7A1FF2046B9
:2028C000F8BD284605499047E5682B68E0E700BF483B0020FC7104009961020055250300BD
:2028E000809698002DE9F843124D2E6806B3124B04461868A8B93046FFF7F8FCD6E9086715
:2029000016EB040847F100092C682046FFF7EEFCD4E908234B4508BF4245F5D30020BDE83C
:20292000F88304FB00F0054B98470020BDE8F8830348F4E7483B0020443B0020C120002055
:2029400016FCFFFF4FF47A7303FB00F0FFF7CABF064B1B681BB101461846FFF73FBE002270
:202960000023C0E90023194610467047483B002070B5094C266882B05EB114461D4602460B
:202980000B463046CDE90045FFF75EFE002002B070BD0248FBE700BF483B002016FCFFFF86
:2029A000084B1B685BB110B504461846FFF7E4FD20B1D0E90223C4E90023012010BD184626
:2029C000704700BF483B0020C3880D4A23F4005310B504460260C3802C3003F019FB04F1C6
:2029E000240003F09BFE04F11C0003F097FE054B236000232046E380FDF758F9204610BD57
:202A00000C7204005470040010B50446FFF7DCFF204612F09DF9204610BD00BFF8B50025CA
:202A2000164B0360044645600F461646FDF7CEF8134B2360A76004F10C0003F0DFF904F1CF
:202A40001C0003F005FF04F1240003F001FF04F12C0003F0E5FA4FF4405384F8225084F824
:202A60003250A6802575E582258325842585258684F83350E3802046F8BD00BF5470040003
:202A80000C72040000B5012385B081881A46684603F064FA012368461A4640F2FE3103F0B8
:202AA0005DFA05B05DF804FB2DE9F843044680680121103003F0C8FC94F92230042B06DC2A
:202AC000E269B4F92010B2F902208A421ADCA06801335DB284F822500368DB699847013047
:202AE000854201D0BDE8F883E369002284F82220B3F90210B4F92030994236DD013323846E
:202B0000BDE8F88304F11C0003F0E2FE04F10C050146284603F084F9064660B3A06894F992
:202B200022700268C7F1040301279F40D3699847354600F1FF38A068FFB25FFA88F8053648
:202B40006FEA050915F8013B3B4204D1AE42F9D194F92230BCE709EB0502103012B2FF2316
:202B6000414603F09DFAA068F0E722752046BDE8F843FFF787BF2846202103F051F9064614
:202B8000CCE700BF38B50446436AB4F92810B3F9023080688B4200F110050FDC2021002312
:202BA0001A46284603F00AFC626AB4F92830B2F902209A4208DB0133238538BD04F1240007
:202BC00003F086FE0146EAE7002323752046BDE83840FFF757BF00BF10B50446806882B034
:202BE000103003F053FAA068B4F930200023103004F12C01009303F04BFB50B994F8333007
:202C00003BB100232046237502B0BDE81040FFF739BF94F93230002BF3D0218E01220B4414
:202C2000238684F8332002B010BD00BF30B504468068B4F93050036883B0DB699847E36A8C
:202C400094F932105B88CB1A184485420DDC94F8333053B1237D062B2ED0002320462375EE
:202C600003B0BDE83040FFF70DBFB4F93020A068002A00F1100010DC0023009304F12C01D6
:202C800003F006FB94F932307BB1218E01220B44238684F8332003B030BD494203F0D4FB9F
:202CA000A068B4F930201030E6E723752046FFF7E9FE94F93230E8E7A068103003F0E6F94F
:202CC000CBE700BF037D0022022B10B5044602831CD0237D032B1ED0237D042B21D0237D18
:202CE000052B06D0237D062B03D0237D072B06D010BD2046FFF79AFF237D072BF8D1002302
:202D000023752046BDE81040FFF7BCBEFFF7CCFE237D032BE0D12046FFF734FF237D042BB3
:202D2000DDD12046FFF758FFD9E700BF037D33B1038BC18A04339BB29942038300D9704701
:202D4000FFF7C0BF10B5037D84B0044673B1012300220275A1881A46684603F0FFF8012315
:202D600068461A4640F2FF3103F0F8F8A068103003F08CF904B010BD10B501210446072067
:202D8000FDF768FB064B984205D010BD237D012BFBD006F06BFF237D002BF7D110BD00BFF9
:202DA00016FCFFFF38B5151E16DB037D13B1037D012B0FD104468068002310301A4603F03A
:202DC000FDFA2DB100200723E5822083237538BD284638BD024838BD6FF47A7038BD00BF9A
:202DE00012FCFFFF70B582B0079D002D1BDB047D14B1047D012C14D1069E04468068F6B252
:202E00001BB212B21030009603F042FA35B100200723E5822083237502B070BD284602B04B
:202E200070BD0248F8E76FF47A70F5E712FCFFFFF8B5151E21DB037D0F4604463BB909E02F
:202E4000012140F2FF30FDF705FB237D13B1237D012BF5D1237D03F0FF0663B939462A4662
:202E60002046FFF79FFF25B12046FFF785FF3046F8BD2846F8BD0248F8BD6FF47A70F8BD53
:202E800011FCFFFF2DE9F04385B00D9E002E36DB9846037D17468946044673B1037D012B1B
:202EA00003D10AE0257D012D07D0012140F2FF30FDF7D0FA257D002DF4D1237D03F0FF0541
:202EC000DBB9494603A803F0B1F80C9B0093019643463A4603A92046FFF784FF03A803F085
:202EE00097F836B12046FFF747FF284605B0BDE8F083304605B0BDE8F0830248F6E76FF4B2
:202F00007A70F3E711FCFFFF70B5161E14DD037D13B1037D012B0DD10025044680F8225071
:202F200005841C3003F09AFC022325832846E682237570BD024870BD6FF47A7070BD00BF1B
:202F400012FCFFFFF0B5161E83B026DD037D0F4604463BB909E0012140F2FF30FDF77AFA6F
:202F6000237D13B1237D012BF5D1237D03F0FF058BB9394601A803F063FC324601A920467E
:202F8000FFF7C2FF01A803F0C9FB2046FFF7F4FE284603B0F0BD0248FBE76FF47A70F8E7A6
:202FA00011FCFFFFF0B583B0171E089E2FDD047DFCB916F1FF0F0446C3F100051ED036B223
:202FC00084F83250268604F12C0003F04FF8099B002D18BF3D46002B07F1FF320CBF05237A
:202FE00006230020E5822283237584F8330003B0F0BD047D012CDCD00648F8E780680191D4
:203000000368DB699847461936B20199D8E76FF47A70ECE712FCFFFF2DE9F041161E84B0A7
:2030200031DD1F46037D8846044673B1037D012B03D10AE0207D012807D0012140F2FF30D7
:20304000FDF708FA207D0028F4D1237D03F0FF05BBB9414603A802F0E9FF0B9B01930A9BFA
:20306000009332463B4603A92046FFF79BFF03A802F0CEFF2046FFF77FFE284604B0BDE818
:20308000F0810248FAE76FF47A70F7E711FCFFFF10B5054B03F10802383304460260C36011
:2030A000FDF74EFD204610BD2872040010B5074B03F10802383304460260C360FDF740FD80
:2030C000204611F045FE204610BD00BF28720400C28838B5047C22F400520025C280CD6003
:2030E00014B103689B699847002038BDA0F10C00FFF7EEBFC388DB0400D470472DE9304825
:20310000036888B05B6A04469847227EE38878B10B2A04D80132D2B2082A22760ED9D90791
:203120001ED503F00305012D2CD008B0BDE8308832B1013AD2B2082A2276F0D8012AF0D83B
:20314000DA07EED523F00303E38002220123A188684602F003FF657E012D2CD0E388E0E7FD
:2031600043F001020123E280A1881A4604A802F0F5FE238901332381FFF708FB227EE388F1
:203180006061DBE7FFF702FB6369B0EB030B61F1000C002340F2DB52634508BF5A45C4D2C0
:2031A000E288A18842F00202E2802B46052204A802F0D4FEB9E7FFF7E9FA6369B0EB030BEE
:2031C00061F1000CBCF1000F08BFBBF57A7F2B462CBF04220322A18804A802F0BFFEBDE796
:2031E00010B5044684B0E9B9C269D288930502D4002004B010BD03685B6A98470028F7D058
:20320000E288A188012342F001020320E28020761A46684602F0A2FE01232381FFF7B6FA99
:203220006061E5E7C288002122F00302C28001810176002004B010BDC16938B5CB6800F168
:203240000C05AB421CD0044623B11A68184612689047E169A27ECB88CD60012A0CBF43F41E
:20326000807323F48073CB800B680A4A5B6C93420AD1E08840F40050E08000F0010038BD96
:20328000C08800F0010038BD084694F820109847EFE700BFC191020070B5054600F10C06BB
:2032A00030460121FEF71EFAE8690A4A03685B6893420CD16FF47D73AC7EE41AB4FA84F443
:2032C000304664090021FEF70DFA204670BD98470346F1E7FD9002002DE9F84304460D46DE
:2032E00090461F469DF820609DF82490FDF712FC0B48E561002100F108053830E06084F857
:203300002090A4F804806776A676256021746174616121762046FFF78FFF2046BDE8F8832C
:20332000287204004176704710B50446806830B14FF480720021BDE8104011F06BBD4FF4F2
:203340008070FDF78BFA4FF48072A0600021BDE8104011F05FBD00BFF0B5044640682268BC
:20336000036885B000256E461F690095022301953146B847104B009A9A4219D02046CDE9B0
:203380000035FFF7D1FF96E8030002AB83E8030003CBA36818605960D4E9001003689B6950
:2033A0009847D4E90102036821685C694023A047019805B0F0BD00BFA10D0C00F8B5002327
:2033C000161E836004460D4641600B680FDB08461B6898472B6807469B682846984706FB5A
:2033E000007020602046FFF7B7FF2046F8BD08465B6898472B6807469B682846984706FB8F
:20340000107020602046FFF7A7FF2046F8BD00BF2DE9F0478A468146FFF79EFF804638B3A8
:203420003020D9F8004011F09AFC30220021064611F0F0FCB8F1000F04F1080415DD002518
:2034400002E00135A84517D0D9F80400036822461F6931460C23B8473146504611F00CFD94
:2034600030340028EDD1A84506D03046BDE8F08706463046BDE8F087304611F069FC0026CD
:20348000F3E700BF2DE9F04F0546C3B008460C4692461F4611F0FAFC00F10109B9F1100FE8
:2034A00000F2E180202F00F2DE8021462846FFF7AFFF064660B13A465146103011F077FC79
:2034C00080463046B8F1000F00F0A48011F040FC4A46214606A811F079FC51463A460AA8C3
:2034E00011F074FC2846D5F800A0FFF735FF30228046002112A811F08DFC2846FFF714FF62
:20350000B8F1000F0AF1080640F3AB80002701970DF1A8090DF1D80B6868036832461C6905
:2035200012A90C23A04706A912A811F0A5FCA6EB0A0E002874D14F4ACDE9022802AB03CBA5
:20354000AB680DF1180C18605960BCE80F001EAC0FC4BCE80F000FC49CE80F0084E80F0021
:20356000AB681EAC9E44A446BCE80F00CC45CEF80000CEF80410CEF80820CEF80C306446A4
:203580000EF1100EEFD1012301930137B84506F13006C1D108EB4804019BA400A71C3BBB6A
:2035A000B8F1050F62D0334A08F10103CDE9042304AB03CBAB6806AC186059600FCC36AE93
:2035C0000FC60FCC0FC694E80F0086E80F00AC680DF1D80C04EB870442AF66460FCEBE4274
:2035E00020606160A260E360B44604F11004F4D1D5E9001003689B699847D5E90102036835
:2036000029685C694023A0474FF00008404643B0BDE8F08F11F09CFB404643B0BDE8F08FF1
:203620000DF1480CBCE80F004C460FC4BCE80F000FC49CE80F0084E80F00AB684C469E4405
:20364000A446BCE80F00DC45CEF80000CEF80410CEF80820CEF80C3064460EF1100EEFD195
:2036600093E702279FE76FF47A78D5E76FF47B78D2E700BFA10D0C002DE9F04FA1B0894613
:203680000546FFF769FE002800F0868080463022002108A82E6811F0BDFB2846FFF744FE86
:2036A0003E4ACDE9022802AB03CBAB68B8F1000F06F108061860596061DD00270192BB462D
:2036C0004FF0020A10E0019A08F1FF33CDE9042304AB03CB0137AB68B845186059604FF0D7
:2036E000010B06F1300632D06868036808A91C6932460C23A047494608A811F0BDFB002870
:20370000E1D00DF1200CBCE80F0014AC0FC4BCE80F000FC49CE80F0084E80F00AC680DF1E2
:20372000500C04EB8A04E646BEE80F00E36020AB9E4520606160A260F44604F11004F2D195
:203740000137B8450AF10C0A06F13006CCD1BBF1000F14D0D5E9001003689B699847D5E9E0
:203760000102036829685C6908EB48084FEA88030233A0470023184621B0BDE8F08F074B9A
:20378000AA68CDE9063806AB03CB054B10601846516021B0BDE8F08F014BECE7A10D0C0007
:2037A0000CFCFFFF03681B6B184700BF01892DE9F0414FF47A76044606FB01F12148FDF756
:2037C0004DF9214AA17A0346A2FB03239B0923811E48FDF743F9656CA072E3882A68B4F8A7
:2037E0004C80576A13F4807320D1414628462022B84728BB606CB4F84C10036822225D6AEE
:203800001023A847E0B9656CA17A2B680F485E6AB4F84C40FDF702F960F07F03DBB2214662
:2038200028462322B04758B9BDE8F0812189054806FB01F1FDF7F2F840F00703DBB2D4E76D
:203840000348F1E76C720400D34D6210647204000EFCFFFF10B5034B03600446FDF7B2FB8E
:20386000204610BDE472040010B5054B03600446FDF7A8FB204611F06BFA204610BD00BFA4
:20388000E472040008B50246C38819B1D9050AD4002008BD9905FBD523F4007343F4804321
:2038A000D380002008BD016823F4824343F40073C380CB6A9847002008BD00BFF0B5C388F6
:2038C000DA0585B005462BD4026843F48243C380D36A98470126314FA86C0368C4885B6890
:2038E000BB42C4F3002416D1002084424FF027020DD0686C95F84C1003681B6B984710F051
:2039000008040FD1002EE7D1204605B0F0BD002EE2D13446F8E79847B0FA80F04009E4E7C6
:203920000026D8E7686CB5F84C10036806220124CDE90024A822DC6A02ABA047044608B18C
:20394000174CE1E7BDF90830BDF90A20BDF90C00AE7A2968002BB8BF1F33002AB8BF1F320D
:2039600000284FEA63134FEA6212B8BF1F304011ADF80830ADF80A2016FB03F316FB02F2F4
:20398000524216FB00F65B42ADF80C00C5E906232E624B6B28469847B6E700BFFD900200E9
:2039A0000EFCFFFFF8B504460F4616461946BDF81C20BDF81850FDF703F9064A67640023BC
:2039C000A664A4F84C502260E3802046FFF7EEFE2046F8BDE472040008B50368C9B21B6BDA
:2039E0000F229847A0F13300B0FA80F0400908BD03689B6A184700BF018938B54FF47A7594
:203A0000044605FB01F11548FDF728F8144A0346A2FB03239B0999B205FB01F123810F48B3
:203A2000FCF7FCFFE288B4F85010C3B2A06CD205026858BF43F00303556A6022A84758B9CF
:203A4000A06CE3880268B4F85010546AC3F300236222A04700B938BD024838BD1C730400F7
:203A6000D34D62100EFCFFFF10B5034B03600446FDF7A0FC204610BD4C73040010B5054B51
:203A800003600446FDF796FC204611F061F9204610BD00BF4C73040008B50246C38819B163
:203AA000D9050AD4002008BD9905FBD523F4007343F48043D380002008BD016823F48243F6
:203AC00043F40073C380CB699847002008BD00BFF0B5C388DA0585B005462BD4026843F453
:203AE0008243C380D36998470126284FE86C0368C4885B68BB42C4F3002416D10020844292
:203B00004FF067020DD0A86C95F8501003681B6B984710F008040FD1002EE7D1204605B062
:203B2000F0BD002EE2D13446F8E79847B0FA80F04009E4E70026D8E7A86CB5F85010036820
:203B400006220124CDE90024E822DC6A02ABA047044608B10E4CE1E7BDF90C30BDF80A0084
:203B6000BDF808102A6803EB8303C3EB03135B00EB634FF66A7310FB03F011FB03F3C5E935
:203B80000D03D36A28469847C8E700BFFD9002000EFCFFFFF8B504460F4616461946BDF8CA
:203BA0001C20BDF81850FDF767FA054BA4F85050C4E9127623602046FFF71EFF2046F8BD7F
:203BC0004C73040082B08DE80C00014802B0704716FCFFFF002070470029806905DD08B921
:203BE00004E010B10139406AFBD17047704700BF82B070B50C4684B005464968206802AC34
:203C000003C4039908AC481084E80C00CB0745BF2A58029B029CD4580AAB2E1893E8030085
:203C20008DE8030008AB0CCB3046A04704B0BDE8704002B0704700BF002971D0F0B58469F8
:203C400085B00D4606463CB966E0A388980708D5914219D0646A14B3AB8821682A689F0769
:203C6000F3D49142F6D1A268AB689A42F2D1EA68E3689A42EED1A3881A0402D5C3F30E0308
:203C8000A380294805B0F0BDA968A06802F0B8FE0028DFD0EA68E3689A42DBD1EBE7D6F8D1
:203CA00018C02A88BCF1000F2ED06046634600E00B461C88944211D2596A18460029F7D1D1
:203CC00063451DD0596A69625D62012340F2FD31684602F043F9002005B0F0BD1ED16F883A
:203CE0005988B94204D319E04888B842E8D20B46596A0029E4D00888A042F5D06345E1D112
:203D000019888A4202D26B62B561DEE7DAD1588869888842D6D9F6E70A88F5E70346CFE77B
:203D20006FF47A70704700BF16FCFFFF002943D0F0B5846985B0002C3BD00D46204F00268E
:203D400005E0A268AB689A420DD0646A04B3AA88A38853409907F8D49207F2D5A968A0684E
:203D600002F04EFED0B12B88E3B96B8813B162889A42EAD1A38822883B43A3804FF47F7154
:203D8000012368461E4402F0E9F8646A002CDED1002EC8BF20460CDD05B0F0BDAB889B0738
:203DA000D3D4CEE722889A42CFD16B88002BDED1E0E76FF47A70EFE76FF47A70704700BF07
:203DC0000080FFFF2DE9F04183885F0782B0064603D59D062DD4DC0638D443F00403B38058
:203DE00006F1100506F1180815E0F368009395E80F00A047B388DA0618D5346AB4B194E8C3
:203E00000F00276985E80F002046376210F0A0FFFCF7F0FAB388B46898070DD4D907E4D49D
:203E200095E80F00A047B388DA06E6D423F00403B38002B0BDE8F08198E8030095E80C0019
:203E40008DE80300204602F0C3FDD3E700F1180393E803008DE8030006F110030CCB3046BF
:203E6000FCF790FDE5E700BF70B51C4B8CB003F10802283304460260C36006A802F08EF821
:203E80000F231820029310F06AFF0025144A0092064601956A46034603CA46F80C4B114A0D
:203EA000DD60049375605A6158609960204602A91223ADF80C300595CDE90A55FFF736FFEC
:203EC00002A8FCF755FD084B658204F10C00E360FBF7ECFE20460CB070BD00BF9473040080
:203EE00071410300F13B030054700400A0F10C00FFF7BABF10B50446FFF7B6FF204610F0EA
:203F000027FF204610BD00BFA0F10C00FFF7F2BFF0B5254B254A02600025044683B0C0E914
:203F2000025305610C30FBF751FE214B236003F12002E260A561C4E90755E584282010F042
:203F40000EFF0646103002F029F81A4B3360182010F005FF184ACDE9002507466A460346FE
:203F600003CA47F80C4B154ADD604FF0C20C7D6058609960204631465A61C6E90235C6E97A
:203F80000855A6F804C0FFF757FE30B90C4B1A6802B91C60204603B0F0BD3046FCF7E8FC0B
:203FA000304610F0D5FEF1E754700400847304009C7304000F00020071410300F13B030015
:203FC000543B002038B5044605F048FEE5692DB12B69E36133B1E38C013BE38405F030FEA3
:203FE000284638BD2362F6E72DE9F041846934B3A388656A4FF000081A040746464606D4CF
:204000002646BDB12C46A388656A1A04F8D55B07F6D496B17562656ABB680BB12046984732
:204020002046FCF7A5FC204608F1010810F090FE002DE7D14046BDE8F081BD61ECE7A04638
:204040004046BDE8F08100BF2DE9F0418469002C44D016460D46DFF88C8001270CE0A388C0
:2040600003F0C003A3F1C003B3FA83F35B09B34215D00027646A4CB323882988994201D0D6
:20408000002BF7D163886A889A4201D0002BF1D1FCF726F80028E2D10123B342E9D1B4F84B
:2040A00004E01EF4004FE4D195E80F0004F1100C1EF0400F8CE80F0002D1FCF711F840B9C1
:2040C0002046FFF77FFE646A002CD5D13846BDE8F08121464046FCF751FACBE70127384650
:2040E000BDE8F081C53D0300F0B5012287B00446066A0D46FFF7A8FF10B9E38C092B01D9B6
:2041000007B0F0BD95E80F0002AD85E80F00182010F025FE06AB074613E9030095E80C00A3
:204120008DE80300384601F05FFF05F097FD66B133693B6137613B695BB1E38C0133E38410
:2041400007B0BDE8F04005F07BBDE3693B61E761F2E72762F1E700BF82B008B502A9C1E939
:204160000023FFF7C1FFBDE80840002002B0704782B038B5054604A981E80C00FFF734FF3B
:204180002846FFF71FFF90B1044604E02846FFF719FF044658B1002221462846FFF754FF1F
:2041A000204610F0D5FDFCF735F80028EED1BDE8384002B0704700BF024B1888421C1A8096
:2041C000704700BF6C230020C08800F00300A0F10300B0FA80F04009704700BF82B070B5BB
:2041E0000C4684B005464968206802AC03C4039908AC481084E80C00CB0745BF2A58029B2B
:20420000029CD4580AAB2E1893E803008DE8030008AB0CCB3046A04704B0BDE8704002B041
:20422000704700BF10B5034B03600446FCF788FC204610BDE073040010B5054B0360044685
:20424000FCF77EFC204610F083FD204610BD00BFE073040082B070B588B00CA981E80C0009
:204260004289BDF83050BDF83230954204460BD0022B27D0052B00F08680012B78D008B0B5
:20428000BDE8704002B070478189022B0E461AD0052B5AD0012BF2D1C3888D4243F0010351
:2042A000C38068D0A9426AD003F00203002BE6D001231A46A18804A801F050FE238901330D
:2042C0002381DCE71646B24217D0A189B14265D0954267D0A3899D42194600F09C80A17B4E
:2042E000012900F0C1809D4200F0AE809542C6D1E38823F01003E380C1E7E38803F00103FA
:20430000002BE5D001230222A188684601F026FE63899D4200F09080A289A188AA4250D05E
:204320000123032204A801F019FE6289B24203D1E38843F01003E380A389B34200F08F8099
:20434000954266D09D429AD168E0C3888D4243F00403C3801AD0A9421CD003F00803002B3D
:204360008DD0A1880123052204A801F0F7FD86E78689B54203D1E38843F00203E380E38823
:2043800003F0010392E78689B54203D1E38843F00803E380E38803F00403E0E7E38803F03D
:2043A0000203ADE7E088C6061FD5A38920F0010189B29D42E18028D02A4621F00401E180A4
:2043C00091E7E28802F008000028A9D0B34238D0A389B342A4D102F00802002AA0D0012313
:2043E000042204A801F0BAFD9FE7A37B012B3ED100F00403002B37D001230422294604A8D6
:2044000001F0ACFD6289A3899AE720F0030189B2D2E7E088CAE7E38898062BD5E38823F0C2
:20442000020189B29542E1802AD023F00A039BB223F02003E38022E7E288A18802F0040074
:20444000C2E702F00402C8E7E18821F008039BB29542E38004BF21F018039BB2E8E7E1888C
:2044600041F02001E1806BE701230322C6E7A1890B4665E7A07B0128FAD103F00803B9E7CD
:204480002B469AE7817370472DE9F04F83B0DDE90C9ABDF83870002B40D0B9F1000F3AD030
:2044A0000F2901D1C02F39D1804628201D460E46934610F054FC0446103001F06FFD1820EC
:2044C0002680A4F802B010F04AFCCDE9009A06466B46024603CB46F80C5B0023D8F8005057
:2044E000D360E3607360506091606D6811491248A26047F002078D42A780C4E90833506178
:204500000FD12046FCF734FA204610F021FC0B4803B0BDE8F08F1AF0010FC1D16FF47A708E
:20452000F6E740462146A8470028EAD103B0BDE8F08F00BFBDFA0200DD41030016FCFFFF5F
:204540002DE9F0471C4F044688B0884616461D46FCF7E0FA3A681949A5800025A4F80A8053
:20456000A6812160A57312B3DFF854A0CDE904A504AB93E803004FF0C0098DE80300234676
:2045800041461046CDF808902A46FFF77DFFCDE906A508AB13E903003F68CDF808908DE873
:2045A00003002A46234638463146FFF76DFF204608B0BDE8F08700BF543B0020E0730400C9
:2045C00055420300C3889A0610B5044608D4406A03682146DB699847E38843F02003E380A8
:2045E000DB0606D4D4E90A309842B4BF0020012010BD002010BD00BF10B50446406A074BF7
:20460000026803F1080138332160E3602146136A98472046FEF73CFD204610BD0074040002
:2046200010B50446FFF7E8FF204610F091FB204610BD00BFF0B50C8983B000251E46174657
:2046400001232246CDE900550446FEF745FE0C4B676203F13002C4E90A652360E2602046B4
:20466000FFF7B0FFAE4207DAE388A56243F010034FF4FA72E380E262204603B0F0BD00BF31
:204680000874040038B5054600F10C0420460121FDF728F8E8690A4A03685B68934207D145
:2046A00020466FF47D750021FDF71CF8284638BD9847002105462046FDF714F8284638BD9F
:2046C000FD90020070B5054600F10C0420460E460121FDF707F8E869094A03681B689342A4
:2046E00005D120460021BDE87040FCF7FBBF3146984720460021BDE87040FCF7F3BF00BFC5
:20470000F5900200F0B41D4DC6884A0085FB0234D317C3EB6414F3061FD5836A4BBB622242
:20472000164FC56A02FB01F187FB0132CB17C3EB62132344013DC0E90A3565B903EB83021E
:2047400087FB0217D217C2EB6712023326F010061344C6808362F0BC7047622202FB01F1F6
:2047600085FB0123C917C1EB63132344C362F0BC70479942B8BF1946D1E700BF1F85EB519C
:2047800010B50446FEF7A4FC606A036821461B6A9847E38823F02003E380002010BD00BFC5
:2047A000A0F10C00FFF7ECBF30B4456B002D0DDD836899420FD000F10802002303E052F820
:2047C000044F8C4208D001339D42F8D16FF47A72104630BC704700236A1C023350F8221064
:2047E000013D0022456340F8231030BC1046704782B070B50C4684B005464968206802AC3E
:2048000003C4039908AC481084E80C00CB0745BF2A58029B029CD4580AAB2E1893E8030079
:204820008DE8030008AB0CCB3046A04704B0BDE8704002B0704700BF38B5446B0A2C1DD029
:20484000002C0DDD8368994215D000F10802002303E052F8045F8D420DD001339C42F8D162
:204860000346A21C013440F8221008465C63FFF709FF002038BD6FF47A7038BD6FF47B70E2
:2048800038BD00BF82B02DE9F04708A981E80C00426B002A804619DD314F051D002401263F
:2048A00003E0A24283F8306010DD55F8043FD8690168896CB94204F10104F2D08847D8F8B4
:2048C00034202B68A24283F83060EEDC0120FCF719F9D8F83000DFF88CA003681B68534589
:2048E00036D10026D8F83420B146002A26DD0024274608F1040502E00134A24219DD55F872
:20490000040F90F83030002BF6D0FFF7BBFE0128286802D0836AB34204DC80F83090314600
:20492000FFF7F0FED8F834200134A24207F10107E5DC164417B1B6F57A7FD6DDD8F830001C
:2049400003681B68534506D1BDE8F04702B0704701219847C5E7BDE8F047002102B01847FA
:20496000C9910200F590020070B5074B03600025044645600E46FBF729F9044BA680C4E9DC
:204980000C552360204670BD54700400447404002DE9F041044682B00E461546103098468C
:2049A000BDF8287001F0FAFA26806580182010F0D6F908AB054693E803006A4682E803009A
:2049C0002E4603CA46F80C8B0023084AEB6047F00207736068602046A780A560E360C4E9A4
:2049E0000833A9606A6102B0BDE8F081F147030070B5174A174B1568036090B00446C5B1DD
:204A000001222423CDE9043204AB93E80300A38810268DE803000296194606A82346FFF736
:204A2000B7FF2B680C4A9B6893420CD106A8FBF79FFF0A4B236000232046E380FBF736F9FF
:204A4000204610B070BD284606A99847EEE700BF543B0020447404003DFD02005470040004
:204A600010B50446FFF7C4FF204610F071F9204610BD00BF00207047704700BF704700BFE9
:204A8000002070470048704716FCFFFF0020704741607047406870470048704716FCFFFF93
:204AA000704700BFC1607047C068003018BF0120704700BF0023C360704700BF0069036852
:204AC0001B691847006903685B691847006903689B691847036941601A681846D36918473D
:204AE000C06810B103681B6818470148704700BF12FCFFFFA0F10800FFF7F2BFC06882B01B
:204B00008DE80C0018B1036802B01B68184702B0704700BFC160704710B5044601F04CFD03
:204B2000204610BD10B5044610F012F9204610BD10B5064B03F108024033044602608360DF
:204B4000183001F059FD204610BD00BF9874040010B5074B03F108024033044602608360AD
:204B6000183001F049FD204610F0F2F8204610BD9874040082B070B50C4684B0054649684A
:204B8000206802AC03C4039908AC481084E80C00CB0745BF2A58029B029CD4580AAB2E183E
:204BA00093E803008DE8030008AB0CCB3046A04704B0BDE8704002B0704700BF4B7F10B558
:204BC00004462BB109690B681B689847204610BD0B77183101F008FD204610BD30B5447F99
:204BE00085B0054634B1C068E0B103681B68984705B030BD01690B6868461B68984769468C
:204C000005F1180001F000FD684601F0F5FC012368462B77AA8A40F2FF3101F09FF920460F
:204C200005B030BD0048E3E712FCFFFFA0F10800FFF7D4BF38B50C4B03F1080202600A687C
:204C4000016104460025403383605368C560084604F1080198472069656003682946DB69B6
:204C60009847204638BD00BFDC74040038B5134B03F1080202600A68016104460025403386
:204C800083605368C560084604F1080198472069656003682946DB699847094B03F1080289
:204CA0004033A360226004F1180001F085FC0123A58225776377204638BD00BFDC7404004E
:204CC00098740400417739B92DE9F041858A82B01DB102B0BDE8F08170470446FFF76CFA9F
:204CE0001D4BA0821F688046002FF2D0282010F036F80646103001F051F940F2FF33182013
:204D00003380A6F8028010F02AF8144ACDE9002584466A46034603CA4CF80C4BDD60CCF839
:204D20000450586099603A680D49F56012205961B360B080C6E90855536838463146984757
:204D40000028C6D03046FBF713FE304602B0BDE8F0410FF0FDBF00BF543B0020FD4A0300AB
:204D6000754B030010B5054B054A8360002304460260C380FAF79AFF204610BD5C75040085
:204D80005470040010B5074B074A8360002304460260C380FAF78AFF20460FF0D9FF2046D1
:204DA00010BD00BF5C750400547004002DE9184890F84430012B05D9C388DB0602D590F8C3
:204DC00045300BB1BDE8188804464830FBF7C2FC0028F7D10E4B1868FDF7B2FAD4E916238C
:204DE000821A61EB0303002B08BF322AEAD3E068E388026823F01003D269E38001219047E0
:204E0000E388022223F02003E38084F84420D9E7483B002090F84430012B23D9C388DB06D7
:204E200002D490F8453003B32DE9F04FC1682DED0A8B0B688FB004461B6805A89847E06869
:204E4000DDF8148003681B69984730F0040306460DD0082831D04FF48073A361DFEDC98A41
:204E6000012709E0013380F84430002070478023A361F7EE008A0227059B5B8893FBF7F3F0
:204E800000931BB1A569009BAB421CDA04F14800FBF760FCE388DB0608D405A801F0ACFB2F
:204EA00000200FB0BDEC0A8BBDE8F08FB64B1868FDF746FAC4E91601EFE74023DFEDB38AF6
:204EC000A3610427D8E708F104030193DFEDB09A9FEDB09A9FEDB0BADFEDB0AA9FEDABAA67
:204EE000DFEDAFBA00230293019B1D4400219D42CDE90A11CDE90C1140F275810394DFF88E
:204F0000A8A2DDF8088089469B460C4601E09DF82C405AF8263058469847002818BF4FF0A3
:204F20000108002C00F0EF804845C0F2EC809DF83430002B00F019810C9B9842C0F21581BB
:204F4000BB445D45E3D8CDF80880DDF8048047F6FE7334464FF0000B464698460DE00C9BDF
:204F600098421DD05845C8BF0FFA80FB4045B8BF0FFA80F83E44B54218D95AF824303046BF
:204F800098474845EBD19DF82C30002BE7D000230EAA02EBC3034FF0000203F80C2CE9E744
:204FA0009DF83430002BDDD00123F1E708F128025A4526464346039C00F3B880ABEB030BFF
:204FC0000BEBDB7B4BF34F0208EE102A6FF02709A9EB03034FF0000BDDF804800394D94644
:204FE0001C4640465AF826309847B844204420EAE070454509F1010900FB00BBF1D89BFBE5
:20500000F9FB07EE90BAF8EEE77A039CF5EE407AF1EE10FAB1EEE7CA00F1FA80F8EEC87A0E
:2050200094ED097A67EEA87AC7EEA96A66EE877AC7EE897A17EE900A0CF0E8FD07EE100A91
:20504000F3EE047A67EE277A94ED0A7AF4EEC77AF1EE10FA40F1AA8084ED077AE388A26927
:2050600043F02001E1800099891A0091019911440191990709D494ED077AD4ED047AB4EECD
:20508000E77AF1EE10FA00F3A1805A0709D494ED077AD4ED057AB4EEE77AF1EE10FA00F155
:2050A000A38094F83C30002B61D0D4ED107AB4EEE7CAF1EE10FA01DD84ED10CADFED397A4A
:2050C000B4EEE7CAF1EE10FA3ADDA36B01330022A3630123626384F83C30009B23B1A569C5
:2050E000009B9D427FF700AF04F148052846FBF731FB0028029B65DD002B3FF4CBAE2846F7
:20510000FBF718FBC9E64FF001038DF83430CDF8309000230EAA02EBC3034FF0010243F81F
:20512000100CDDF8289003F80C2C09E75A1C12B2D21A02EBD27242F34F0208EE102A45E76A
:20514000A36B023B0B2B06D8D4ED107AF4EEEB7AF1EE10FA55DA636B84ED10AA00220133F7
:20516000636384F83C20A263B7E70123D2E7B4EEEACAF1EE10FAE3DD636B132BE0DD84EDD8
:2051800010CAA2E700008043483B00200000000000FEFF46ACC5A737FFFF7F7F000048432D
:2051A000000096430000C842C8200020F0EEE76AF4EE4B6AF1EE10FA88BFF0EE477AC4EDBE
:2051C000077A4BE7002B7FF468AE63E601230222A18806A800F0C2FEE38823F0040343F098
:2051E0000203E3805DE7FFDE01231A46A18806A800F0B4FEE38823F0020343F00403E38009
:205200004FE701230822A18806A800F0A7FEA2E717EE900A0CF00AFF00E700BFA0F1080032
:20522000FFF7F8BD2DE9F84F224D05600025456004460E4617469946DDF828A0DDF82CB0A0
:20524000BDF83080FAF7C2FC1B4AE66002F1080330322360A26029462A4604F14800FBF79C
:2052600013FAE2882564A4F844503168C4F8149042F400534FF0000C0122802043F0110327
:20528000A061E38030464B68A4F804802761C4F828B0C4F824A0C4E90D5584F83C50C4F8F2
:2052A0001CC0226384F82C2004F1080198472046BDE8F88F547004002C75040070B54F4E27
:2052C000044630680D46FDF73BF8E388C4E91601D80608D4E068026843F01003E38002210B
:2052E000D3699847E388990621D594ED077ADFED447ADFED446A77EE677A6A1C67EEA67A4C
:2053000008BF236BF5EEC07A18BF2B46F1EE10FA4CD4DFED3D6AF4EEE67AF1EE10FA51DDFE
:20532000022B08D0B5EE407AF1EE10FA03D104F14800FBF7B3F93068FDF702F894ED077AEB
:20534000DFED2F7ADFED2F6A77EE677A6B1C67EEA67A08BF256BF5EEC07AF1EE10FAC4E927
:20536000160126D4DFED286AF4EE667AF1EE10FAC8BFF0EE667A022D1FD0F2EE026AF4EE82
:20538000E67AF1EE10FA0EDBB3EE056AF4EEC67AF1EE10FA07D877EEE67A9FED1C7AF7EE15
:2053A000086AA7EEA67A17EE100A70BD022BB9D1BDE7022DDFED167ADFD1B0EE677A17EE60
:2053C000100A70BD022B16D0F2EE026AF4EEE67AF1EE10FAA6DBB3EE056AF4EEC67AF1EE6A
:2053E00010FA9FD877EEE67A9FED087AF7EE086AA7EEA67A96E7B0EE677A93E7483B002034
:20540000000050420000AA4000007F43000018420000000008B5036B022B07EE901A07D125
:205420009FED136A9FED137AC7EE866A76EE877A90ED047AB4EE677AF1EE10FA0CD090ED80
:20544000057AC388C0ED047AB4EEE77A23F00203F1EE10FAC38001DC002008BDB7EE007A2F
:2054600077EEC77A17EE901A00F006F8002008BD0000AA400000504208B5036B022B07EE3B
:20548000901A07D19FED136A9FED137AC7EE866A76EE877A90ED057AB4EE677AF1EE10FAF6
:2054A0000CD090ED047AC388C0ED057AB4EEE77A23F00403F1EE10FAC38001D4002008BD9B
:2054C000B7EE007A77EE877A17EE901AFFF7A2FF002008BD0000AA40000050424B1E012B0B
:2054E0009ABF016300206FF47A70704790F8453001334FF0FF3180F84530FFF7DFBE00BFEC
:2055000090F84530013B80F84530704781627047806A003018BF0120704700BF80687047ED
:2055200081600020704700BFF0B5CB680D6A9D42A8BF1D460C4683B001222946064604F1A4
:20554000100701A801F03EF801A9384601F05CF801A801F051F82069A1692A4604300FF0DE
:2055600035FCA269236A2A445D1B002DA26125622BD1636A002BC4BF03F1FF33636293B11F
:20558000E36962692362002BA26104DDA06A03681B689847236A33B13946304601F024F816
:2055A000304603B0F0BD636A002BF5D194F82C30002BF1D004F13000FBF7A8F839463046D7
:2055C00001F012F8304603B0F0BDDFDCE4E700BF38B504460C4B40F8103B04F1300500F08A
:2055E000EBFF284600220121FBF74EF8002101224FF4807328462464A162C4E90223FBF7A0
:205600004DF8204638BD00BF6875040070B5856A9DF810608DB1002A0FDD73B104462868DF
:205620006362C4E90511036884F82C60C4E907222846984794F82C3003B970BD04F1300056
:20564000BDE87040FBF72AB810B582B000240094FFF7DCFF02B010BD0078704790F900006A
:20566000704700BF00887047B0F90000704700BF0068000A704700BF00680012704700BF7E
:2056800000687047006870470170704701807047018070470A120B1401704270837070472C
:2056A00001607047016070474069704708299ABF416100206FF47A70704700BF2DE9F04FF6
:2056C000D1ED087A89B08946FDEEE77A0490CDED037A00F071FFD9F810000268126990476E
:2056E000D9F81470824617B9C9F814000746D9F8101001370A6807EBD7777B101268019327
:2057000006A89047D9F8142006990AF1010808EBD87801324FEA680802EBD272B8EB620FF8
:205720004B8893FBF8F700F08880019B07FB03F31946012207A8059300F044FF07A9049845
:2057400000F062FF07A800F057FF049B069C1D68002F04F1040405F1040577DD4B46002607
:20576000DFF8F4B00296B9461F465BF82A2020469047019B97F82810024601362846444400
:205780001D4421B1029B13440293039BD21A07EE902AB8EEE77AD7ED077A7A692D4B67EE18
:2057A000277A53F822207B6AFDEEE77A17EE901A19439047B145D8D13B464F46994699F883
:2057C0002820FAB1DDED027A99F82920B8EEE77A07EE907AF8EEE77AC7EE276A3AB1F6EE54
:2057E000007A66EEA76A99ED087AE7EE276AD9F818100122C9ED086A89F8292071B9012201
:2058000089F82A20DDE90441204600F07BFF06A800F0F2FE204609B0BDE8F08FFDEEE67AC6
:20582000039B17EE902AD21A002AB8BF52429142E8DD012289F82A20E4E706A9049800F05E
:20584000E3FE019B07FB03F305937EE700230293B5E700BFEC200020C82000200170704767
:205860002DE9F04104461E46DDE906759046FFF7E1F9134921603831A16004F12C0021467D
:20588000FFF7F4F90023082F4FF0000198BF6761C4F81C8084F82860A5612162636284F846
:2058A00029303EB1B5FA85F35B0984F82A302046BDE8F081012384F82A302046BDE8F0814D
:2058C000947504002C30FFF789B900BFA0F10800FFF7F8BF10B5074B03F108024033044650
:2058E000026083602C30FFF723F92046FFF7D8F8204610BD8C750400094B10B503F108027A
:2059000040330446026083602C30FFF711F92046FFF7C6F820460FF01BFA204610BD00BFA3
:205920008C7504004369586903681B69184700BF4369586903685B69184700BF03460022C3
:2059400081610846C3E90722704700BF2DE9F041074600F1140400F13C05002654F8043F48
:2059600018464BB11B681B6A9847B04204DD206803681B6A98470646AC42EFD17869036876
:205980003146DB69BDE8F041184700BF00F1140300F13C0253F8040F78B110B4C4688C42DC
:2059A00008D093420DD053F8040F0028F9D0C4688C42F6D15DF8044B70479342EAD1002042
:2059C000704700205DF8044B704700BF436910B50446586903689B699847D4ED067A07EED6
:2059E000100AF8EEE77AC7EE277A17EE900A10BD0164704770B50C460546FFF74BF8A0428B
:205A00000AD021462846FFF743F8686903682146DB68BDE87040184770BD00BF10B5054B0B
:205A200003F108024433044602608360FFF738F8204610BD2076040010B5074B03F108025A
:205A40004433044602608360FFF72AF820460FF07FF9204610BD00BF20760400094B10B5A6
:205A600003F1080234330446C0E900230C3000F0C3FD054B63600023201D6381FAF716F968
:205A8000204610BDD075040054700400A0F10400FFF7E4BF0B4B03F10802343310B50446CA
:205AA000C0E900230C3000F0A7FD074B636000236381201DFAF7FAF820460FF049F9204601
:205AC00010BD00BFD075040054700400A0F10400FFF7E0BFF0B583B001F10C04054601A831
:205AE0000E4600F069FD01A9204600F09DFD074601A800F081FD5FB171690B6801A81B6875
:205B0000984701A9204600F07FFD01A800F074FD2146284600F068FD284603B0F0BD00BF69
:205B200010B500F11402002352F8044F8C4204D001330A2BF8D1002010BD02690633002450
:205B4000013A40F82340026129B10B6808469B6A9847012010BD012010BD00BF036C2BB1A7
:205B60001A7802F0FF030AB91846704770B5044682B000F1140500F13C0655F8043F1846FB
:205B800013B11B68DB6A9847B542F6D101A800F013FD01A904F10C0000F036FD01A800F0CC
:205BA0002BFD014802B070BD12FCFFFFF8B5044608200F4616460FF0D2F8034600250A4A2E
:205BC000026001465D602046FFF734F8074BE56103F1080001214433206025626761E66095
:205BE000A360A1612046F8BD7474040020760400F8B500F11403002453F8045F2DB1013465
:205C00000A2CF9D100273846F8BD064624200FF0A6F82A4631460746FFF7C8FF3369063436
:205C2000013346F8247038463361F8BD2DE9F04F8B6985B0012B1746019056D04B69586964
:205C400003681B690C469847431C03EBD3733A68A169B2F802804FEA630B064698FBFBF840
:205C600003A898FBF1F1012201FB0BB100F0AAFC039D08FB0BF3002B05F104053CDD043378
:205C8000DFF87880DFF8789000934FF0040A386858F8263050449847D4E90732A169013389
:205CA00010448B420AF1010AC4E9073009DB90FBF1F159F82630284698470023C4E907338A
:205CC0005D44009B5345E2D103990431691A03A800F018FD03A9019800F086FC03A800F0E7
:205CE0008BFC019805B0BDE8F08F114600F07CFC019805B0BDE8F08F0021E8E7C820002082
:205D0000EC20002030B50D4649690B6885B004461B6902A8984702A903A800F065FC4FF088
:205D2000FF33294603AA204600930023FFF77EFF03A800F061FC02A800F05EFC204605B07F
:205D400030BD00BFF8B50546124B134828600024C5E90134281D0E461746F9F737FF0F4BE2
:205D60002B602C336B6005F10C0000F025FC6E612F812C612C6405F1140305F13C0043F845
:205D8000044F8342FBD1336830465B68294698472846F8BD5470040028750400D875040020
:205DA000B1F5007FA4BFC1F57F710331490088B2704700BFC1F58063B3F5007FB8BF1946F2
:205DC000014B33F8110070476876040088B2704728B180B211FB00F0C0F30900704741F600
:205DE000EF6011FB00F0C0F309007047B1F5007F40F2FF30A8BF0020704700BF024A12689C
:205E000002607E224260704710210020034A034692E8030083E80300184670474C3B002099
:205E2000A1F120035E2B07D8006805236FF09F0213FB01210844704700207047034A044B0F
:205E400012681A607E225A60704700BF102100204C3B002010B40170427043605DF8044B58
:205E6000704700BF82B030B402AC84E80C000D46034694E807009DF8144083E80700B4B191
:205E8000687818B149425242C3E901126A68022A11D0032A2AD0012A22D0012C15D0022C18
:205EA00005D1D3E9011249425242C3E9011230BC184602B07047D3E90012012CC1F10001FE
:205EC000C2F10002C3E90012E9D130BCD3E900109A68186052421846C3E9011202B0704749
:205EE000D3E90021524219605A60D6E7D3E90012524259601A60D0E782B010B582B004AC1C
:205F000084E80C000B78069C019304AB0CCB00940446FFF7A7FF204602B0BDE8104002B091
:205F2000704700BF30B50B4B1C6883B024B12268094B15689D4201D103B030BD00F108027D
:205F4000034692E803008DE8030020460CCBA84703B030BD543B0020C53B030038B5018017
:205F6000428004461D46FCF721FCC4E9020115B12046FFF7D7FF204638BD00BFD0B5DDE995
:205F800004679DF8183001800446C0E9026742800BB1FFF7C7FF2046D0BD00BF10B5002308
:205FA00003600446FCF702FCC4E90201204610BD30B50B4B1C6883B024B12268094B15683E
:205FC0009D4201D103B030BD00F10802034692E803008DE8030020460CCBA84703B030BD6B
:205FE000543B0020C53B030082B038B5002504A90560044681E80C00FCF7D8FB04AB0FCB8B
:20600000256184E80F002046BDE8384002B0704710B50446006800F0AFFC204610BD00BF8F
:20602000014B0360704700BF487C040010B504460868206000F082FC204610BD10B50446C4
:2060400029B10160084600F079FC204610BD024B0360204610BD00BF487C04000346024A20
:2060600000681A60704700BF487C040038B504460B680068984206D00D4600F07DFC2868F2
:20608000206000F05BFC204638BD00BF0068438882880021063002FB03F20EF0BBBE00BF63
:2060A00030B400684488A1420DDA8588AA420ADA002908DB002A06DB084404FB020200209B
:2060C000937130BC70476FF47A70FAE703685888814211DA10B49C88A2420ADA002908DB36
:2060E000002A06DB0B4400FB023398795DF8044B70476FF47A70F9E76FF47A70704700BFBA
:206100002DE9F047B1F1000A21DD1D46FBB10468A788B4F802809742A8BF1746D045A8BF97
:20612000D046002F814604F106040DDD00262946204642460EF04AFED9F8003001365B8886
:20614000BE4255441C44F2D10020BDE8F0876FF47A70FAE72DE9F0410F1E19DB002A17DB95
:206160000446062007FB02001E461546FAF776FB206000F029FC23685F8023689D805EB1D4
:2061800033462A4639462046BDE8F041FFF7B8BF074B0360BDE8F08120684388828831464F
:2061A00002FB03F20630BDE8F0410EF033BE00BF487C040010B500230446FFF7CBFF204613
:2061C00010BD00BF2DE9F041054684B000294FD00A780C46002A51D000218C460F460E466A
:2061E000234607E00A2A39D00EB10137002613F8012F42B1A2F130000928F3D813F8012FCD
:206200000126002AF6D109B20FFA8CF200232846FFF7A0FF2F6823780637DBB101AE3246DC
:206220004FF0000804E002F8013B14F8013F8BB1A3F130010929F6D9B24282F80080F4D9F4
:2062400030460EF0B0FD07F8010B14F8013F3246002BEDD1284604B0BDE8F08106B101373E
:20626000B942B8BF394600270CF1010C3E46BEE7034B0360284604B0BDE8F0811146C5E7E7
:20628000487C040010B50446FFF764FF204610BD2DE9F84F05689DF82840B5F802C06245BE
:2062A0004FDAB5F804E073454BDAD1F800B0BBF8029002EB0907002F43DDBBF804A003EBF8
:2062C0000A08B8F1000F3CDD002A55DBACEB02074F45A8BF4F46002B0BF1060660DBAEEB4A
:2062E0000308D045A8BFD04622EAE27205F106090BB10CFB032291443CB3B8F1000F20DD3B
:206300004FF0000E724607F1FF3A002F0FDD731E4C4606EB0A0C13F8015F0DB12570013211
:206320009C4504F10104F6D10568D1F800B0BBF802406B880EF1010EF04526449944E4D1AE
:2063400000E000221046BDE8F88FB8F1000FF8DD0D4682463A46314648460EF037FD2A68C8
:20636000DAF8003052885B880134A04516449944F0D107FB08F2E5E76745A8BF6746002B99
:206380000BF1060612DAF045A8BFF046C2F1000C09FB13C31E4422EAE27205F10609AAE746
:2063A000F045A8BFF0464FF0000CF1E7AEEB0308D045A8BFD046B61A96E700BF2DE9F0435D
:2063C000804683B0684691461D460C46FFF71EFDD8F800305A88914533DA9B889D4230DAA8
:2063E0001F2C2ED9019B9C422BDC21466846FFF717FD4FF0100E07462B1A053007EB030C86
:206400000021D8F80040658801EB0906B5420EDDA288624534444EFA01F208DD3E780CFB5B
:206420000544164214BF4FF0FF320022A27101310529E6D10137B842E0D1002003B0BDE8D1
:20644000F0836FF47A70F9E72DE9F04103680D1E5F8826DDBD4203F1060480469A8817DAFF
:206460009AB17F1B002661193A4620460EF0AEFC2A46E01900210EF0CDFCD8F800305A88D6
:206480009B8801369E421444EDDB0020BDE8F08107FB02F2204600210EF0BCFC0020BDE874
:2064A000F0816FF47A70F1E72DE9F84F00AFD1F80090BE6AB9F80240F96A02EB0608A04583
:2064C0001D468246194432DAB8F1000FD8BFA046B9F80460B14202DA0029C8BF0E4608FB08
:2064E00006F3073323F0070304FB0522ADEB030D09F10604AE421444EB460DDD6B464246DE
:20650000214618460EF062FC0135B9F802200346AE4233441444F2D150465B4632B20FFA62
:2065200088F1FFF717FE5046BD46BDE8F88FA046CEE700BF10B5096804468B1DB1F90420C2
:20654000B1F90210FFF706FE204610BD10B5064B064C1846236000F0F1F92046044A05492D
:20656000BDE810400EF0F6BB487C0400583B00204020002011600300F8B50546101D144689
:206580001F460E46FAF76AF9286000F01DFA2B685C802EB128683146043022460EF016FC5E
:2065A000012F00D0F8BD2868224604300021BDE8F8400EF02FBC00BF014B0360704700BF2F
:2065C000507C0400002910B5044606DD13460A460021FFF7D1FF204610BD024B03602046F7
:2065E00010BD00BF507C040010B504460868206000F0A4F9204610BD10B50446006800F019
:20660000BBF9204610BD00BF38B504460B680068984206D00D4600F0AFF92868206000F027
:206620008DF9204638BD00BF0068096888420ED008B543884A889A4201D0002008BD043118
:2066400004300EF0B4FBB0FA80F0400908BD0120704700BF38B5151E13DB04686288A8B2DC
:2066600090420ED833EA230328BF1346521B9A4204F10404A8BF1A4660190EF0CBFB002075
:2066800038BD6FF47A7038BD002B70B50D4602DA03685B889B1A002A21DB04686688991810
:2066A000B1421CDC91421ADBCBB135F0004116D05942A94214DAAB4212DD0434002D04EBBB
:2066C000020612DB5C1B2246711930460EF089FB2A4630190021BDE870400EF09BBB70BDB4
:2066E0000021BDE87040FFF7B5BF6C425A19314630190EF076FB224630460021BDE8704016
:206700000EF088BB002906DB03685A888A4202DB5980002070476FF47A70704710B5044675
:20672000006800F029F9204610BD00BF70B50546501D14460E46FAF791F8286000F044F933
:206740002B685C8028682246314604300EF03EFB2B681C440023237170BD00BF10B50B4644
:2067600084B0044601A91846F9F72AF901A80EF08DFB01A902462046FFF7D8FF204604B012
:2067800010BD00BF38B5054611B10B780C461BB9064B2B60284638BD08460EF077FB214666
:2067A00002462846FFF7C2FF284638BD547C0400F8B517460A683B68B2F90250B3F902303B
:2067C0001D440446681D0E46FAF748F8206000F0FBF823685D8031682068B1F90220043018
:2067E00004310EF0F3FA326823683968B2F90200B1F902200433184404310EF0E7FA236808
:206800001D4400232B712046F8BD00BF70B5054649B10B780C4633B1084616460EF036FB82
:20682000B3B2834203D9054B2B60284670BD284632462146FFF77AFF284670BD547C0400B1
:2068400010B504460868206000F078F8204610BD014B0360704700BF547C040038B5044676
:206860000B680068984206D00D4600F085F82868206000F063F8204638BD00BF08B5006833
:20688000096843884A889A4201D0002008BD043104300EF0F1FAB0FA80F0400908BD00BF1F
:2068A00070B513680D685E8804465EB16D881DB1FFF77EFF204670BD0360184600F03EF8D4
:2068C000204670BD0560284600F038F8204670BD002907DB0368B3F902208A4202DD0B4461
:2068E000187970470020704710B5064B064C1846236000F023F82046044A0549BDE810402E
:206900000EF028BA547C04005C3B0020402000201D67030008B503884FF6FF729BB29342E5
:206920000AD0012B01D0DB0704D41E20EAF73CFE002008BD002008BD012008BD03884FF6ED
:20694000FF729BB2934215D0012B10B504460DD0DB070BD5BFF35B8FD4E85F3F0233C4E80E
:20696000523F002AF8D1BFF35B8F10BD1E20EAF71BFEEFE7704700BF03884FF6FF729BB218
:20698000934218D0012B10B5044610D0DB070ED5BFF35B8FD4E85F3F9A1EC4E8512F002957
:2069A000F8D1BFF35B8F9BB2032B05D010BD1E20EAF7FAFDECE770472046BDE8104000F06A
:2069C00001B800BFF9F770BF03230380704700BF82B070B582B0044608A906A880E80C005B
:2069E00003C9266865698DE8030006AB0CCB3046211DA84702B0BDE8704002B0704700BF9D
:206A000008B502680B689A4201D0002008BD0431102204300EF0CBF9B0FA80F0400908BDC5
:206A2000042070470429024808BF0020704700BF16FCFFFF836805481B6990FBF3F007EE78
:206A4000900AF8EEE77A17EE900A704740420F00837D43F020038375704700BF807DC0F3FA
:206A60004010704710B50C310446FFF7BDFD204610BD00BF084B094A0321C3F80815D2F8B5
:206A80000034DB07FBD40123936090F80832002BFBD10120704700BF00F0014000700040C9
:206AA000F8B504460F4B03600025816004F11C060C301746FFF780FD21463046A575FEF70D
:206AC000D5F8E368E7755B8863824FF40072022330462582A5762946A2822383FEF7F2F850
:206AE0002046F8BDA87C0400807D00F010007047072914D8032A12D810B4C37D01761B01D5
:206B000003F1804342F4805403F5E043427644EA01210020C3F818155DF8044B70476FF4CB
:206B20007A7070478176704710B5898A04460022FFF748FD20464FF0FF3300228821FFF7EF
:206B400089FD204610BD00BF38B504468069036800219B6B9847A06903684FF47A51DB6C63
:206B600098472269A17D07EE902A01290B46F8EE677AB8BF012303EB8303B3EE007AB2FBC5
:206B8000F3F3FF2B67EE877A2FD9802300225B1002F10102FBD101293AD92649072AC1F8FF
:206BA000F4352BDD9FED247A67EE877A4FF48072C4F80422A069FDEEE77A03680021DB6BE6
:206BC00017EE902A9847A3691C4A5B691C48012103F5A0740225C3F80012C2F80855C2F88A
:206BE0001845C2F81C05D96038BD5B10CED101291DD910490122C1F8F435D9E7012303FAC6
:206C000002F207EE102AB8EEC77AC7EE877ACFE70123934007EE103AB8EEC77AC7EE877A2B
:206C200004490123C1F8F425C4F80432C2E71A46F6E700BF007000400000803B00F00140DE
:206C4000047000402DE9F047504D0560002582B0456004460E4691469A46F8F7B7FF4C4AA5
:206C6000A66102F1080330322360A26021462A462573657304F11C00FFF712FF214604F16D
:206C800058000122FFF70CFF214604F194000222FFF706FF214604F1D0000322FFF700FF23
:206CA000214604F586700422FFF7FAFE214604F5A4700522FFF7F4FE214604F5C27006222D
:206CC000FFF7EEFE04F5FE770722214604F5E070FFF7E6FE04F500763846FFF76DFC3046EF
:206CE000FFF76AFC4FF001084FF40073A382214601A8A4F804A0C4F81090A57584F8085279
:206D0000C4F80482FFF710FF01A93846FFF77CFC01A8FFF771FC214601A8FFF705FF01A9D6
:206D20003046FFF771FC01A8FFF766FC194E1A4BE57580271C60C6F88070BFF34F8FBFF340
:206D40006F8F164B164AC3F800550320C3F8F00514492320C3F80403C2F808852046C2F8C8
:206D60001015C2F81435FFF7EFFE86F80753C6F880713760A06903685B6A9847A06903685E
:206D80001B6B9847204602B0BDE8F08754700400D07C040000E100E0603B00200070004016
:206DA00000F0014004710040F0B5514D51492B68514C524A85B0012600930B6801932368C3
:206DC00002930023136017681660009A2A60019A0A60029A2260A1F2446103222324C1F8EF
:206DE00000351F46C1F8F0258E46C1F804431A469C468375064617E0CFB2877596F835306A
:206E000096F8331096F8344043F480530EEB011143EA0423082AC1F8183506F13C06C5F808
:206E20001025C5F814C51CD013019C1A00EB840403F1804594F8324014F0100407F1010195
:206E400005F5E04502F1010203F18043D4D103F5E043082AC3F8104506F13C06C3F8144517
:206E6000E2D117B9384605B0F0BD254D04460126C5F80065FFF768FEE77D7F3704EB8707B7
:206E800003A82146FFF750FE03A93846FFF7BCFB03A8FFF7B1FBD4F80422A17DE07DA38ADE
:206EA000B24001FB02F204EB800093FBF2F702FB17329B1AD0F8FC21124801F1004103EBAF
:206EC000D3730139043233410327C5F82C26C5F8303602EB41022E6048F68801C0F8047576
:206EE00084F8086213889942FCD0012005B0F0BD407600404476004048760040FC7F00403E
:206F00000070004000F0014008B5034689B190F8083203F0FF011BBB184B194A19701368FB
:206F20001849DB0903F00100DB0708701CD4002008BD144A12785AB9104A1278002AF6D01A
:206F400093F80822002AF2D11846FFF72DFFEEE70B4A80211160094A1278002AF0D1E6E73E
:206F6000FFF788FD0146D7E78023C2F88030BFF34F8FBFF36F8F002008BD00BF71430020CC
:206F800000E100E07043002038B590F8083204460D465BB9AB7D43F01003AB7594F80832A9
:206FA00013B92046FFF700FF002038BDFFF762FDF0E700BF90F8082238B5044612B9016194
:206FC000002038BD0D46FFF755FD25610028F7D094F80832002BF3D12046FFF7E5FEEFE7C2
:206FE00007EE901AB7EE007AF4EEC77AF1EE10FA06D49FED137AF4EEC77AF1EE10FA06DDE5
:207000000368104A9B69934218D1FFF713BDC7EE276A10B504468068FDEEE67A17EE901AEC
:20702000FFF7C8FF2368074A9B699342204603D1BDE81040FFF7FEBCBDE81040184700BFEC
:2070400000247449356A030038B50D460446FFF7B3FA02F003FEEB7D7F3305EB8301204699
:20706000FFF7D2FA02F0ECFD204638BD30B5837D13F0100483B002D1204603B030BD0446C6
:2070800001A8A168FFF7E0FF0023E57D1B481A4602F151010901415801B10133954202F189
:2070A000010228D0082AF3D1154B01990A1D48F68800D55A8542134412D0A5684988AD7DC1
:2070C0000A449A424FEA450502D805E09A4203D92B4419888142F9D15B1BB3F900302382F8
:2070E000248A01A824B2FFF787FA24EAE474A4B2204603B030BD013B5B00D6E70070004026
:207100002EF8FFFFF8B50E460446097D19481546F9F7C8FCC8B1317D1648F9F77FFC471EB5
:20712000A5B13D01E91B8900631893F83230DB0613D53368104ADB6D934214D10023ED1BDB
:20714000237304EB850404F11C00F8BD3D01ED1B04EB850404F11C00F8BD1C3121442046BF
:20716000FFF712FFE5E73046002204F108019847EDE700BF587C04002192020031B18B7DBD
:20718000DB0601D4FFF700BF002070476FF47A70704700BF29B338B58B7DDB060BD590F8D0
:2071A0000842054604F0FF033CB98A7D02F0EF0218468A7538BD002038BD0C46FFF75AFC60
:2071C000A37D03F0EF03A3750028F4D095F8083203F0FF04002BEED12846FFF7E5FD204653
:2071E00038BD6FF47A70704710B5837D0229044603F0100303D0012900D853B910BD002B7D
:20720000FCD1837DDB060DD5A37D43F01003A37510BD01468068FFF7BDFFA37D03F0EF03AD
:20722000A37510BD01468068FFF7AEFEECE700BF38B500220546FFF765FF38B104460146D8
:207240002846FFF7A7FFA37DDB06FCD42B7B1BB12B6828469B699847002038BDA0F108004F
:20726000FFF7E6BF2DE9F04F857D847EED0685B005D54CB1013C847605B0BDE8F08F002CDF
:20728000F8D105B0BDE8F08F0F68B7F802804FEA68089045F0DD043707EB480807EB4207A1
:2072A00000E0A846A8F10205EC1B641094FBF3F603FB1644002CF4D1B5F900200282827DD3
:2072C0009206D9D5012B064649D0B0F91210C0680A1DB84500EB020BB0F802A0CCD95D007C
:2072E00006F10C03A146019307E0B6F91230534530D0B845C0D9B6F91210514504F10104A6
:2073000013D0B7F9003099440E9B9C422F44ECD199FBF4F4ABF80040738A02331BB2002494
:207320000BF1020B7382A146E1E70122B6F9141003A8FFF747F903A90198FFF765F903A885
:20734000FFF75AF9F26800237382B2F802A002F1040BD6E706F11C00FDF740FCC9E70C3038
:20736000FFF752F9F3685B88738206F11C00FDF735FC81E72DE9F0433B4BD3F8042185B005
:2073800005461AB9D3F81431002B42D095F81780354F08F1010303F00103EB75D7F834166D
:2073A00008F17F0805EB8808490040460024FFF7A9F9264605F11C0902E00134082C1DD083
:2073C00004F151031B01FB58002BF6D0414603A8FFF70AF9D5F80422AB7D0092C4EB041069
:2073E000324609EB800003A9FFF73CFF013403A8FFF702F9082C06F10106E1D11A4BD3F8DF
:20740000042112B10022C3F80421174BD3F814211ABB154ED6F80031E3B1EC7D013404F0C3
:20742000010404F17F07294605EB870703A87E34FFF77AFB05EB840503A93846FFF7E4F8A2
:2074400003A8FFF7D9F86B6800220433C6F82C36C6F8002105B0BDE8F0830022C3F81421B0
:2074600085F80822D5E700BF00700040024B186808B1FFF77FBF7047603B0020184B03F1B7
:2074800028022DE9F04106460360826000F5FE7700F5017500E025462C1F2046FFF7ACF87F
:2074A000A742F8D1DFF84080243D06F11C0745F81C8C3C3C2846FDF73BFB04F10C00FFF71C
:2074C0009BF8A742A5F13C05F1D1064B336000233046F380F8F7EAFB3046BDE8F08100BF88
:2074E000D87C040054700400A87C0400194B03F128022DE9F04106460360826000F5FE7780
:2075000000F5017500E025462C1F2046FFF774F8A742F8D1DFF84480243D06F11C0745F89D
:207520001C8C3C3C2846FDF703FB04F10C00FFF763F8A742A5F13C05F1D1074B33600023EF
:20754000F3803046F8F7B2FB30460DF001FC3046BDE8F081D87C040054700400A87C040062
:20756000154A4369914218D9144A914221D9013210B44FF0C86000249142C3F80045C3F801
:20758000240503D14FF0C462C3F8242506220020C3F800255DF8044B70474FF0CC72002164
:2075A000C3F80015C3F824250622C3F80025002070474FF08062F2E78FD003007F1A06001D
:2075C000704700BF10B504460DF0C2FB204610BDF0B585B004AC066804F8012D9DF82C70E6
:2075E000009722461F46366A012305460C46B04738B92B68009021463A469C6A0A9B2846BB
:20760000A04705B0F0BD00BFC3688B4210B5044606D003698B4203D0237953B9002010BDE4
:2076200023680022DB6B1146204698472379002BF4D02368054A9B6B9342204603D10DF044
:2076400087FB002010BD9847E8E700BFC5750300C368002B3AD00369002B37D01A6870B56C
:2076600004460121184613689847E068036801211B6898470420F9F747FA0025E068036882
:2076800002219B689847014608BB206903681B6898470420F9F738FA2069036801211B68A6
:2076A0000D4498470420F9F72FFA092DE6D1E068036800211B6898470420F9F725FAE068BF
:2076C000036801211B68BDE8704018477047002DEDD170BD38B5044615460A4600F10C0137
:2076E000FAF702F82A4604F110012046F9F7FCFF6269E3680025C2F80055F3B12369E3B1CA
:2077000001212046F9F7EEFF0621E06801F0F2F80621206901F0EEF82046FFF799FFE068F7
:20772000036802219B6898472069036802219B68984729462046F9F7D5FF0A20F9F7E4F950
:20774000D4E904239AB1107DE268AAB1147DC3F808054FF0CC710622C3F80C450A20C3F8DA
:207760002415C3F80025F9F7CFF9002038BDE2684FF0FF30002AE9D14FF0FF34E7E700BF88
:20778000F8B504461D4617460E46F9F79DFF0022104B2360C4E9022222615DB1284602F090
:2077A000CDFA606160B13A4631462046FFF792FF2046F8BD012002F0E3FA60610028F2D195
:2077C0005A20E9F7F1FE3A4631462046FFF782FF2046F8BD0C7D04002DE9F04143698EB2B1
:2077E00082B09A590546002A61D1D3F82441002C36D14FF00108334F10E0D3F8482592B91D
:20780000632C54DC0A20F9F77FF96B699A59002A4DD1D3F824211ABBBC4221D0D3F85021F8
:207820000134002AE9D1632CECDDD3F860213AB1D3F80022D10503D5D3F84821002A32D0A5
:20784000D3F86021002ADDD0D3F800229205D9D5D3F80421002AD5D1C3F814801446D1E7B2
:20786000D3F8C424C3F8C4240022C3F82421D3F82421019201220199134C1A625A6101E0B9
:20788000013C16D00A20F9F73FF96B69D3F80431002BF5D00D4CA86808B1F9F735F9204609
:2078A00002B0BDE8F081C3F81C801446AAE70024F1E72B682A69DB6BE968044C2846984768
:2078C000E9E700BF41420F00A08601000EFCFFFF70B44469C1F34701C4F888150021C4F855
:2078E000041189B0D4F804610696069EC4F82411D4F824610596059EC4F86011D4F860618F
:207900000496049EC4F85C11D4F85C610396039EC4F85011D4F850610296029EC4F84C1154
:20792000D4F84C619DF830500196019EC4F84425C4F8483575B14FF480720123C4F80022C8
:20794000A360D4F84821DAB94FF4A47109B070BCFFF742BF4FF400720123C4F80022A3606E
:20796000D4F84821A2B12362C4F84851D4F848310793079B4FF4827109B070BCFFF72CBF28
:207980002362C4F84811D4F848310793079BDBE74FF48271DAE700BF70B54469C1F3470186
:2079A000C4F888150021C4F8041188B0D4F804610696069EC4F82411D4F824610596059E53
:2079C000C4F86011D4F860610496049EC4F85C11D4F85C610396039EC4F85011D4F850612B
:2079E0000296029EC4F84C11D4F84C619DF830500196019EC4F83425C4F83835B5B94FF483
:207A000080520123C4F800222360D4F8482132B12362C4F84851D4F848310793079B4FF459
:207A2000827108B0BDE87040FFF7D6BE01232360D4F8482192B94FF4AE710446FFF7CCFE29
:207A400008B108B070BD6369012220464FF4A471DA6108B0BDE87040FFF7BEBE2362C4F8E0
:207A60004811D4F848310793079BE4E70E4B03F12C0103F1380270B5C0E902120546036029
:207A800000F12C0600F13404043C2046FEF7B4FDA642F9D1054B2B6000232846EB80F8F7D6
:207AA00005F9284670BD00BF547D04005470040070B544690D7D00234FF0FF3604EB83026A
:207AC0000133D2F86015A94208BFC2F86065042BF4D1037C13B103689B699847002070BD30
:207AE000A0F10C00FFF7E4BF0F4B03F12C0103F1380270B5C0E902120546036000F12C06F4
:207B000000F13404043C2046FEF776FDA642F9D1064B2B600023EB802846F8F7C7F8284688
:207B20000DF016F9284670BD547D0400547004004369D3F8080570479FED1F7A07EE901A02
:207B4000C7EE277A10B4B0EE677ABEEECE7A17EE101AB1F5004F29DB0023013341FA03F2E9
:207B6000B2F5004FF9DA072B04DD144B5DF8044B184670471C4612FA03F348BF0F331B1138
:207B800007EE903ADFED0C6A4169F8EEE77A002386EEA77AC1F80C45C1F808255DF8044BA7
:207BA000C0ED097A80ED087A18467047002417EE102A2346DFE700BF0024744900407AC4E1
:207BC0002DE9F843494D05600025456004460F4616469846BDF82090F7F7F8FF4448676118
:207BE00000F12C0200F13803C4E9022320602574657404F12C00FEF7DFFC04F13000FEF76B
:207C0000DBFC63693B4F66630126A4F80490E561657625852576A676E676C3F800554FF0EA
:207C20008023C7E90033C7E9023341462046FFF783FF6369304AC3F804550227042030217C
:207C40009342C3F81075C3F84855C3F82855C3F84C55C3F82C55A676E676C3F81465C3F880
:207C60000002C3F8041320D0244A93422FD0244A93420CD0606B016801224D68227604F146
:207C80000801C3F80025A8472046BDE8F8831D4A1D4B92681D49C2F8C81004221C49C3F87F
:207CA00084215A6063698C60E4E7194A154B14609A681849C2F8B010A3F540634FF0805282
:207CC000C3F880211A6063690C4A9342CFD10D4A0D4B92681049C2F8C41002220C49C3F873
:207CE00084215A6063694C60C1E700BF54700400547D0400643B002000C001400010024097
:207D00000020024000ED00E000E100E0697F0300743B0020497F0300597F030007EE901A74
:207D2000FEEECE7A10B417EE901AB1F5004F23DB0022013241FA02F3B3F5004FF9DA072A29
:207D40001FDC14464169DFED106AC1F80C45C1F80835934048BF0F331B1107EE903AF8EEF1
:207D6000E77A002386EEA77AC0ED097A80ED087A18465DF8044B7047002417EE903A2246B7
:207D8000E0E76FF47A73F3E700247449406A704743690020C3F81015704700BFC27681765F
:207DA000436939B93022C3F81415C3F80012C3F808237047012004213022C3F81405C3F85E
:207DC0000012C3F80423704770B590F92930044682B0C0696BB1626901235360D2F804318F
:207DE000002BFBD0002565762585D0B9002002B070BD0D46F0B9A37E002BF7D0637E002B40
:207E0000F4D0E37E002BF1D163691C4903EB451508220123C5F82015C5F8242584F82930BC
:207E2000E5E723680138E061DB6920469847284602B070BD616B0B6805F10B061B6801A829
:207E400004EB8606984701A93046FEF7DDFB01A8FEF7D2FB04EB85026369D16AE26903EBBA
:207E600045150B1DC5F820354988531E49100120C5F82415E36102B070BD00BF643B00201B
:207E800038B5C369817E01330446C36119B1637E63B1002038BDFFF797FFC8B16369012260
:207EA0009A60A37E002BF2D1002038BD0125657694F828102046FFF787FF94F828302B44AA
:207EC0002B4084F828303BB9636901229A60E0E7E37E002BE5D0E1E7E3691BB9002363769A
:207EE000002038BD29462046FFF76EFF94F82830013303F0010384F82830002BEED1E3E79E
:207F0000A0F10800FFF7BCBF38B54369D3F81021044672B9D3F8143103B938BD002584F8EB
:207F2000285001212046FFF74FFF6369C3F8145138BD012380F828300021FFF745FF636901
:207F40000022C3F81021E5E7024B186808B1FFF7DBBF7047743B0020024B586808B1FFF7EF
:207F6000D3BF7047743B0020024B986808B1FFF7CBBF7047743B0020426900230376C2F8DC
:207F800000357047032A26DC70B502F5AC7642690B7D52F826209A421BD00B680C460546EE
:207FA0001B6E08469847236800211B68204698476A692368217D42F82610204605F10C01C2
:207FC000DB6D00229847E38843F00803E380002070BD002070BD6FF47A70704703681B6ABE
:207FE000184700BFF8B5C7688F4208D0054616460C4617B103681B6E98472671EC60F8BDB2
:2080000010B5036804465B6C9847236820465B68BDE81040184700BFF0B40479A40728D5B0
:20802000002922DB002A20DD002B1EDDB4294FF47A74A8BFB42104FB01F10F4F05680F4E6A
:208040002D6B8908A7FB017102EBD277A3EB670304FB03F3890802FB013286FB0231D21762
:208060002B46C2EBA111F0BC18476FF47A70F0BC70470348FBE700BF176CC116D34D62109D
:2080800016FCFFFFC08800F00500003018BF0120704700BF037D0B4A1F2B98BF4FF0A0425E
:2080A00003F01F03D2F81415012202FA03F30B4206D1C08800F00A00003018BF012070475E
:2080C0001046704700030050C08810F0030018BF01207047C08800F00C00003018BF0120DA
:2080E000704700BF03684FF47A729B6B02FB01F1184700BF08B50368DB6B9847024BA3FB25
:208100000030800908BD00BFD34D6210027D0F4B202A38BF4FF0A04302F01F0203EB8203CE
:208120000129D3F80027417122F00C0207D0022908BF42F00C02C3F800270020704742F05D
:208140000402C3F800270020704700BF00030050D0F8103521EA0301C0F81815704700BFD7
:20816000D0F810351940C0F81815704738B503799A071ED5C3885B07044602D403681B6E3F
:2081800098470D4B1868A0B101222146FEF7BAFF054670B1E06810B1F9F7A2FA18B9E38862
:2081A00043F00403E3802846FEF760FFC0F30F1038BD024838BD00BF443C002016FCFFFFEB
:2081C00070B52DED028BC38882B01B07019137D51C4D1D4C286808EE101AFFF7A9FCF8EE93
:2081E000487A08EE900A17EE901A2868FFF796FDF8EEE88A04F108062388286807EE103A90
:20820000B8EE478AFFF794FC07EE900AB8EEE77A27EE087AC7EE287AFCEEE77A17EE903AC3
:2082200024F8023BB442E7D1084B0749186808220123FDF709FA002002B0BDEC028B70BD9A
:208240000348F9E7483C00204C3C0020543C002016FCFFFF38B5027D1B4B202A38BF4FF095
:20826000A04302F01F020125D3F8144505FA02F2144224D10D460446D1B9C3F80C2518460F
:208280001146FFF76DFF217D0F4B202938BF4FF0A043D3F81435134213D0236820461B6E05
:2082A0009847236829461B6820469847002038BDC3F8082518461146FFF74AFFE3E7002042
:2082C00038BD024838BD00BF0003005012FCFFFF38B5C3889B0704460D4614D5C06810B103
:2082E000F9F7FEF978B1227D012302F01F018B408DB31E491F2A8CBF0A464FF0A042002002
:20830000C2F8083538BD236820461B6E9847217D164B202901F01F004FF0010238BF4FF048
:20832000A0438240A5B9C3F80C2520290F4BE28838BF4FF0A04303EB800342F00202D3F8B6
:20834000001741F00101C3F800170020E28038BDC3F80825E9E705491F2A8CBF0A464FF061
:20836000A0420020C2F80C3538BD00BF00030050C388DB0770B5044616D5C06810B1F9F799
:20838000AFF988B1237D2049202B38BF4FF0A0410122D1F8101503F01F0302FA03F30B422C
:2083A00014BF1046002070BD2368174D1B6E20469847237DE0882168202B03F01F0234BFA7
:2083C0004FF0A0432B4603EB820340F00102D3F800074E6C617920F00300C3F80007E280C7
:2083E0002046B047237D202B38BF4FF0A0450122D5F8101503F01F0302FA03F30B4214BFDE
:208400001046002070BD00BF0003005008B5C3881B070AD5064B1868FFF7B8FC07EE900A94
:20842000FCEEE77A17EE900A08BD024808BD00BF483C002016FCFFFF38B50368234A9B6A41
:20844000934204461DD1C588C5F38025C5B9E06810B1F9F745F9B8B1227D1D4BE1881F2A8E
:2084600098BF4FF0A04302F01F0203EB820301F43062D3F8001721F44031C3F80017E280DA
:2084800038BD98470546E1E7E068E388026843F480631268E380214690470E4BE1681B687E
:2084A0000BB103F10C05A942227D02D00023E360D3E7094BFF25181D13F9011B914208BF10
:2084C00003F8015C9842F7D1F0E700BF7191020000030050483C00201421002070B504464D
:2084E00015464FF480760E482371012200232F2D21812575E68020606271C4E9033302D9A9
:208500003220E9F751F8074A0749084B42F825404FF000454022C1F804531A60204670BD4A
:20852000987D0400803B00200060004000E100E00379DB0755D5F0B5C388DA0683B00D4608
:20854000044603D5C3F3C023994223D0236820461B6E9847012D23682ED05B68204698477A
:2085600023682420DE6D0CF0FAFB002322890746CDE9003321460123FAF7AEFE07F10C01BF
:2085800001222046B047E38823F400639BB243F01103E380012DE0680AD038B150F80C3CB6
:2085A000DB690C3803B0BDE8F04018470368FFDE0028F3D10368FFDE3420DE6D0CF0CFFB6B
:2085C000094A40F6AC53074612682146FCF732F82A4607F10C012046B047E38843F40063F1
:2085E000D5E70248704700BF403C002016FCFFFFC188C1F3C021FFF79BBF00BF10B5044657
:2086000084B00A46002368462189FDF7A7FCE3684BB1029AD96ADA626846521A0023CDE96F
:208620000223FDF7C5FC04B010BD00BF10B5C388590684B0044609D49A060DD41B0603D5DC
:2086400023690BB10120984704B010BD0521FFF7D5FFE3889A06F1D50123022221896846F0
:20866000FDF77CFCE388E9E710B5C388590684B0044609D49A060DD41B0603D523690BB1C7
:208680000020984704B010BD0421FFF7B7FFE3889A06F1D50123032221896846FDF75EFCC9
:2086A000E388E9E72DE9F04BD0F8204584B0054674B3DFF890800E4601274FF01F0BB4FAE1
:2086C00084FCABEB0C03991907FA03F258F8219024EA0204B9F1000F18D0B9F8062012F03E
:2086E000E00F05EB83030FD0D3F8002782F48032C3F80027D3F8003713F4803F48461CD0F8
:20870000FFF794FFB9F80620930508D4002CD4D14FF0FF33C5F8203504B0BDE8F08BF7F76F
:208720009DFF0028F2D00123052240F2FF316846FDF714FC002CC0D1EAE7FFF795FFB9F88B
:208740000620E1E7803B002008B5094BD3F87C2102B908BD0021C3F87C114FF0A040FFF7D9
:20876000A1FF20210348BDE80840FFF79BBF00BF0060004000030050C38813F0E00F70B57C
:2087800004460D4640D05A060ED423F0E003022D9BB218D0032D22D0012DE38004BF43F0E7
:2087A0008003E380002070BD032D11D0E068036821461B689847E388002223F0E003022D47
:2087C0009BB2E260E8D143F02003E380002070BD23F0E00343F04003E380002070BD43F0FC
:2087E0004003E38030200CF0BAFA2146054608F0E1FAF9F7DBFF2368E86229462046DB6D92
:2088000001229847002070BD03685B689847237D114A1F2B98BF4FF0A04203F01F0302EB3D
:208820008301D1F8006726F44036C1F8006758B1D1F8000740F44030C1F80007012199409C
:20884000E388C2F820159EE7D1F8000740F40030C1F80007F2E700BF0003005000B583B072
:20886000042920D8DFE801F0100A0A0A03000368DB6A9847002003B05DF804FBFFF77CFFC3
:20888000002003B05DF804FBC38803F0F0031BB9084603B05DF804FB036801911B6E9847F2
:2088A00001990846E7E76FF47A70E4E738B5036804465B680D469847E3885B0605D529463E
:2088C000E068BDE8384008F003BB2368084A5B6D93424FF00301204607D1FFF74DFF2946D1
:2088E000E068BDE8384008F0F3BA9847E7E700BF5D880300072913D8027D0B4B202A38BFE9
:208900004FF0A04302F01F0203EB82030020D3F8002722F4E06242EA0121C3F8001770476E
:208920006FF47A70704700BF0003005010B4037D0C4A00290CBF00244FF440741F2B03F03B
:208940001F018CBF13464FF0A04303EB81030020D3F8002722F4E0622243C3F800275DF8B9
:20896000044B704700030050027D0B4B202A38BF4FF0A04302F01F0203EB8203D3F80027EE
:2089800022F44032C3F80027D3F8002742EA0141C3F80017704700BF00030050F0B5154C6C
:2089A000236883B0CBB1144D2E6816B1002003B0F0BD38200CF0D3F92268104B10491324AA
:2089C00007460094FFF7FCF83846314601222F60FFF7E4F9002003B0F0BD44200CF0BFF9BA
:2089E0000546FCF7F5FD284603212560FCF798FDD9E700BF543C0020483C0020000048424B
:208A000000C0014003799B0760D5B1F5806F5FD2C3881A072DE9F04105460E4602D40368A9
:208A20001B6E98472C4F297D3A464FF0FF34002312F9010B884208BF1C460133042BF7D163
:208A4000631C2FD0DFF8A880E86810B1F8F748FE18B9EB8843F00803EB80D8F800001F4D2A
:208A6000FFF766F807EE906ADFED1D6A1D4AB8EEE77AF7EE007AE7EE667A2946012307EE56
:208A8000100AB8EEC77A106867EE877A0822FDEEE77A17EE906A25F81460FCF7D5FD00201C
:208AA000BDE8F0812846FFF779FF0F4BDFF840801C78297DD8F80000013404F00304224631
:208AC000395529461C70FFF75DFABDE7074870476FF47A70704700BF142100204C3C002056
:208AE0000000803A543C00207023002016FCFFFF483C002070B5174D2DED028B044608EE35
:208B0000101AFFF74BFF2868FFF740F9DFED127A07EE100AB4EE677AF1EE10FA04D02868F5
:208B200017EE901AFFF7FAF8DFED0C7A9FED0A7A2368B8EE488A204628EE278ADB68C8EE13
:208B4000077ABDEC028BBDE87040FDEEE77A17EE901A1847483C002000409C460000804425
:208B60001F4B026A9A4220D01E4B994209D94FF0004143698B4202D0002341618376002084
:208B80007047194B99421FD8184B99421FD8184B99421FD8174B99421FD8174B99428CBFC2
:208BA0004FF080614FF00071E3E7144B994202D94FF0A051DDE7A3F57403A3F5105399422D
:208BC000D2D94FF02061D4E74FF08041D1E74FF00051CEE74FF08051CBE74FF00061C8E761
:208BE00000F00240FF117A00FF083D007F841E003F420F001FA107008FD00300FF47E8016C
:208C0000082A4FF000034176837614BF6FF47A7018467047704700BF10B504460CF098F8EA
:208C2000204610BD036AD3F8182182B100B50022C3F8182187B0D3F81811436A019101998E
:208C400033B14262806A984707B05DF804FB704701230322182102A8FDF780F9F4E700BFCE
:208C600070B5012104468176F8F73CFD236AA0680021C3F80015002873D003681B68984786
:208C8000A068627E0368012A5B6C8CBF022101219847A368E0681D7D002867D003685B68A6
:208CA0009847E068627E0368012A5B6C8CBF022101219847E36820691E7D617E00285BD040
:208CC0000368012994BF002101211B6898472369617E187D236A6269C3F808050139C9B232
:208CE0000229C3F80C55C3F81065C3F824259CBF264A52F8211094F9182088BF0021002561
:208D0000C3F8541542200721AA42C3F8C055C3F80403C3F8001532DB02F1604202F561421B
:208D2000E02382F8003394F91830002B13DB5909603103F01F030122154802FA03F340F8E3
:208D4000213094F91830002B05DB03F01F015B098A4040F8232020460121BDE87040F8F75A
:208D6000C1BCE0684FF0FF35002897D12069617E4FF0FF360028A3D14FF0FF30AAE7054B64
:208D800002F00F021344E0221A76CCE7047E040000E100E0FCEC00E070B5044616460A460A
:208DA00000F108011D46F8F79FFC324604F10C012046F8F799FC2A4604F110010025204667
:208DC000F8F792FC2046A576FFF74AFF284670BD38B504460498174DA1600021C4E903238F
:208DE000256021716171C8B100F0A8FF2062D8B101F018F863692076B3F1805F1CBF4FF06F
:208E00008053636100220023A276206A637663622246094901F03AF8204638BD042000F0EA
:208E2000AFFF20620028E3D15A20E8F7BDFB206ADEE700BF187E0400258C03002DE9F0476C
:208E4000847E82B005468A46DDE90A87164699462CB3B6F5803F35D2B8F5803F32D22C6ADB
:208E60000020C4F844A5C4F84865C4F83495C4F83885C4F81801D4F818310193019BC4F8F0
:208E80005005C4F840056FB1012240230C996F62A9622261C4F8043302B0BDE8F087FFF71B
:208EA000DFFED6E703211820F7F722F92B6A012140221961C3F80423F7F79CFA384602B08A
:208EC000BDE8F0876FF47A70E6E700BFF0B585B0B2F5803F144606460F469C460A9D02D205
:208EE000B5F5803F09D363462246394630460A9505B0BDE8F04007F0BDBE00240095CDE91D
:208F00000144FFF79BFF05B0F0BD00BF2DE9F041DDE90664DDF82080C4B1B2F5803F074647
:208F20008C4615469E4602D2B6F5803F0AD3CDE90748069673462A4638466146BDE8F04140
:208F400007F0C4BEBDE8F041FFF778BF6FF47A70BDE8F08130B585B000250122C17600F1A8
:208F60001C0300F11B01CDE9015500920446FFF765FFA842ACBF207F014805B030BD00BFE5
:208F80000AFCFFFF21B9436E4FF40472C3F8082300207047B1F5614F43D00FD9B1F5612F45
:208FA0002AD0234B994219D0B1F5613F2BD0436E4FF0EB720020C3F82425704747F61223AA
:208FC000994227D0B1F5164F0FD0B1F5165FEED1436E184AC3F8242500207047436E4FF01D
:208FE00080520020C3F824257047436E4FF41D020020C3F824257047436E4FF070620020F4
:20900000C3F824257047436E4FF06C720020C3F824257047436E4FF400020020C3F82425D2
:209020007047436E4FF46B020020C3F82425704740420F000050270070B504460E46154617
:209040002046F9F7FFF80028FADC94F83C3003F0FF00002BF4D1636E317D2A7DC3F80C15E9
:20906000C3F8142570BD00BF0021F8F7CBBF00BF70B5044684B0B9B9C3895A073DD5636E12
:2090800004F144012022C3F83415C3F83825636E4FF4047200212164C3F80423636E012232
:2090A0001A60002004B070BD01290D46F9D190F83C30002BF5D1F9F7C5F80028F1D0A08E45
:2090C000A38E94F83060E16A5A1C92FBF6F306FB13239BB282B22068A3868369895C20466C
:2090E0009847A38E628E9A42DBD12B46022240F2FF316846FCF732FFD3E7F8F7B5FCE38959
:209100005B07BCD4002004B070BD00BF10B584B004468DF8071002E094F83C301BB100F028
:2091200089FD0028F8D000F085FD70B1636E0022C3F82021D3F82011636E03910399C3F87F
:209140005821D3F858310293029B626E01230DF1070184F83C30C2F84415C2F84835626E14
:20916000936000F067FDA0B1636E00E099B9D3F82021D3F85811002AF8D061B90122DA60AB
:20918000626ED2F85831002BFBD00020002384F83C3004B010BD0148F8E700BF09FCFFFF20
:2091A00070B50446406E0E4600F03CFE05461EB1E18911F0200125D0002D14DA23680021B2
:2091C0005B68204698472046F9F73CF8002804DD236801215B6820469847A16B2046F8F7DE
:2091E00015FD002070BD6B099B0003F1604303F5614305F01F05012202FA05F5C3F8805110
:209200001D60DBE72368134A9B6893421ED1636E4FF40472C3F808232046F9F713F8002867
:20922000FADC94F83C30002BF6D1002DD9DB6B0920330122084905F01F0502FA05F541F80A
:209240002350BFF34F8FBFF36F8FCAE720469847E2E700BF858F030000E100E0A0F108006C
:20926000FFF79EBF10B5244B426E036023493C338360C2F8081382B00446406E00F0D2FDD8
:2092800000280DDB4309203301221D4900F01F0002FA00F041F82300BFF34F8FBFF36F8FFF
:2092A000626ED2F8003223F02003C2F80032626E01235360626E0021C2F85811D2F85811D2
:2092C000626E01910199D360626ED2F85831002BFBD00023C2F80035636E4FF0FF32C3F838
:2092E0000C25C3F81425606E00F06EFD2046F8F7B5FF204602B010BD447E04001403420013
:2093000000E100E0A0F10800FFF7ACBF10B50446FFF7A8FF20460BF01BFD204610BD00BF7B
:20932000A0F10800FFF7F2BFF0B514248BB00C25CDE900451F462346154604460E46F8F7F3
:20934000DDFB514B236000223C3384F83C20A36062662264002F00F08A80384600F0EEFCDB
:209360006066002800F08A804FF0EB73C0F82435636E0022C3F86C252046F8F763FF002839
:20938000FADC94F83C3003F0FF02002BF4D1636E307D297DC3F80C05C3F81415636E3B48F3
:2093A000C3F80821D3F80811636E09910999C3F81021D3F81011636E08910899C3F82021F9
:2093C000D3F82011636E07910799C3F82421D3F82411636E06910699C3F84421D3F8441141
:2093E000636E05910599C3F85821D3F85811636E04910499C3F84C21D3F84C31626E039327
:20940000039BD2F80032224943F02003C2F80032636EC3F80403606E224600F037FD606E4A
:2094200000F000FD00281BDB43099B0000F1604103F1604303F5614301F5614100F01F00CE
:20944000012202FA00F0202581F80053C3F880011860636E08222046C3F800250BB0F0BD8F
:209460000C4B00F00F00034420221A76F1E7102000F086FC606600287FF476AF5A20E8F724
:2094800093F8606E70E700BF447E040014034A00E1940300FCEC00E030B5436ED3F83C5504
:2094A000026CAA4283B0044606DA0022C3F80821D3F808310193019B236C9D420BDD236CD6
:2094C0005A1C2344226493F844102046F8F7FCF9236CAB42F3DB0023236403B030BD00BFAD
:2094E00070B5456ED5F8083188B00446D3B1036C1F2B17DC002602E0236C1F2B12DCC5F850
:209500000861D5F808310193019B236C5A1C2344226493F844102046F8F7D6F9D5F80831B1
:20952000002BE9D1D5F81031002B3AD1D5F84C3173B10023C5F84C31D5F84C31626E039387
:20954000202104F144030398C2F83435C2F83815D5F8243153B10023C5F82431D5F824314C
:209560000493049BD5F88034C5F88034D5F8443133B10023C5F84431D5F844310593059BCE
:20958000D5F82031C3B9D5F8583143B10023C5F85831D5F858210792079A84F83C3008B05E
:2095A00070BD0023C5F81031D5F8103102932046029BFFF771FFB9E70023C5F82031D5F8B3
:2095C00020210692069A84F83C302046F8F73AFE002802DC0123EB60D5E72046F8F7CAF954
:2095E000D1E700BF10B5034B03600446FBF700FA204610BDA47E040010B5054B036004462D
:20960000FBF7F6F920460BF0A3FB204610BD00BFA47E040010B50446D4E90E2352694FF457
:209620007A50002BD2F84415C2F8440522DA1B4A616B0020C2F81005013393FBF1F201FB52
:209640001233E36300F00AFBD4E90E2352690121002BD1600ADB0233104A54F82330DB690C
:209660001B7D1B0243F00113C2F81035BDE8104000F0E6BA023354F82300FBF743F8E36B4B
:20968000064A616B0020C2F81005002BD4D10129D2D14FF0FF33E363D4E700BF0060004051
:2096A000416B82B08DE80C0011B102B0FFF7B2BF02B0704770B5104C236886B073B102ADF2
:2096C0002846FCF76BFC24680C4B2268566A9E4206D1636B13B12046FFF79CFF06B070BD72
:2096E00006AB13E903008DE80300204695E80C00B04706B070BD00BF583C0020A1960300CC
:2097000070B50E4611460446FBF72EF933681C4A1C49146000259B6BA6632160E5632946D0
:2097200030469847A06B184E03684FF47A51DB6C9847A06B03682946DB6B144D4FF47A5229
:209740009847A06B124B01684269C3F82055CD694432C3F82425B5424FF00402C3F80425AE
:2097600009D10C4BC3604B6A9847A06B03689B6A9847204670BD0749A847A06B0168F2E788
:20978000583C0020A47E0400996102000061004000F00140B596030038B50D460446FBF757
:2097A0004BF828460021FAF78DFF636B012B01D0002038BDA06B03685B6B9847002038BD4A
:2097C00038B50D460446FAF7EFFF28460021FAF779FF636B13B9024AC2F81035002038BD2E
:2097E00000600040007A704790F910304901002BC9B207DB03F1604303F56143002083F82F
:2098000000137047034A03F00F031A4400201176704700BFFCEC00E090F91030002B11DB09
:209820005A0910B460320A4C03F01F03012101FA03F344F8223043695DF8044B01220020D0
:209840001A607047436901221A600020704700BF00E100E090F91030002B07DB03F01F004F
:2098600001225B090249824041F823200020704700E100E010B5036804461B6B9847636995
:2098800001225A6000201A6110BD00BF90F91030002B0DDB5A0920320121064803F01F03AE
:2098A00001FA03F340F82230BFF34F8FBFF36F8F0020704700E100E0012902D006D3022955
:2098C00002D14369C3F804150020704743690022C3F8042500207047437A013B99420FDC16
:2098E00010B44FF48033446901F5A87003FA01F144F820200020C4F804135DF8044B70473A
:209900006FF47A70704700BF437A013B994211DC30B4446904EB81054FF48033D5F84005B5
:2099200003FA01F10244C5F840250020C4F8041330BC70476FF47A70704700BF437A013B7E
:20994000994208DC42694FF4803303FA01F1C2F80813002070476FF47A707047032907D8FD
:20996000DFE801F01710090243690322C3F8082501720020704743690222C3F808250172CF
:209980000020704743690022C3F8082501720020704743690122C3F80825017200207047EF
:2099A00010B5044B036000230446C380F6F77EF9204610BD5470040010B5064B0360002385
:2099C0000446C380F6F772F920460BF0C1F9204610BD00BF5470040010B5034629B190F95C
:2099E0001020002A0CDA002010BDC288D107FAD5196822F00102DA808B6A9847002010BD98
:209A00005409084951F8241002F01F0221FA02F2D407E8D5C288016842F00102C2800B6BC1
:209A20009847E0E700E100E038B590F91030002B044611DA0025236820461B6B9847626963
:209A40000123D360D368002BFCD11DB1236820469B6A9847002038BD5909044A52F8215059
:209A600003F01F03DD4005F00105E4E700E100E0B1F57A5F14D830B4002201254FF47A5485
:209A800005FA02F3B4FBF3F3994205D3436930BC0020C3F8102570470132092AF0D1F5E728
:209AA0006FF47A70704700BF70B590F910500368002D04461B6B07DA984763690122DA6480
:209AC000D3F84C65304670BD69090A4A52F821609847636905F01F05012226FA05F5DA6497
:209AE000D3F84C65EB07EDD5236820469B6A9847304670BD00E100E00E4BF0B453F8207025
:209B0000B7B100237E6918469C46012506EB830205FA03F4D2F84011013319B12043C0B213
:209B2000C2F840C1042BF1D1FB680BB1F0BC1847F0BC70475C3C00200020FFF7DDBF00BFC3
:209B40000120FFF7D9BF00BF0220FFF7D5BF00BF0320FFF7D1BF00BF0420FFF7CDBF00BF5F
:209B6000F8B52D4B03600026466004460D461746F6F72CF829492A48277403238D42E660CC
:209B80006561206063723CD0264A954230D002F58032954237D1244A204642F82340FFF768
:209BA00075FE94F9103062690121002B5160116120DB03F1604303F56143402283F80023FC
:209BC00001231A464FF47A51092B02FA03F003F1010504D0B1FBF0F0B0F57A7F1AD861691C
:209BE0000322C1F810352046C1F808252272F8BD0223D0E70D4A03F00F031A44402313762B
:209C0000DEE70123C7E70A4B9D4208BF0423C2D03346C0E72B46D7E7547004000090004012
:209C2000D47E040000A000405C3C0020FCEC00E000B00140014B93F9000070477243002019
:209C4000054A1378013B5BB2002B01DD137070470023137062B670477243002072B6024AE0
:209C600013780133137070477243002020BF70474FF0805130B44C6E086E0022234642EAA5
:209C800000042046194630BC704700BFBFF34F8F0549064BCA6802F4E0621343CB60BFF3CD
:209CA0004F8F00BFFDE700BF00ED00E00400FA05704700BF08B50B4B0122C3F840250221A5
:209CC0000022930003F1A0430132202AC3F80017C3F8001AF5D1FFF7EBFFBDE80840E6F764
:209CE000F9BD00BF00E0014000487047000002204020F6F7B3BD00BF81637047416370473B
:209D0000C1637047C06B7047EFF30880704700BF406B7047C0E900128360704710B5054BDA
:209D2000054C1846A1684FF480720BF04FF8A06010BD00BF0024002000ED00E0F0B40E4F56
:209D40000E4E3C680523012505FA03F2224203EB430103F1FF3303D156F82110814205D01A
:209D60005A1CF1D100210846F0BC704722433A600846F0BC704700BF743C00202C7F0400EB
:209D8000F0B40F4FDFF83CC03C6862460523012505FA03F1214202D1566C304207D1013BE3
:209DA000591CA2F10C02F3D10020F0BC704703EB430321435CF823003960F0BC704700BF7C
:209DC000743C00202C7F0400144B98421ED003F5E04398421CD0A3F5343398421AD003F541
:209DE0000433984218D0B0F1402F06D0A3F50033984208BF002001D07047012008490122DB
:209E00000B68824023EA02030B6070470520F5E70420F3E70320F1E70220EFE70080024025
:209E2000743C002008B5174B984218D0B0F1402F1ED003F5003398421CD0A3F504339842D9
:209E40001AD003F53433984218D0A3F5E043984216D05A20E7F7A8FB4FF0FF3008BD00232B
:209E6000094A03EB430302EB830393F9040008BD0123F5E70223F3E70323F1E70423EFE799
:209E80000523EDE7003000402C7F040038B5184B98420D46144620D0B0F1402F1FD003F5E9
:209EA000003398421DD0A3F5043398421BD003F53433984219D0A3F5E043984208BF05236E
:209EC00004D05A20E7F770FB4FF0FF33094A0A4842F8235040F8234038BD0023F6E7012374
:209EE000F4E70223F2E70323F0E70423EEE700BF00300040783C0020903C0020024A034B07
:209F000010681B68184700BF903C0020783C0020024A034B50685B68184700BF903C002049
:209F2000783C0020024A034B90689B68184700BF903C0020783C0020024A034BD068DB68C5
:209F4000184700BF903C0020783C0020024A034B10691B69184700BF903C0020783C0020AE
:209F6000024A034B50695B69184700BF903C0020783C0020002815D0006041608260C360D9
:209F8000046145618661C761444604624C464462544684625C46C462644604636E464663C9
:209FA00074468463002906D0C46B043C043925680D60B442F9D1946BA646566BB546002BC9
:209FC00006D0D46B043C043B1D682560B442F9D1146BA446D46AA346946AA246546AA14608
:209FE000146AA046D769966955691469D3685168106892687047006041608260C3600461FB
:20A0000045618661C761444604624C464462544684625C46C462644604636E4646637446F3
:20A020008463C46B043C043925680D60B442F9D1C7698669456904697047006041608260FF
:20A04000C360046145618661C761444604624C464462544684625C46C462644604636C4690
:20A0600044637446846304697047846BA646446BA546046BA446C46AA346846AA246446A0B
:20A08000A146046AA046C769866945690469C36882680068416870470649074A074B9B1AC7
:20A0A00003DD043BC858D050FBDC00F025F8FFF701FE0000F8870400402000200024002021
:20A0C000FEE7FEE7FEE7FEE7FEE7FEE7FEE7FEE7FEE7FEE7BFF34F8F0549064BCA6802F437
:20A0E000E0621343CB60BFF34F8F00BFFDE700BF00ED00E00400FA0508B57F4B1A68511C65
:20A1000028D07E4B0D2A1B6800F09A807A4A12680D2A40D07A4AD2F8883043F47003C2F88B
:20A120008830BFF34F8FBFF36F8F4FF01023D3F80C22D20700F1BF80D3F80022002AC0F2EA
:20A140009480D3F80432002BC0F28F806D4B6E4A1A6008BD6D4A6E4B12781B680D2AC3F3E5
:20A16000031310D1012B6DD9684A694B12781B680D2AC3F3031306D1012B19D95E4B1A68E0
:20A18000501C40F0B680614A614B12781B680D2AC3F30313BED1012BBCD84FF08043D3F86A
:20A1A0000024D10744BF6FF00102C3F80024B1E74FF08052574BD2F80414C3F82015D2F878
:20A1C0000814C3F82415D2F80C14C3F82815D2F81014C3F82C15D2F81414C3F83015D2F8E7
:20A1E0001814C3F83415D2F81C14C3F84015D2F82014C3F84415D2F82414C3F84815D2F82F
:20A200002814C3F84C15D2F82C14C3F85015D2F83014C3F85415D2F83414C3F86015D2F87E
:20A220003814C3F86415D2F83C14C3F86815D2F84014C3F86C15D2F84424C3F870259DE7EC
:20A24000012B0CD82C4A4FF0804312680021C3F80C11C3F81011C3F83815531C84D0274BEA
:20A260000D2A1B687FF452AF86E72B4A0123C2F80435D2F80034002BFBD04FF0102312211E
:20A28000254AC3F80012D2F80034002BFBD04FF010231221204AC3F80412D2F80034002B85
:20A2A000FBD000231C49C2F80435D1F80034002BFBD0FFF70FFF184B0122C3F80425D3F82C
:20A2C0000024002AFBD04FF01021134BD1F80C2222F00102C1F80C22D3F80024002AFBD0C0
:20A2E00000210D4AC3F80415D2F80034002BFBD0DFE704331B680BE7300100103401001026
:20A3000000ED00E01C2100200090D003E00F00F0E80F00F000C0004000E00140D0E90223EB
:20A32000D1E90201994208BF90422CBF01200020704700BF2DE930480C4800F0CFFA0C4B58
:20A340000C49D3E90023D1E9004512EB000B43F1000CAC4508BFA3455846614603D21BF1BC
:20A3600080704CF10001BDE8308800BF20210020803800208838002030B583B005460C46C5
:20A380000B4801A900F07CFB70B10570446001A9074800F07FFB08B903B030BD054800F01E
:20A3A000A1FA002003B030BD042003B030BD00BF043D0020202100201B4B1B782DE9304876
:20A3C00023B118B1037F03F0FF041BB900242046BDE830880546FFF7ADFFD5E90223994202
:20A3E00008BF90421BD32B69BBB1D5E90530984729690029EAD02B7F03F0FF04002BE5D00F
:20A40000D5E9022312EB010B43F1000CC5E902BC2946064800F0EEFBD9E72B77E5E7294671
:20A42000024800F0E7FBD2E773430020787F04002DE9F04F83B0834600F024FA40B15B4982
:20A44000D1E9002312F1807443F10005C1E900450021584600F030FA554C30B1236823B146
:20A460002068FFF7A9FF002323600121584600F023FA20B1FFF75EFF4E4BC3E9000101A92F
:20A480004D4800F017FB08B34C4E4D4F4A4D0378012B6CD073D3022B0ED130464FF00008AB
:20A4A00000F0BCFB30B180F81C80304600F0B6FB0028F8D101233B7001A9284600F004FB22
:20A4C00001A9284600F0F6FA0028E0D1DFF8EC80DFF8F090DFF8F0A003E00D2838D0002367
:20A4E0002360404600F0A0FB2368002858D05BB12368D0E90201D3E90223994208BF904245
:20A500001FD223681B7F3BBB404600F087FBD0E902670546FFF70EFF361A67EB0107012EEE
:20A5200077F1000310DB56451BD8AA684FF496030021484600F026F90028CED1236843B343
:20A54000256003B0BDE8F08F0021484600F0AAF92846FFF731FFC2E72168404600F04AFBDC
:20A56000D2E7484600F0BAF900EB0A02DEE741682368994211D0304600F05AFB9CE741685E
:20A580000B7F002B98D101230B77304600F032FB92E7584600F0CCF8D2E7002323608BE7C8
:20A5A000002BCED1584600F0C7F8CAE780380020143D002088380020043D0020787F04004E
:20A5C0007343002020210020FFFFB40010B5134B13491B68134882B058220193082300F0DA
:20A5E00015FA044610B1204602B010BD0E4A0F4801A900F05BF804460028F4D101210B4814
:20A6000000F038F901231946094A084800F098F8084B012220461A7002B010BD747F040097
:20A62000AC3C0020043D002031A4030020210020FFFF7F00734300204AB1A1F1010103682B
:20A64000B1FA81F14909C3E90412002070470720704700BF037F0BB1002070472DE93048B2
:20A66000826104460D46FFF765FE236910EB050B41F1000CC4E902BC03B125612146002000
:20A68000BDE83048FFF778BE0023014603770120FFF772BE014800F04FB800BF20210020E6
:20A6A000014800F045B800BF20210020F0B444791C4D1D4FE600AB1947F824201B7973BB1F
:20A6C00003680A88C3F808258A7890F904305201002BD1B2DFB21CDB5A09920002F16042C3
:20A6E00003F1604302F5614207F01F074FF0010C03F561430CFA07F783F80013C2F88071E7
:20A700001760AB19012245F834001A710020F0BC7047064B07F00F073B441976F1E70820F0
:20A72000F0BC7047183D0020203D0020FCEC00E0036801221A607047036801225A6070473E
:20A7400070B48C0004F5A0740068A4B24FF480358D400026C0F80853C0F84853065183B0A3
:20A760000459019401F5A87122F07F42019C40F82120C0F844530BB1C0F8045303B070BCF6
:20A78000704700BF2DE9F04F04684FEA81084FF480358D4004EB080C08F5A076C4F848538E
:20A7A000B6B2C4F8085381460F464FF0000AD4F80415DCF84005CCF8401544F806A085B087
:20A7C000401A20F07F40A159029101289B4622F07F42029B0ED1264B019243F001034FF4EC
:20A7E00080609847D9F80040019A44F806A0A3590393039BD4F80465C4F84453931B23F093
:20A800007F43012B18D107F5A877194B013244F8272043F001034FF480609847D9F80040E2
:20A82000D4F804359E421FD10020C4F84453C4F8045305B0BDE8F08FA044531EC8F840256A
:20A84000D4F80415CBF1FF1B5B1A0BF57F4B23F07F439B4508D3002BE6D10132C8F8402534
:20A86000D4F804359942DFD00D2005B0BDE8F08F5056040003680222C3F8442309B1C3F873
:20A88000042370470368D3F8040150B1002282B0C3F80421D3F804310193019B012002B067
:20A8A0007047704702684FF4803303FA01F1C2F84813C2F808137047890001F5A07189B26F
:20A8C0000368585840B100225A5082B05B580193019B012002B07047704700BF0368D3F855
:20A8E0000405704790F90430002B09DB5A09403203F01F030121034801FA03F340F82230FA
:20A90000704700BF00E100E0024A034B10681B68184700BF183D0020203D0020BAB1126876
:20A92000D243C1B130B401440C4C4D1E013810F8013F082153405A08DB0748BF6240013940
:20A940001346F8D18542F2D1D04330BC70474FF0FF320029E6D1D043704700BF2083B8ED74
:20A9600010B483B050E8013F9CB2B0F80EC06444B0F80CC0644528BFA4EB0C04B0F808C0E9
:20A98000644502BFBFF32F8F002208E0C4EA030440E8014CBCF1000FE4D14FF001028DF871
:20A9A00003200193019B9DF803000B6003B05DF8044B704710B483B050E8023F1FFAA3F413
:20A9C000B0F806C0644502BFBFF32F8F002211E0B0F80EC06444B0F80CC0644528BFA4EB6B
:20A9E0000C04C3EA044440E8024CBCF1000FE3D14FF001028DF803200193019B9DF80300BA
:20AA00000B6003B05DF8044B704700BF99B110B4B2FBF3F403FB1424A4B244B9C0E9001416
:20AA200084608281C38120465DF8044B704709205DF8044B70470E20704700BF82B050E898
:20AA4000022FC188B2EB324F4FF0000317BF92B241EA014142EA014104E04268B2EB324F7B
:20AA600008BF012340E80212002AE8D18DF807309DF80730002B0CBF1120002002B0704794
:20AA800038B50446FFF76CFF10B10B882068184438BD00BF0A884B889A4201D00020704749
:20AAA00050E8012FC2EA024240E80123002BF7D10120704738B50446FFF77CFF10B14B88EB
:20AAC0002068184438BD00BF0A884B889A4201D00020704750E8022FC2EA224240E802232F
:20AAE000002BF7D10120704733DF7047064A074B10B5002414701C60BFF35F8F04490548FD
:20AB000000F062F8204610BD754300202C3D0020847F0400243D00202DE9F041244E0546CB
:20AB20000121304604F008FFBFF35F8FD8B9042D2BD0204B1A789AB91F4C012225701A7028
:20AB40001E4F7B688BB1B84605E0404600F046F87B6853B125781B68284698470028F4D191
:20AB6000BFF35F8F3060BDE8F0812378023B012B0ED903F007F9C0B94FF080430122C3F858
:20AB80000025BFF34F8F20BFFDE70B4C2578D7E7BFF34F8F0A490B4BCA6802F4E062134392
:20ABA000CB60BFF34F8F00BFFDE7FFF79DFFE3E72C3D00207543002074430020243D002022
:20ABC00000ED00E00400FA05D1E900329342C0E9001304BF00234360704700BF436843B18A
:20ABE0000268D2E901210B449342436004BF00234360704770B54468064620680D4618B93E
:20AC000008E02468206828B1B368294698470028F7D120682860256070BD00BF436818685A
:20AC200008B102681A60704743681868704700BF4068036873B18B4203D107E0814204D0C9
:20AC4000034618680028F9D1704718460B68036001207047184670476DDF704779DF70474F
:20AC60007DDF704764DF70472DE9F04F83B004880C9EBDF83490B6F800A0002C39D098462F
:20AC8000002317468B4605461C4603E02A880134A24224DD6A6852F82400019000220DF116
:20ACA000030101A8FFF7DEFF20BB9DF80320BA42ECD13288D11903B349452BDC42440DF155
:20ACC000030101A80123FFF7CDFF98B931889DF803200A4432802A880134A242DADC43B1AA
:20ACE0003388013BA3EB0A039BB2FF2B12D808F80A30002003B0BDE8F08F023101328945FC
:20AD000092B207DB328008F802B03288013292B23280D3E70C2003B0BDE8F08F2DE9F041C2
:20AD200082B01746089CBDF8245000940195022206469846FFF798FF10B102B0BDE8F08129
:20AD40004346394630461022CDE9084502B0BDE8F041FFF789BF00BF2DE9F04790F82D3089
:20AD600017881446002286B005460E462280002B40F0FC80AB78002B40F0FE80EA78A2B1B9
:20AD80002388D91CB94200F2F3800221F154238801339BB201212380F15423880B449BB2CE
:20ADA0002380F25423880B4423806B68B3B12288D11CB94200F2DC80022093F90010B05434
:20ADC000238801339BB20A222380F254238801339BB22380F1542388013323802B89002BBD
:20ADE00040F01B812B8A002B40F024812B8B002B40F02D812B6A002B44D02288911DB942EC
:20AE000000F2B6801988052940F203816FF4486801EB080080B24FF27D3C604540F2F98002
:20AE20005888052840F2F5806FF4486E86441FFA8EFEE64540F2ED804FF6FF7C614504D0D2
:20AE4000604502D0814200F2E4800521B1542288013292B212212280B1542288013292B21B
:20AE600022801988B1543244090A51702288023292B222805B88B35432441B0A5370238889
:20AE8000023323806B6A002B2FD09988B4F800C0881C0CF102020244BA4269D8FE2867D8C1
:20AEA000033106F80C102288013292B2FF212280B1542288013292B222801988B15432447D
:20AEC000090A51702088023080B220809A8862B199680393002900F09C80304409F076FF0F
:20AEE000039B9A8823881344238095F82C30002B40F08A80287800283BD02B88012B00F0FD
:20AF00008880228802F1020CBC4531D8012804D16B78023313449F422AD3BB1E9B1A06A9EC
:20AF20009BB221F8083D06EB0C00FFF799FE00BB2978BDF81020022900F0E180687890426D
:20AF4000C0F0D8809342C0F0D5800921FE2A0FD82388501CF054238801339BB22380F15467
:20AF6000238801331A442280002002E0082F23D80C2006B0BDE8F08723880433BB42F7D812
:20AF800004A8FFF76BFE0028F3D12388BDF810200321F154238801339BB219212380F15473
:20AFA000238801339BB2F1182380F254120A4A70238802332380E1E604A8FFF74DFE00283E
:20AFC000D7D123889DF810200821F154238801339BB21B212380F154238806A901339BB2C0
:20AFE00051F8070D2380F050334489889980238806339BB212F0FE0218BF01222380F2545A
:20B00000238801332380B5E6D5F82880B8F1000F2AD1072006B0BDE8F087CDE9004733467C
:20B020000622022105F10800FFF778FE00283FF4D9AE9EE7CDE9004733460722032105F13B
:20B040001000FFF76BFE00283FF4D0AE91E7CDE9004733461522142105F11800FFF75EFEEE
:20B0600000283FF4C7AE84E7B8F804300233FE2B3FF67EAF4FF000094FF0160A228801336C
:20B08000B354238801339BB2238006F803A0238801339BB22380B8F80020F2543344120AC1
:20B0A0005A702088023080B22080B8F8043030441A465BB1D8F808301946002BA9D009F052
:20B0C00085FEB8F8042023881344238009F1010995F82C305FFA89F94B4509EB49087FF662
:20B0E00009AFAB6A03EB8808B8F804300233FE2BC4D93DE7012906D01A46082126E7934297
:20B10000BFF423AFF8E78342F6D3024608211DE775DF704776DF70477ADF70477BDF704790
:20B1200030B51D4B1A8884B2A24283B001D003B030BD1A4D187A297B88420FD32A7C002152
:20B140001972E2B96B69002BF1D00022ADF806408DF8042001A8984703B030BD104603F1E1
:20B160000A01FFF7D5FF28B11128E0D0AB69002BF1D1DCE71A7A01321A7203B030BD3B2125
:20B180002046FFF7C7FF30F00803DBD0AB69002BD8D09847D6E700BF4C3D0020303D00203F
:20B1A00070B54B7A82B002467BB90F4C0E7A4868D4E90153002E0CBF29461946FFF74AFA52
:20B1C00008B1A3696BB902B070BD074B5B6900200872002BF7D00121ADF806208DF804107F
:20B1E00001A8984702B070BD303D00208388B3F5FA7F28BF6FF4F97230B428BF9D1804886E
:20B200004A8838BF002594420DD8408890420AD38888A84207D303F2F313834234BF002067
:20B22000012030BC7047002030BC70470288112A70B503462FD01BD9122A07D0502A04D1FF
:20B240003A4CC188E289914236D070BD384C828825889542F9D100F1080104F10A00FFF7E3
:20B26000C5FF607221462846BDE87040FFF798BF102AEAD1C27B012AE7D12D4C21884FF645
:20B28000FF7291422FD0294B9B69002BDDD00420BDE870401847264C828823889A42D4D19B
:20B2A0006068FFF7F1F918B1204B9B6903B198474FF6FF73238070BD028A022AC5D11C4DDD
:20B2C00082882E889642C0D1123000F061FA30BB6868FFF7D9F90028B7D0A369002BB4D0CB
:20B2E000BDE870401847134A8588258003CA04F10A02C4F80E1003F110010023C4F80A00F5
:20B3000023721046FFF772FF084B6072DB89002B9BD121462846BDE87040FFF741BF29462C
:20B320003046BDE87040FFF73BBF00BF303D00204C3D0020603D002000282FD0F8B5054681
:20B3400006460FCD164F3C460FC4844695E80700144B3B6084E80700BCF1000F18D0604606
:20B36000FFF7DAFE98B932681068516803C30E4B0E490F4A18464FF6FF7440F8041F1C8007
:20B380000021FFF759F9002814BF03200020F8BD1846FFF7C3FE0028E9D0F8BD0E207047C1
:20B3A000303D0020603D00204C3D00209038002021B10300F0B583B00190A1B1019D7DB156
:20B3C00000240E4617462546214601A804F070FA394610B1A0B2B04701350134142CF3D1C7
:20B3E000284603B0F0BD0D46284603B0F0BD00BF0146014804F05CBA6C3D002070B582B0E5
:20B4000006460191019D6DB100242546214601A804F04EFA18B106EB450301359C8001342E
:20B42000142CF3D13046356002B070BD2DE9F0470388B0F80480103B8CB007460A2B1BD81E
:20B44000DFE803F02F281A1A1A1A1A1A1A1D0600047A38482409032C41464BD804F01EFAF2
:20B46000032C49D04146344804F018FA022C47D04146324804F012FA0CB0BDE8F087037AE0
:20B48000002BF9D1437A2B481B0741464FD404F005FAF1E741462A4804F000FA0CB0BDE8A8
:20B4A000F087284EB3680CA8DB4340F8303D716804F064FA009901A8FFF7A0FF019B83B13B
:20B4C0000DF106097C3609EB430A39F8025F1E4C20462946043404F0E1F9A642F8D1D145CE
:20B4E000F3D1B8F1130F12D9042003F0B1F80CB0BDE8F08704F0B8F941460F4804F0B4F916
:20B5000041460E4804F0B0F90CB0BDE8F08741460B4804F0A9F941460B4804F0A5F9FB7B87
:20B52000012BA9D04146094804F09EF9A4E704F09BF9A1E7803D00207C3D0020783D0020DD
:20B54000703D0020683D00206C3D0020743D0020132801D900207047FFF74ABF132801D9BF
:20B5600000207047FFF744BF132801D90020704710B50446FFF73CFF08B9002010BD2146BA
:20B58000034804F095F9002814BF0220012010BD703D0020132801D90020704710B504460B
:20B5A000FFF726FF08B9002010BD21460248BDE8104004F07DB900BF783D0020132801D949
:20B5C0000020704710B50446FFF712FF08B9002010BD21460248BDE8104004F069B900BF55
:20B5E0007C3D0020132801D90020704710B50446FFF7FEFE08B9002010BD21460248BDE881
:20B60000104004F055B900BF803D002070B50A4B82B002AE9B6846F8043D00252C46214660
:20B62000304604F045F9013400B10135142CF6D1284602B070BD00BF683D002070B50E4AF1
:20B6400082B0D36802A8DB4340F8083D02AE916804F094F9009B46F8043D00252C462146F6
:20B66000304604F025F9013400B10135142CF6D1284602B070BD00BF683D002010B5034B3B
:20B6800004465968FFF7BAFE204610BD683D002010B5094982B0CA6802ABD24343F8042D50
:20B6A00004468968184604F069F920460199FFF7A5FE204602B010BD683D002008B5182162
:20B6C000024804F0FFF8C0B208BD00BF683D002070B50C4C054620460E4604F0E9F808B16A
:20B6E000132D01D9002070BD2846FFF781FE0028F8D0F01D04EB80002946BDE8704004F0DC
:20B70000D7B800BF683D0020F8B50E4C0546204617460E4604F0CCF808B1132D00D9F8BD6E
:20B720002846FFF765FE0028F9D0F01D04EB800029461FB9BDE8F84004F0B0B8BDE8F84078
:20B7400004F092B8683D0020034B9B680A4601461846FFF72FBE00BF683D0020F8B50A4C36
:20B7600005460E4620462946174604F0A1F800B9F8BD063504EB85043A4660683146BDE8E6
:20B78000F840FFF717BE00BF683D0020AADF7047007800F0010070470078C0F340007047A0
:20B7A00070B58C7890B01346002C40F0AF8001228DF80E204A7C0C88ADF80C40013A0024BC
:20B7C0008DF80240ADF80040042A09D8DFE812F00500C600CA00CE00C20011228DF80020E8
:20B7E0008C7C013C042C09D8DFE814F00500C800CC00B000C40011228DF80120CD7B9DF865
:20B8000002400A7C0E7B65F3C3040D7D62F30414002D4A7B14BF0225012566F3000465F3FA
:20B82000420412F0300F4FF000058DF80240CDE90955CDE90B55CDE90D550F9569D1002234
:20B84000CDE906224D7B08928C688A7B8DF824508DF8252003AD8A88CDF814D00495ADF843
:20B860001C201CB1CA880894ADF818208C69002C2FD000268DF80660ADF804602688227B6F
:20B88000ADF82C606688ADF82E6001AD66680A96013A0D95042A28D8DFE802F024948488B2
:20B8A000900011228DF80520A67A9DF80650E27A66F3C30562F30415A27B267A002A2C46CC
:20B8C00066F3000414BF0222012262F342048DF80640CA6902B10C9209A904AAFFF756FF5C
:20B8E00010B070BD11228DF80420627B013A042ADAD801A555F822F0A3B8030095B90300D3
:20B900009DB903008DB90300B5B903008DF80E4050E7CA7CADF80850013A8DF80A50042A7F
:20B9200007D8DFE802F0035F5B57530011228DF809209DF80A2002AC0E94012464F3420258
:20B9400011248DF80A208DF8084078E712228DF8012053E722228DF8002041E721228DF8EA
:20B9600000203DE731228DF8002039E712228DF8002035E722228DF801203FE721228DF89E
:20B9800001203BE731228DF8012037E712228DF8052089E721228DF8052085E731228DF8CE
:20B9A000052081E731228DF804209EE712228DF804209AE722228DF8052075E722228DF808
:20B9C000042092E721228DF804208EE722228DF80920AEE712228DF80920AAE731228DF897
:20B9E0000920A6E721228DF80920A2E790DF7047A5DF7047B5DF704710B5002384B0044605
:20BA00006A46184602A9ADF80840ADF80A4003930093ADF80430FFF7E9FF04B010BD00BF71
:20BA200008B90E20704730B403464FF017151B240020172219611D6041F61B311C71DA80CF
:20BA40001A819872D872998130BC70478388C3B930B50288232A83B00C4613D036D93A2A1C
:20BA600018D0552A3FD0242A5ED0A37A3BB1E1880020FFF7BDFF10B90123A072E37203B089
:20BA800030BD7047007A0B7B984228BF1846FFF7B3FFEAE74289C98825698A4228BF0A46BD
:20BAA000172A38BF1722228165B1E17A51B140F67721ADF80010ADF80230ADF8042069462D
:20BAC0002046A8470023E372A372D8E7102A3FD0112ACAD1172241F61B31A372E372E2801E
:20BAE0002281A181CBE7C288C988A372172A38BF17228A4228BF0A4618462281FFF77AFF3B
:20BB0000E37A002BB1D12269002AAED02189ADF8023040F67720ADF80000ADF804102046D6
:20BB200069469047A37AA1E70A69017A6173002A9BD04DF67A20ADF80430ADF802308DF871
:20BB40000410ADF80000694620469047A37A8DE7C37B08790873012B0CBF2188C9882389D8
:20BB600008BFE1808B4204D3637B8342BFF47DAF8DE70020FFF73CFF18B90123E372207BCD
:20BB8000F2E7112809BF0123207B207BA372EBE72DE9F041DFF8988000238AB04FF6FF7043
:20BBA00088F80030CDE9003300F0DCFC4FF6FF76B0421FD0044648F2096707E000F06EFC54
:20BBC000204600F0CFFCB042044613D0A4F58045ADB228466A4602A903F094FDB8422046BB
:20BBE000ECD0284603F0FEFC48F207629042034603D043B90AB0BDE8F081012388F80030FD
:20BC00000AB0BDE8F08100220721079305A84FF6FF73CDE90522CDE90822ADF818408DF8CD
:20BC20001410ADF8163000F063FA0AB0BDE8F0817643002010B58389047886B003F58043C1
:20BC400000229BB2611ECDE90122CDE90322ADF808300592042913D8DFE801F0323232194F
:20BC600003004368002B55D113238DF804304FF6FF7301A8ADF80830ADF8063000F038FA9C
:20BC80002D4C23780BB1FFF783FF06B010BD43F6FE729342F4D8C289002AF1D14268002A84
:20BCA00042D00B2303928DF80430234C01224FF6FF7301A82270ADF8063000F019FAE0E7CD
:20BCC00043F6FE729342C1891ED8D0E90132A4F10304B4FA84F464098DF80C108DF80D4018
:20BCE0000492E3B99DF81430082243F001038DF814308DF804204FF6FF7301A8ADF806302B
:20BD00000D4C00F0F5F9BCE701F580439BB29342DBD9B5E7142203938DF80420A7E70922F0
:20BD200005938DF80420E6E718460A238DF8043000F0B4FBB9E700BF7643002010B5A1F57F
:20BD4000804182B0A0F58040002489B26B4680B2CDE9004403F09AFCA04214BF0520204696
:20BD600002B010BD30B5184889B003F06FFA30BB03F084FA0546F0B900F070FBCDE90355B1
:20BD80000DE005A803F0CEFB019B9C8804F58044A4B205A803F0F0FB204600F067FB05A989
:20BDA00003AA4CF2070003F08DFC01A90028E8D0284609B030BD8625284609B030BD032590
:20BDC000284609B030BD00BF35BC0300F0B5FF2887B004D8012906D00C1F052C03D9072559
:20BDE000284607B0F0BD164603AA1F460C46FFF7A5FFE0B901A903A803F094FB0546B0B9F3
:20BE0000019BB4705B8833800299A7B13A6870689C00A24228BF2246164608F0D7FFB44270
:20BE20000BD803A803F0A8FB284607B0F0BD0525284607B0F0BD7160F3E70C25F8E700BF96
:20BE4000024B0022C3E90022704700BFE43D0020012804D0031F052B01D90120704770B5C8
:20BE6000044686B0A0F5804016460D4680B203A90D4A03F027FC10B1002006B070BD01A985
:20BE800003A803F04FFB0028F6D1DDE9012193885288328003F58043B470716003A82B8036
:20BEA00003F06AFB0120E8E7E43D0020F0B5FF2887B005D88C78012C06D0231F052B03D9C4
:20BEC0000724204607B0F0BD0B46A4F5804621465C681B88ADF80260A0F58047154603AA84
:20BEE000ADF80070CDE90143FFF728FF052813D0694603A803F06EFB044648F206639C4285
:20BF00001AD00FD948F207639C4203D048F20D639C420FD11124D4E7694603A803F056FB04
:20BF20000446EAE734B9002DCBD0294603A803F009FCC6E70324C4E78624C2E74FF6FF7099
:20BF400000F094BAFF2806D808B500F095FAFFF71FFE002008BD0720704700BF00F0B2BA71
:20BF600000F0D8BA00F0FEBA00F002BB70B41D4E0546002202EB4203980036F82330AB42B6
:20BF800005D00132042AF5D1002070BC7047304483788B421ED0531C042BF5D05800C418E1
:20BFA00036F82440AC420ED002EB420206EB820202E09489AC4205D00133042B02F10C0257
:20BFC000F7D1E1E75800184406EB80001A4683788B42E0D1837A9B07DDD14368002BDAD105
:20BFE00070BC70473C3F002070B5037A05465BB10D4E0024697A2144C9B2304600F06EFFB5
:20C000002B7A0134A342F5D8AB7A002203F0FD03FF204FF6FF716FF3000368722A72AB728E
:20C020002980A9706A6070BD2C3F002010B582B08278417A044600232B48CDE900338DF8C2
:20C04000022000F031FF002839D0237AA178019003EB83039B004A1EADF800308DF8021043
:20C06000072A08D8DFE802F01E070707071E042E1423ADF800306946221D2088FFF716FFBF
:20C0800007280DD012D9112822D0862817D1A37A164A03F0FD0343F001030121A372117089
:20C0A00002B010BD0123ADF80030E4E738B9A37A60F3410360F30003A37202B010BD03208B
:20C0C00002B010BD838809339B08ADF80030D2E7A37A064A43F002036FF30003012100201D
:20C0E000A372117002B010BD2C3F0020774300202DE9F047444EC168044686B03746334648
:20C1000000205A68914203F10C0375D001300428F7D100202378092B19D0132B69D0082B7B
:20C120005FD04FF00008204600F0D8FA204601F09BFCDFF8D890204604F05EFA204604F028
:20C140002BF899F800307BB906B0BDE8F087637A002BE6D1002854D0827ADFF8B090436034
:20C1600042F0020298468272002489F800404FF0010A63001A1907EB8202927A91072DD4D7
:20C18000D20727D589F800A0B8F1000F22D023449D007019FFF74AFFE0B17B5BADF80830EF
:20C1A00086284FF6FF73ADF8063016BF03900623072301A88DF8043000F090FA01A801F00E
:20C1C00053FC01A804F018FA01A803F0E5FF06B0BDE8F0870134042CCBD1B5E789F800A051
:20C1E000D5E7657A002D9CD158B1FFF7FDFEA84699E74FF0010896E700EB400007EB800040
:20C2000088E780468FE700BF3C3F002077430020F0B5174E002183B033460D464FF6FF745D
:20C22000FF2701EB410206EB82021C809C705F72907A013100F0FD006FF300000429907201
:20C2400003F10C0303F8045C43F8085CE9D15023CDE900134FF4A072064B0749074800F0B6
:20C26000D5FD002814BF0320002003B0F0BD00BF3C3F00206C3F0020EC3D00202C3F002055
:20C28000F8B51E4F0646002505EB45039A0037F82330B34205F101040AD0042C2546F3D196
:20C2A0003046FFF74FFE10B1072818BF0320F8BD3A4491783046FFF759FE08B1FFF794FE9B
:20C2C000042C2346ECD06200111937F82110B1420ED005EB450507EB850202E09189B142AA
:20C2E00005D00133042B02F10C02F7D1D8E75A001A441D4607EB82025C1CDAE73C3F002019
:20C300000023FFF763BD00BF83B32DE9F041CD1F012D0C4625D8551E032D22D807461E46F1
:20C320001546FFF723FE804688B3037AAB421BD198F80910FF291FD0002788F80850254808
:20C3400000F0B2FD68B305EB85031B019BB29B083380B47070600FB1082C09D00020BDE866
:20C36000F0810720BDE8F0810F20FBE70E2070479B00063B8380F1E72946164800F05CFD4C
:20C38000FF28014688F809000FD00127D5E7FF214FF6FF70FFF7EAFD804620B10780847020
:20C3A000C6E70320DEE71120DCE798F80A3088F8020003F0FD0300226FF300034FF6FF7179
:20C3C00088F80A30A8F8001088F80820C8F804201120C7E72C3F002008B5FFF7C7FD18B1BD
:20C3E000FFF702FE002008BD052008BDCB1F012B01D90720704770B50646104615460C4636
:20C40000FFF7ACFD50B130462146FFF7AFFD38B105808470BDE87040FFF708BE072070BD36
:20C42000052070BD4FF6FF73984210B509D0FF2804460FD80846214603F020FA50B92046F2
:20C4400010BD08464FF4807103F03CFA80B2B0F5807FF5D14FF6FF7010BD00BF4022002105
:20C46000014808F0D7BC00BF703F00200149FFF7D9BF00BF703F00204FF6FF72904209D093
:20C4800010B505490446FFF7CDFF201AB0FA80F0400910BD00207047903F0020FF2800D94D
:20C4A000704710B501460446044803F0F7F921460348BDE8104003F0F1B900BF703F00206E
:20C4C000903F0020FF2801D9002070470146014803F0EEB9703F002038B54FF6FF7398421E
:20C4E0000D4615D0013084B2FF2C04D90CE09CB2B4F5807F08D02146284603F0D9F9631CC2
:20C500000028F4D0204638BD4FF6FF74204638BD0024F0E7F8B51149FFF7DEFF4FF6FF7533
:20C52000A84217D0FF28044612D80D4EA6F1200707E02046FFF7D0FFA84204460AD0FF2C6B
:20C5400006D82146304603F0B3F939460028F0D12046F8BD4FF6FF742046F8BD703F00205C
:20C56000903F00200149FFF7B7BF00BF903F002070B50024064E25462146304603F098F9FF
:20C580000134B4F5807F0544F6D1284670BD00BF703F0020074B1A7802B9704710B5044620
:20C5A00004F0BCFA204601F0BBFA2046BDE8104003F0D4BE7943002010B582B0002401925B
:20C5C0006A460094FFF702FC02B010BD2DE9F04F87B083464FF6FF708A4601929946FFF763
:20C5E000BFFC00250421CDE9031503AB04AA062102AE044602950596FFF7E8FB07283FD0A2
:20C600004FF6FF77B8464FF0FF3660B1052814D12046FFF7A5FC03AB04AA06210446FFF70A
:20C62000D5FB0028F2D1029BAB4224BFA0461D46B3423CBF1E462746EAE74FF6FF739C4262
:20C640001AD1A04520D0A7420CBF05200020BBF1000F01D0ABF80080BAF1000F01D0CAF825
:20C660000050019B03B11F80B9F1000F05D0C9F8006007B0BDE8F08F032007B0BDE8F08FF3
:20C68000052007B0BDE8F08F0520E0E70F4B70B51C7814B90E4B1C7070BD0E4D0E4E0023E2
:20C6A000294630461A46FFF791FF052805D0B0FA80F4074B64091C7070BD00232B60044B1A
:20C6C0004FF6FF7232801C7070BD00BF794300207B430020B03F0020564300202DE9F041B1
:20C6E000054686B0808804F095F92B786880083B032B3BD8DFE803F0283D1702654A664E85
:20C7000011783378002940F08A804BB1634F002457F8243028469847337801349C42F7DB30
:20C7200006B0BDE8F0815B4C2378002B37D15C4B1B78DBB15B4BAA881B889A4216D1564E10
:20C74000FFF7A4FF3378E0E76B7A2BBB56490A681AB1E868824200F09480514B1B782BB104
:20C76000504BAA881B889A4200F086804A4E3378CBE7494E6A7A3378002AC6D14A480168A0
:20C780000029C2D0EC68A142BFD1484C02602168EA6001392160B8E7012BE7D1DDE74FF607
:20C7A000FF70FFF7DDFB4FF6FF7398420646BED1FFF7D8FBB042BAD1374E327800230DF13A
:20C7C00004080C2101932370C8E90133C8E90333ADF80800ADF806008DF804109AB12F4F73
:20C7E0001C4657F8243028469847337801349C42F7DB43B1002457F824304046984733788C
:20C8000001349C42F7DB264B1B78002B88D0254AAB8812889A4283D1FFF738FF80E70DF1AE
:20C82000040800240D2101941470C8F80440C8E903444FF6FF728DF80410A968ADF8082058
:20C84000ADF806200391002B3FF46AAF134F57F8243028469847337801349C42F7DB002BF5
:20C860003FF45EAF002457F8243040469847337801349C42F7DB53E72B7A062B7FF476AF14
:20C880005DE7084A044EA8880B60EB60108033783BE700BF784300207A430020B43F0020E3
:20C8A0007B43002056430020C03F0020B03F002078B1F8B5074E337853B1074F0546002414
:20C8C00057F8243028469847337801349C42F7DBF8BD70477A430020B43F0020F8B5074E7A
:20C8E000337853B1064F0546002457F8243028469847337801349C42F7DBF8BD7A430020B3
:20C90000B43F0020FFF7EABFFFF7E8BF38B5FFF729FAD0B9FFF77CFCB8B901F0C9F8A0B94F
:20C9200000F09CFB88B903F09DFC70B903F070FE58B9074A074C0849084B10604FF6FF7597
:20C940000122258008701A7038BD032038BD00BFC03F0020564300207B43002079430020AF
:20C960000A4B1B787BB10A4A1378022B09D810B4591C084C117044F8230000205DF8044B85
:20C980007047042070470820704700BF794300207A430020B43F0020034B1B780BB101F00D
:20C9A000D9B80820704700BF7943002008B5054B1B782BB101F0F0F8082808BF112008BD2A
:20C9C000082008BD7943002009B101F0E3B87047024B1B7803B9704703F084BD794300202E
:20C9E000034B1B780BB100F093BF0820704700BF79430020084B1B7843B151B110B50C46EB
:20CA000003F096FF00232080184610BD0823184670470E231846704779430020024B187861
:20CA200000B97047FFF7A0BA7943002000B50B4B83B01B785022019243B159B10A4601AB8A
:20CA40000721FFF7B9FD03B05DF804FB082003B05DF804FB0E2003B05DF804FB79430020BB
:20CA6000034B1B780BB103F0E7BF0820704700BF7943002010B4054C24781CB15DF8044BE4
:20CA8000FFF7A4BD08205DF8044B704779430020354B1B78002B38D02DE9F041334B344D54
:20CAA000064693E8030088B02B7801AC84E8030013B3DFF8C880D8F8005015BB2D4B2E4FEB
:20CAC0001A883B68B24224D05A1C20D00133214630462A4A3B60FFF7E9F998B13B680022BD
:20CAE000013B11283B60C8F800200AD0862809D0072818BF032005E0FFF7C8FD2B78002B4E
:20CB0000D7D1112008B0BDE8F081082070471320F8E7002BDAD008233046194C0795CDE950
:20CB20000355CDE905558DF80C3003F073FF9DF81C302278ADF80E0065F300030621ADF812
:20CB400010608DF8155006958DF81C308DF8141042B10C4E56F8253003A89847237801351B
:20CB60009D42F7DB0020CDE779430020907F04007B43002056430020B03F0020C03F00207C
:20CB80007A430020B43F002076DF704710B5044682B059B901A9FFF723FF43F20202904279
:20CBA00000D0B0B99DF804309B0710D400212046FFF7FCFE58B1112809D00D2810D00B2813
:20CBC00005D043F20202904201D001F041FD02B010BD01F03DFD9DF804309B07F7D4E5E7C9
:20CBE00020461321FFF7D0FFF1E700BF017839B1072900D0704780680028FBD001F028BD74
:20CC00004088FFF7C3BF00BF2DE9F041037886B00446142B1BD8DFE803F00B1A4C1A1A1A28
:20CC20006A1A1D1A1D1A1A1A1A1A1A1A1A235C008088FFF72DFF862868D0112866D0132813
:20CC400003D8584BC340DB0701D401F001FD06B0BDE8F081544B01221A7006B0BDE8F081C9
:20CC6000524B534A1C68504B524F002504F1080815701D704FF6FF76624202F0070204F031
:20CC8000070358BF5342013437F81320B24201A80AD0029527F813600195CDE90355059569
:20CCA000ADF80820FFF7B0FFA045E5D106B0BDE8F081037A012BCAD800238288059301A8E2
:20CCC000CDE90133CDE90333ADF80820FFF79CFFBDE78368364948F20D62002093420870FC
:20CCE00002D0B3F5064FB2D100F066F8AFE7304C2378002BABD12C4D2B78E3B102F09CFC06
:20CD0000B0B148F207629042A1D09EE72749294A0B68A08822F8130001335A4202F00702D1
:20CD200003F0070358BF53420B6000F045F88EE7012323708BE701A802F00EFD30BBBDF8CE
:20CD40000A30002B14BF012300232B70D6D1002301AA19461846FFF78DFE064628B1431F7F
:20CD6000012B7FF674AF30466FE7BDF80400FFF777FE064608B101F06BFC0122731F934218
:20CD80002A707FF664AF002EB8D0ECE701F060FCBDF80A30002B14BF012300232B707FF459
:20CDA00056AFD4E7C100080071230020C43F00207C4300202821002000B587B00023062294
:20CDC00001A8CDE90133CDE9033305938DF80420FFF71AFF07B05DF804FB00BF42685AB105
:20CDE000FF2938B50D4606D00446BFF35F8F104602F05EFD08B938BD70476068BFF35F8F93
:20CE00002946BDE8384002F049BD00BF70B4DDE9034570B169B163B105FB04F6964208D89C
:20CE20003CB135B1C0E90245C0E9001370BC00207047072070BC7047F8B5002830D0036826
:20CE400006466BB3406858B3B3684BB300250F46FF2429460EE0FF2C19BF2B1B0133012301
:20CE60002C469F421DD00135B368EDB29D42294616D2706802F002FDBFF35F8F0028EAD001
:20CE8000FF2C0BD0AC4209D23368214630460BB1FFF7A4FF0134E4B2AC42F5D1FF24E2E78B
:20CEA000FF242046F8BD00BFA8B102689AB142688AB1FF2938B50D460BD00446BFF35F8F55
:20CEC000104602F0F5FC20B1E368206803FB050038BD002038BD0020704700BF18B103689E
:20CEE0000BB1FFF77BBF70477EDF70477FDF704786DF704710B50446408803F019FDA0804A
:20CF00002046BDE8104000F06FBD00BF00B587B0002304220193ADF806000DEB0200CDE9B7
:20CF20000233CDE904338DF80420FFF7E3FF07B05DF804FB30B50E4D87B0002403948DF88C
:20CF40000C10ADF80E2029780194224603250494ADF806008DF81030029405948DF804500C
:20CF6000FEF7D2FB01A8FFF7C5FF07B030BD00BF7323002030B5134B0A1C87B018BF0122D9
:20CF80000C4619780546FEF7BFFB0F4BA4F10102B2FA82F2197828465209FEF7B5FB002380
:20CFA000012201A801930393ADF806508DF80C400293CDE904338DF80420FFF79BFF07B03D
:20CFC00030BD00BF7523002074230020F0B51D4B87B00D46197816460446FEF779FB38B90E
:20CFE000014633462A462046FFF7A4FF07B0F0BD154B20461978FEF76BFB04F580730028D8
:20D000004FF0070198B214BF01270227FFF7E4F978B105280DD00023CDE901330390CDE9FF
:20D02000043301A80723ADF806408DF80430FFF761FF33462A4639462046FFF77BFF07B0F7
:20D04000F0BD00BF7523002074230020024B0A781978FEF759BB00BF72230020F8B5184C07
:20D060002378182B28D0174D2B78182B20D0164E3378182B18D0154F3B78182B10D0237891
:20D08000182B0BD02B78182B08D03378182B05D03B78182B0CBF03200020F8BD0320F8BD60
:20D0A000FEF70CFB3870EAE7FEF708FB3070E2E7FEF704FB2870DAE7FEF700FB2070D2E714
:20D0C000732300207523002074230020722300202DE9F0418AB00E4617460546FEF73EFACC
:20D0E00020220446002102A807F094FE012C10D054B1002E6AD1852102AB28460022FFF7FC
:20D10000F5FE0AB0BDE8F08143F202000AB0BDE8F081DFF8D080002298F800102846FEF7F9
:20D12000F3FA002E5AD0284603F002FC4FF6FF73984229D13378DA0758BF002139D505F5F4
:20D14000807080B26B4601220721FFF7DDF81128D7D000283ED101465022019807F05AFE2E
:20D1600001991F4A0B4601F1180C03F8344B284605974F1C11310293CDE906C7099203F06E
:20D18000EDFB48BB014617E098F800102846FEF79FFA0028CED12846FFF7B8FE98F8001049
:20D1A0002846FEF795FA0028C4D13378DB0715D485210B4B05970993012C9DD102AB324656
:20D1C0002846FFF793FE0AB0BDE8F081284603F0AFFBAFE7032094E7082092E78521EDE730
:20D1E000C83F00207223002038B50C460546FEF7B5F901280AD13CB121462846FFF774FEF8
:20D20000042808BF112038BD204638BD43F2020038BD00BF2DE9F0470388113B88B0044609
:20D22000092B2ED8DFE803F0522D05682D2D2D2DA1308088FEF792F9012811D1227AA5882D
:20D24000BA4B12F0010F08BF0226024618BF012628461978FEF758FA31462846FFF78AFED9
:20D2600034F8041F0434002303A805220594CDE90333CDE90633ADF80E108DF80C20FFF754
:20D2800039FE08B0BDE8F087A94B80881978FEF71FFA05460028F4D1A088FEF77BF90028F7
:20D2A00000F0DA80A14BA08819782A46FEF72CFAA388ADF80E3003A802238DF814508DF8A8
:20D2C00015508DF80C30FFF715FEDAE7037A8588964A3D2B284641F23D03117814BF4FF40C
:20D2E00088541C46FEF7F4F90028CAD0214628460022FFF76BFEC4E700F11006304603F0DB
:20D3000065FB4FF6FF7398420546074678D00146A08803F087FBA788844B38461978012228
:20D32000FEF7F2F938460021FFF724FE284601AA0721FEF7E5FF002875D0002500231A4627
:20D340002946A088FFF7D4FD08289AD0002840F08B80A37EDB0794D5002D92D1A0882B46DD
:20D3600041F20602FFF7E6FD8BE7704B057A1978868875B1427A304602F00304FEF7A8F967
:20D3800000283FF47EAF224629463046FFF71EFE77E72A463046FEF7B7F9637A13F00403D6
:20D3A0004CD006F58077BFB2384601AB01220721FEF7AAFF804600285CD003AF0723384667
:20D3C0000395CDF814808DF80C30ADF80E600495CDE90655FFF78EFD637AA1888DF815506D
:20D3E00013F0040F0CBF0222012202233846ADF80E108DF814208DF80C30FFF77BFD40E790
:20D40000A08803F095FAB4F80480484B0546197840460122FEF778F940460021FFF7AAFD70
:20D42000BD428AD082E7A37ED90786D5029D95F84430DA0740F1B98034357FE7A288ADF845
:20D440000E2003A802228DF815308DF80C208DF81420FFF74FFD14E701460123A08841F298
:20D460000602FFF767FD0CE70590A188002303A80722FCE6304603F05BFA4FF6FF73984271
:20D48000054681461DD0C14638462A460721FEF7ADFF034600284FD1637AA288ADF80E2064
:20D4A00013F0040F0CBF022101210222012303A88DF814108DF80C208DF81530FFF71AFD22
:20D4C000DFE60146029803F013FA4845054682465FD0DFF860A00146304603F0A3FA9AF821
:20D4E00000103046FEF7F4F881460028CBD13046FFF70CFD9AF800103046FEF7E9F80028AF
:20D50000C2D1637AA1888DF8150013F0040F0CBF02220122022303A8ADF80E108DF8142064
:20D520008DF80C30FFF7E6FCABE600BF732300207523002072230020862803AF3ED04FF032
:20D540000008384605930723CDE90388CDE906888DF80C30ADF80E60FFF7CCFC637AA18866
:20D560008DF8158013F0040F0CBF0222012202233846ADF80E108DF814208DF80C30FFF793
:20D58000B9FCB9F1000F3FF47CAE284603F054FA77E6FEF7D3FC5045054632D02946304629
:20D5A00003F040FA4FF001096EE7314605F1460003F0F2F900287FF43FAFBEE60023384641
:20D5C0000622CDE90333CDE9053307938DF80C20ADF80E60FFF78EFC637AA288ADF80E2091
:20D5E00013F0040F0CBF022101210222012338468DF814108DF80C208DF81530FFF77AFCAF
:20D600003FE603AF042307223846CDE903880593ADF80E60CDE906888DF80C20FFF76AFC28
:20D62000637AA1888DF81580DAE600BF28B3027802F08203802B1ED0C2F30213042B1AD8FB
:20D6400002F0F203322B16D0437881788B4212D8062B10D910290ED8C17810B411F00404F6
:20D6600005D10379580702D40B43190706D500205DF8044B704700207047704703F00300DB
:20D68000D30703D5003018BF0120F1E7B0FA80F04009EDE731F0080323D0112921D070B532
:20D6A0008AB000230D29064615460C46CDE90533CDE90733099315D003F03AF90723ADF88A
:20D6C0001660ADF8180005AD8DF814300FCD6E460FC62B68336068460294FFF7E9F80AB03C
:20D6E00070BD704703F024F90323ADF81660ADF8180005AC8DF814300FCC6E460FC62368CF
:20D7000033607DB12B7813F0010F0CBF0222012241F2011368468DF80820ADF80A30FFF709
:20D72000C7F8DCE70222F3E72DE9F043244B8FB00025CDE90A551B68099309AC0746894648
:20D7400094E807000DF1040888E807003846C4E90355C4E90155099503F0EAF80523ADF8FF
:20D760002800ADF826708DF824300FCC04AE0FC62368336004A8CDF81890CDF81C80FFF77D
:20D7800097F8104B01991A683846FFF7A1FC0E4BA0F11102B2FA82F20446197838465209A1
:20D7A000FDF7B2FF094B2A4619783846FDF7ACFF21463846019AFFF76DFF0FB0BDE8F08399
:20D7C000144000200840002079230020782300200021FFF7A9BF00BF2DE9F04706468EB0E1
:20D7E000904699460D4600294DD1384B0A911B6809930B9109AC94E807000DF1040A8AE84B
:20D8000007003046C4E90355C4E90155099503F08FF80527ADF82800ADF826608DF824702E
:20D820000FCC0DF1100CACE80F002368CDF81CA004A8CCF80030FFF73BF8254BDDF804A092
:20D840001B785BB3424651463046FFF7CDFC11280446204B27D0002219783046FDF754FF7E
:20D860000B2C19D012D8BCB1082C15D00327B9F1000F04D0524621463046FFF70BFF38466E
:20D880000EB0BDE8F0874FF0000ADBE70D2C03D043F202039C42E9D12746E8E79DF80D30B7
:20D8A000002BCFD1EBE7197801223046FDF72CFF094B2A4619783046FDF726FF074B4246C4
:20D8C00019783046FDF720FF0027D0E7144000207D430020782300207723002076230020CE
:20D8E000094B70B519780446FDF7F2FE074B054619782046FDF7ECFE2A460146012320463D
:20D90000BDE87040FFF768BF762300207723002000293AD0F0B583B005460C46FDF724FE64
:20D92000064670B3284603F003F8A6F102062378B6FA86F64FF6FF72821A4FEA561618BFE8
:20D94000012266F3000362F3C303237007462846FDF720FE237860F3410323702846FDF7A6
:20D960002DFE237860F3820323702846FDF73AFE68B10120237860F304130020237003B037
:20D98000F0BD43F2020003B0F0BD0E2070472846FDF700FE0028EDD038466A460721FEF7CE
:20D9A000AFFC20B9019B93F84430DB07E1D40020E0E700BF10B582B002ABE02203F8042D39
:20D9C0000C461946FFF7A4FF22789DF8041030B932EA01030CBF0120002002B010BD002303
:20D9E000184602B010BD00BF30B50378052B83B0044614D0122B04D02046FEF759FF03B023
:20DA000030BD184B40881A687AB1FDF7C3FD014668B960880A460123FFF7DEFEECE781683B
:20DA20004088FFF781FE03B030BD0121F3E7227A60880025C2F340012B4661F38203C2F36F
:20DA4000000161F3C303C2F3800202A962F3041301F8043DFFF7AEFF80F00102D2B229461A
:20DA60006088D8E71440002008B50378083BDBB20B2B06D8012202FA03F340F60F021342BE
:20DA800000D108BD064B074918780022FDF766FE054B064918780022BDE80840FDF75EBEF7
:20DAA00079230020D1D7030078230020E1D8030010B5174C2378182B0DD0164C2378182B65
:20DAC00010D0154C2378182B13D0144C2378182B16D0002010BDFDF7F1FD20700D4C2378CD
:20DAE000182BEED1FDF7EAFD20700B4C2378182BEBD1FDF7E3FD2070084C2378182BE8D179
:20DB0000FDF7DCFD1828207008BF0320E1D110BD7823002076230020772300207923002015
:20DB200008B5FFF777FB074B074918780022FDF715FE064B064918780022BDE80840FDF732
:20DB40000DBE00BF79230020D1D7030078230020E1D8030010B5044670B1FFF767FD88B19A
:20DB6000094B2068186021790848094A1971012103601170002010BD0449054A0860012171
:20DB8000117010BD072010BD0C400020144000207D430020FFF75ABA00230A461946FFF7B1
:20DBA0001BBE00BF10DF704711DF704710B582B004460C496846FDF707F8019B2BB90DE0DC
:20DBC0006846FDF70BF8019B43B1D3E90021204690470028F4D1112002B010BD002002B087
:20DBE00010BD00BF9C7F040010B582B0044609496846FCF7E9FF019B4BB1D3E90021204683
:20DC000090476846FCF7EAFF019B002BF5D102B010BD00BFB47F04000B4991F81623EC237C
:20DC200052091341DB070BD5084B9A6822B11A6842F480021A6070474FF480030B607047F8
:20DC400042F2020000F004BD00E100E090430020F0B51B4D2C7883B01CBB1A4F0126204678
:20DC60003E70FFF7A3FF112818D02046FFF7BCFF02A8154B00F8054D1B68019300F0F8FCD7
:20DC8000124901A8FFF78EFFB0FA80F304465B099DF803002B7000F011FD34B1204603B003
:20DCA000F0BD0824204603B0F0BD094B3C701C70FFF7B2FF3046FFF797FF204603B0F0BDCA
:20DCC0007F4300207E430020987F040071AD020080430020F0B51F4D2B7883B083B3012322
:20DCE0001D4E18463370FFF761FF112824D00220FFF77AFF02A8002700F8017D00F0B8FCB9
:20DD0000FFF752FF04469DF807002F7000F0D6FC9CB9124B34709A68B2B9114B4FF4800291
:20DD2000C3F88020BFF34F8FBFF36F8F0320FFF75BFF204603B0F0BD0024204603B0F0BD25
:20DD40000824204603B0F0BD1A6822F480021A60ECE700BF7F4300207E43002090430020F5
:20DD600000E100E0054B1B7833B1054B1B780BB9FFF76EBFFFF7AEBF082070477E4300202E
:20DD80007F430020014B1878704700BF7F4300200B4B1B7873B10B4B9A6862B90A4B4FF455
:20DDA0008002C3F88020BFF34F8FBFF36F8F074B01221A7070471A6822F480021A60F6E71F
:20DDC0007F4300209043002000E100E08043002010B5084C237813B1074B1B7803B910BDE4
:20DDE000064B4FF48002C3F80021FFF715FF0023237010BD804300207F43002000E100E01E
:20DE0000034B1B7813B1034B18787047012070477F4300208043002000B583B06846084944
:20DE2000FCF7D2FE019B43B1D3E9002090476846FCF7D4FE019B002BF6D103B05DF804FBD4
:20DE4000A87F0400FFF7E8BF60DF704769DF704761DF7047134B1B781BB330B5124D91B0CA
:20DE600034240DF1020103A8ADF80240FFF7F0FF88B9294601A8FCF7A7FE029B002BF0D059
:20DE8000D3E9002103A8904701A8FCF7A7FE029B002BF5D1E5E7052801D000F0D9FB11B005
:20DEA00030BD704781430020C07F0400002942D070B584B00023214A0A60CDE901330C46CF
:20DEC000012501A98DF804000626202003938DF80650ADF80860FFF7B9FF01A92268019389
:20DEE0004020CDE902338DF80550FFF7AFFF01A92268039328460425CDE901338DF8045035
:20DF0000FFF7A4FF0DEB0501226802934FF4E465A12003930195FFF799FF2268019301A97C
:20DF20000124A020CDE902338DF80440FFF78EFF184604B070BD0E20704700BF4020002062
:20DF400008B5FFF781FF10B9014B01221A7008BD814300204BDF704710B5114C84B001A843
:20DF6000FFF7F8FFA8B9214602A8FCF72DFE039B002BF4D0D3E900210198904702A8FCF7AD
:20DF80002DFE039B002BF5D101A8FFF7E3FF0028E9D0052801D000F05BFB04B010BD00BFE1
:20DFA000CC7F040000207047A8DF7047ADDF7047AEDF7047B0DF704762DF70473CDF704766
:20DFC0003DDF7047704700BFF8B10388112B17D010D9F0B5512B89B0044618D0532B07D1D6
:20DFE000314DC288EB889A4202D12B7E002B44D109B0F0BD102B09D12B4B82889A80704782
:20E00000294B81889A88914233D070477047264D8388A8889842EBD1A379022BE8D121892D
:20E02000EA889142E4D1A27B043A022AE0D9002601AF02AA69890293CDE90466CDE906665B
:20E040008DF810300397FFF7B1FFF0B140F2FD13ADF8143004A9A888FFF7ACFF1128F9D06F
:20E06000BDF81430002BC3D104F1080000F046F9BEE74FF6FF729A80704700F0C9F90028B6
:20E08000B6D06B6902209847B2E73846FDF784FB0028DBD09DF81630ADF8146043F001039D
:20E0A0008DF81630D6E700BF1840002030B5144B87B0DA888DF8050002248DF80610988859
:20E0C000ADF8082000230321CDF80A302025ADF80E300DEB040201ABADF8021002A98DF874
:20E0E00004508DF80A40CDE90423FFF761FF20B9BDF80230032B18BF0C2007B030BD00BF76
:20E100001840002010B54FF0FF310020FFF758FF044608B1204610BDB121FFF74FFF044650
:20E120000028F7D1044B01205B6998470220FCF7F3FC204610BD00BF1840002030B51A4B24
:20E1400005460FCB87B002AC84E80F004DB32A68164B4FF6FF7000215A6198801976EAB175
:20E16000124800F083F808B107B030BD06A94FF6596321F8143D012318460D4A8DF80630CF
:20E18000FFF712FF0028EFD120460849FFF714FF0028E9D1054800F087F8E5E7054A5A615C
:20E1A000DEE70E2007B030BDD87F0400184000201A400020C5DF0300B2DF70474FF0020C3F
:20E1C00000DF704710B50E4C2368BBB11A7EAAB10278082A0AD0092A10D1FFF793FF68B165
:20E1E000236802205B69BDE810401847027A012A04D11A69013A1A61002AEED010BD00BF31
:20E200008C43002017490B6853B34B6843B370B5083198470828044621D0134D2B6888B1B9
:20E2200000221A765A7606210120FFF73FFF18B12B6803205B6998472B6802205B69BDE8A0
:20E24000704018470121587619760846FFF72EFF28B12B6803205B6998472B681C7670BD3B
:20E26000704700BF744000208C430020034620B1034A04481360FEF773BB0E20704700BF78
:20E280008C430020C5E1030008B501F0B1FD00B108BD0448FFF792FF0028F9D1BDE8084062
:20E2A00001F0B6BD7440002030B589B004461E2200210DF1020006F0ADFD2246608812F863
:20E2C000063B8DF80230042528240123ADF800508DF80D406946032417258DF810308DF88A
:20E2E0000C308DF81130ADF804508DF813408DF81240FDF755FA09B030BD00BF2DE9F04284
:20E30000047B012C96B01FD13E4D2F68797E064659BB02A8502206F07DFDB88801A9FEF737
:20E3200069FB48B9BDF804004FF6FF73984265D002A9FEF77BFB18B31128347B1ED00F280B
:20E3400014BF0421072101E02E4D02212046FFF7ADFE18B12B6803205B6998472B68022040
:20E360005B69984716B0BDE8F08220460621FFF79DFE0028F6D01128347BE0D10621E5E785
:20E380000DF1580C204F5CF84F0DDCF80410DCF80820DCF80C30BCF814900FC70DF13C0E92
:20E3A000DCF810003860BEE80F009CF816C087F806C007F1080CA7F80490ACE80F009EE815
:20E3C000070016AB8CE80700082223F8522D2A6807F1240190881A462346FFF7EDFE00289D
:20E3E000AAD10A49A7F1140051F8083B98470028A2D12B685C7616B0BDE8F082347B072184
:20E40000A4E700BF8C430020384000207440002010B5064C236800205B6998472468FEF771
:20E42000A7F8206102F08CF9002010BD8C430020A8DF7047F0B5074689B014461E460D46EF
:20E44000E9B114B9204600F003F91E2200210DF1020006F0DFFC0C4B0E9A1888ADF800701D
:20E4600002236946ADF80440ADF8064002958DF811608DF80D30FDF793F909B0F0BD084671
:20E4800000F0E6F8DDE700BF5843002070B586B006A941F60A0321F80C3D01230446624AA6
:20E4A0008DF80E301846FFF7C3FF0546002869D12288002A69D12289002A40F08D80228A0A
:20E4C000002A40F09680228B002A40F09F80228C002A69D1228D002A72D1236B1BB3D3E960
:20E4E0000021160A100C8DF81410110E8DF811608DF810208DF812008DF8131099684B4A77
:20E5000094F83C308DF81510080A0E0C00928DF81600082204A942F623208DF81760FFF7BC
:20E5200089FF00283CD1616B51B141480A7994F83C300968009042F62A20FFF77BFF78BB26
:20E54000A26BFAB113788DF8103053888DF811301B0A8DF8123093888DF813301B0A8DF899
:20E56000143094F83C30D488324A0092250A072204A942F650208DF816508DF81540FFF78D
:20E5800059FF0546284606B070BD2B4894F83C306168009042F62920FFF74CFF00288AD07F
:20E5A0000546284606B070BD244894F83C30616A009042F62620FFF73DFF00288AD0EFE7F8
:20E5C0001F4894F83C30E16A009042F62820FFF731FF002881D0E3E71A4894F83C30E16875
:20E5E000009042F62420FFF725FF00283FF467AFD6E7154894F83C306169009042F625209B
:20E60000FFF718FF00283FF45EAFC9E70F4894F83C30E169009042F62720FFF70BFF002805
:20E620003FF455AF0546BCE758430020C0400020A8400020A0400020904000208040002002
:20E64000B840002098400020B04000208840002000B585B000230390194601AA44F20100D1
:20E66000CDE90133ECF784FB05B05DF804FB00BF70B4EFF3108472B60D4B9A68AAB90D49B1
:20E680000D4E01259D60D1F8805035401D60C1F88060D1F884505D604FF0FF33C1F88430A0
:20E6A000027004B962B670BC704701230370F8E79043002000E100E0FC06FFBD094B9A68F2
:20E6C0007AB170B910B4EFF3108172B6064A1C6814605C685460986001B962B65DF8044B59
:20E6E000704770479043002000E100E070B50A4C0A48626886885388016882B00333002087
:20E700009BB2009003259B0001EB86010448257001F078F902B070BDEC400020B84100205F
:20E72000A4230020014608B50548FCF7A9F90022026042608260C26002614261826108BD34
:20E74000A44100201D4B0A6800EB800003EB80035B6803F5805072B35388033302EB8302CB
:20E76000824217D21368013314D05388033302EB830398420ED330B44FF6FF759488AC4273
:20E780000AD0148844B19468013405D001200A6030BC704700207047984209D91A68013292
:20E7A0001A4605D05C88033403EB84039842E5D2002030BC704703F10802D1E70441002025
:20E7C000F0B5426883B01AB11F4BDC68A2421FD200270E4605460F800197002005E0019BDB
:20E7E0002A689C6894420DD0308801A9FFF7AAFF0028F4D1338801339BB23380002BEBD00D
:20E8000003B0F0BD114A6B6013892B8103B0F0BD1B699A42DCD812F00303D9D10B4C05891F
:20E820002489A542D4D105689468A542D0D108484068824206D900F58050824202D20B802B
:20E840000120DDE71846DBE7A4230020EC400020044100202DE9F0419C8854B9DFF86480E8
:20E8600017460E4605461C4698F8000058B10123A38048F20960BDE8F08186B1198832880F
:20E8800091420CD0A0882146FFF75CFF80B12368002DF2D099882A889142EED0F2E70849B0
:20E8A0009A6809893981C7E900230020BDE8F081A388206001339BB2A380002BD4D0D8E724
:20E8C000EC4000200441002030B40E4C0E4A638803EB830302EB8302D3685BB10B4B0C482F
:20E8E0001968022205259A8025700023012230BC01F0BCB80425516825700548012230BC30
:20E9000001F0B4B8EC40002004410020B8410020A423002008B5074B191D5888FFF712FFBD
:20E9200018B9BDE80840FFF7CFBFBDE80840FFF7DDBE00BFEC4000202DE9F04FDFF88083DD
:20E94000DFF880A3DFF880B3DFF880938BB00546D8F80040002C00F0898023785A1E052ACC
:20E9600060D8DFE802F05237371C1C03002D40F0B88099F80B2099F80030002A00F03781C7
:20E98000013B89F80B50062B00F2A482DFE813F034038C02AF01C401A2028F027202002D3C
:20E9A00040F01C812779012F00F05581C0F02C8105AE022F0595C6E90255356140F09E802F
:20E9C0002846023B0690042B35D8DFE803F07E6A5E579300A68AA07D002D40F0E080B7000F
:20E9E000AD4DB91905EB8101B1F808C04A6802EB8C02062800F2D282DFE810F01702C20124
:20EA0000D301E801FC019101B701002D40F0BB802279032A00F29580DFE812F0A9005A01BE
:20EA20009E007300002305AEC6E9033348F20E62B36005930692994C04F1100554F8043BA3
:20EA4000304603B19847A542F8D1514600255846C8F80050FCF738F80121914800F0B2FFD4
:20EA600000287FF475AF0BB0BDE8F08F51465846FCF720F80446C8F800006EE7E388ADF849
:20EA8000203004238DF81430D5E70323E18822898DF81430E3680793ADF82010ADF82220D6
:20EAA000C9E7A37D2289A088E168ADF82020A3F10603B3FA83F35B0902228DF82430ADF8BF
:20EAC000220007918DF81420B5E701232189A2888DF81430E3680793ADF82010ADF82220C5
:20EAE000A9E705AE0023B3600593C6E903334FF40643069305238DF814309CE748F20E60DF
:20EB00005FE7684E684A31686848634D002727710823009700F076FFB9F802303468B188B0
:20EB200003EB830305EB830205F8237053683360022354601181B380002894D0D8F80040D4
:20EB400023785B4905AE00224A600592C6E90222326148F20D6034E7524A54481168002364
:20EB6000237102249480012200F080FFE4E74D4B504A19684D480123237100230093082389
:20EB800000F040FFD8E705AE494A002353600593C6E9023333614FF4064306934BE70228DA
:20EBA000E28876D9B7003C4DB81905EB8000D11CB0F808C0614401813E4405EB8605C2F5E3
:20EBC0007F42698905AEFD320A4400216A81B1600591C6E903114FF40640F2E605AE0022A6
:20EBE000B2600592C6E903224FF40640E9E6072B00F2C081DFE813F07701BE01BE014D01CD
:20EC0000AD013E013E01A701022305AE23713046E36805930DF1120106950795FFF7D0FD50
:20EC2000002800F01D810699234A8B88E3800B8823811E4800950423BDF8124000F0E2FE6C
:20EC4000002840F0D481144B04EB840403EB84040123237407E7164B1B78002B00F0F38090
:20EC600005AE164B32462946A01DFFF7F3FD002800F0C58148F20963104A9842C2E90055BE
:20EC80003DD1C6E90055C6E9025535612846237897E6014DB7008FE704410020D44000202C
:20ECA000B4410020B8410020EC7F0400A4230020E4400020F47F0400E87F0400C441002085
:20ECC00000410020F8400020A4410020EC400020B44D2B78022B40F0778100236968B24A41
:20ECE0000093B2482B70082300F08CFE24E7FFF7FDFC00283FF4B7AED8F8004005AE0022A8
:20ED000041F61D5123783261C6E90022C6E90222884208BF104654E6FFF7D6FDE9E7A44BD3
:20ED2000A44A1B8803934FF0060C0023516884F816C0A14A00939D48042300F063FE00282A
:20ED400000F04D81A27DE388022A48F20D600FD83E4405EB8605C3F57F436A89D8F8004037
:20ED6000FD3313446B8105AEC9E7E38841F61D50B91905EB8101DA1C0C8922440A81E7E720
:20ED8000032B0CBF052306230020A375111D0090042304F10802854800F034FE0028D1D154
:20EDA00061E623698148002B14BF032301234FF0000CA37502F108010423CDF800C004F16F
:20EDC0000C0200F01FFE0028BCD14CE6E38877484FF0010C84F816C04FF0000C02F10C011E
:20EDE0009B002269CDF800C000F00CFE00283FF43AAEA7E76F4BA0690392186000226C49F6
:20EE00005A601846FFF7DCFC039A002800F009810223A37511460423002200926348E218B9
:20EE200000F0F0FD00288DD11DE602230020A375042311460090E2185C4800F0E3FD00286B
:20EE40003FF411AE7EE75D4B0595C3E9005505AE237848F20160C6E90155C6E90355B0E58E
:20EE600048F209600023C6E90033C6E9023333612378A6E5524B534A19684C480023009347
:20EE80000724C9F80430082389F8004000F0BAFD2FE74B4AD9F804109388498803330B44BE
:20EEA0000221938089F80010FFF734FD21E7B9F802203C4D9300134405EB830500236968AA
:20EEC000394A009306240823384889F8004000F099FD0EE705AE0023B3600593C6E90333A5
:20EEE00048F20E6305E62F4DB9F808202B780132B3FA83F300215B09A9F80820012289F83C
:20EF00000A30A9F8021089F80B1089F800204BB1244DEB68002289F80A201BB92A7C002A96
:20EF200040F0898005AED8F800400020706089F80000A9F80200C9F804000590C6E90200B6
:20EF4000306123783DE5012389F8003099F80A30DDE7B9F80220134D19489300991805EB37
:20EF6000810104684F6886884C60022407600E818480A0E7013B062BACD801A252F823F09A
:20EF8000F9EF0300A9EE0300EFEC030019ED0300D5EE0300AFEE030075EE0300E38848F294
:20EFA0000E60E5E604410020EC7F0400A42300205A430020C8400020E87F0400C4410020E8
:20EFC000B8410020F47F04001D4A05AE01231370002353600593C6E902333361DDE5039B9A
:20EFE00003EB830B05EB8B0501232B743BE5D8F8004048F20D6035E799F80A3087E7114CC9
:20F0000000950699104A1148A488042300F0FAFC0028ECD10E4B04EB840403EB840427740A
:20F0200021E505AE0590C6E90100C6E90300237848F20960C5E4A9F80230FFF76BFC58E6CB
:20F04000E4400020C4410020E87F0400A4230020044100204068FFF76FBC00BF08B5012129
:20F06000044800F097FC00B108BDBDE80840FFF763BC00BFB44100202DE9F0474E4C2478F2
:20F0800082B0002C4FD0002969D00D884FF6FF74A54243D04C88002C40D04C68A40763D1A7
:20F0A000002A45D0B2F800905788804601A81E460C46FFF737FB054600285DD063680361DC
:20F0C0004FF0000A0670A0F8149080F816A001213A4800F06BFC22886388AB80032EE860D3
:20F0E0002A81EF8058D0A5F80AA001A93448FBF7D1FCB8F1000F0BD0324AEB681289C8F8E5
:20F1000000300023A8F80820C8F8043088F80A30FFF7A4FF002002B0BDE8F08748F2036002
:20F1200002B0BDE8F08748F2016002B0BDE8F0870F89FA1C92B240F2FE34A24219D8224DFE
:20F140002E78B6BBB5F80AC02C8964441444A4B2B4F5806F2DD862446A81B146A5E748F22B
:20F16000046002B0BDE8F08748F2026002B0BDE8F08748F20860D3E7134B09EB890903EBC5
:20F180008909C7F57F47B9F80A30FD371F44A9F80A7048F20760C3E7D8F80030AB61042241
:20F1A000AA750DEB0201A5F80AA00548FBF772FCA2E748F20660B3E7E4400020FC400020DE
:20F1C000A4410020EC400020044100208368F0B501334FF002040C8015D01B4F00F58055CB
:20F1E0004FF6FF7608304FF0010CB0F802E00EF1030400EB8404A54206D20AB101231370AD
:20F200004FF480630B80F0BD8388B34216D00388A3B183685C1C11D03C689C4200D23B6098
:20F220000B88033373440B804388033300EB83008542E8D903680133D7D1F0BD002AEFD0EF
:20F2400082F800C0ECE700BFFC40002038B5094B1A68042A0AD01D68074C0246012118461B
:20F2600044F8252000F0A2FB002038BD48F20B6038BD00BFC0410020D44000202DE9F04F68
:20F280009B4C89B022780023CDE90333CDE90533079372B1974C04F1100554F8043B03A8D7
:20F2A00003B19847A542F8D10025284609B0BDE8F08F201D02F0FF0600F090FB0746002877
:20F2C000F2D140F6F8731B685D1C00F09D804FF0805211695269DFF848828749C8F810300A
:20F2E0004046A3F500530022C8F80C3000F082FB05460028D9D11C238C2280498048FBF785
:20F3000085FBA9464FF0020BAA46D8F80C3019EB030C59F803204CD07A4B9A4200F0828000
:20F3200001324BD078480AEB8A0300EB830203210BF1FF3B0AF1010A00F823101FFA8BFBA3
:20F340001FFA8AFAC2F804C009F58059B9F5005FDBD1BBF1010F62D9FFB2022F5FD0062FC5
:20F3600000F09180002F5AD002A8FFF7DBF9002800F0BA800123013F03700A2F09D8DFE8B5
:20F3800007F0120812080F080F08150615000223037102A95A48FBF77DFBFFF75FFE84E7D6
:20F3A00001230371F5E700230371F2E703230371EFE7531C02D0534B9A42B3D10CF10403B6
:20F3C0000CF580511A68013203F10403AAD19942F8D14E4B1A68002A7ED04B4ADFF838E174
:20F3E0000AEB8A0302EB830110460222C1F804C00A8100F823200AF10101AEF802A01FFAFF
:20F4000081FA47F001079FE7414B4FF080521B6811695269581C08BF02FB01F35BE748F2AF
:20F420000A6542E7DCF804303A498B423AD001318B42BED1002E55D0374A344BA2F802A0B5
:20F44000314A196801910AEB8A0E02EB8E010846022102F82E1002460AF1010A01985060D5
:20F4600011811FFA8AFA604600222C49C3F800C00193FFF7ABFE019B9B88022B14BF082388
:20F4800004231F4360E71B4D01220023227005F11006636055F8043B03A803B19847B542CC
:20F4A000F8D101E70AEB8A0217489300002100F822100146184403F1100208330A44C0F8F3
:20F4C00004C0194460460AF1010AFFF77FFE47F002071FFA8AFA37E70222C3F800C09A8038
:20F4E00001268EE7094BBEE748F20765DDE600BFE4400020D44000200880040018410020D2
:20F50000A4410020DEC0ADDE04410020B841002014100010FE011EF1EC400020BC41002094
:20F52000A423002010B309B370B582B00C460DF106010546FFF744F9A0B1BDF806000D4BD5
:20F540006E6800EB800003EB800001210C3000F02DFA6B6826600C33012200206360AA72CD
:20F5600002B070BD48F2096002B070BD48F20460704700BF04410020F0B110B582B00DF11B
:20F5800006010446FFF71CF990B1BDF806300E4A03EB830302EB8303DA6882B1A27A72B1F0
:20F5A000DA680021013A0846DA60A17202B010BD48F2096002B010BD48F20460704748F2E2
:20F5C000056002B010BD00BF0441002002230022FFF752BD18B103230022FFF74DBD48F28C
:20F5E00004607047124B1B78DBB14FF6FF73984214D010B582B0044601A8FFF793F898B14B
:20F600000522012302700371C48001A90948FBF741FAFFF723FD002002B010BD48F20360FB
:20F62000704748F20160704748F2076002B010BDE4400020A4410020114B1B78A3B100B560
:20F6400083B001A8FFF76EF8A0B10623037001A90C48FBF71FFA0C4B1A7842B9FFF7FEFCA8
:20F66000002003B05DF804FB48F2016070470122DA72F3E748F2076003B05DF804FB00BF61
:20F68000E4400020A4410020EC40002010B50C4C82B0ADF806002078ADF8041060B13AB18E
:20F6A00033B101A90DF10600FFF7D4F802B010BD48F2046002B010BD48F2016002B010BD40
:20F6C000E440002000B50E4B83B01B78ADF8060083B151B14AB1134600200A460DF1060168
:20F6E000FFF7B8F803B05DF804FB48F2046003B05DF804FB48F2016003B05DF804FB00BF57
:20F70000E440002000B50E4B83B01B78ADF8060083B151B14AB113460DF106000A46002127
:20F72000FFF798F803B05DF804FB48F2046003B05DF804FB48F2016003B05DF804FB00BF36
:20F74000E440002020B119B103680B600020704748F20460704700BF3F4B1B78002B6ED083
:20F7600000286FD0F0B43D490025C0F80250C0F80650C0F80A504E890B894C68C0F80E5074
:20F78000334402229BB202801CB1354A256895425BD001220280CD680289418847893244B0
:20F7A0000D4486890281C3F5806189B2A26845808E423B4438BF81810132438104F58051BA
:20F7C00004F108032BD06289033203EB820291421BD34FF6FF759A88AA4223D01A880AB3C2
:20F7E0009A6801321ED08288013282805A88033203EB8203994212D91A6801320FD05A88E1
:20F80000033203EB82029142E5D2C489C288CB1A04EBA30301320121C381C2800174002036
:20F82000F0BC7047C488C2890134C4805C8803322244C2815A88033203EB8203DAE748F20E
:20F840000160704748F2046070476568054A2A44012AA0D99DE700BFE44000200441002021
:20F86000DEC0ADDE02FEE10E01F01F024B09012100EB8300914000F075B800BF10B50123E4
:20F8800001F01F04490900EB810003FA04F100F05DF8E04000F0010010BD00BF01F01F02B0
:20F8A00001234909934000EB8100D94300F066B84B0901F01F0150F82300C84000F00100A0
:20F8C000704700BF2DE9F84301F1FF384FEA581300F104080F46064608EB83080446002509
:20F8E00023686FEA030999FAA9F9B9FA89F9B9F1200F18D0A9444F450CD814E02368DB43EB
:20F9000093FAA3F3B3FA83F3202B05EB03090AD04F4508D949463046FFF7B0FF0028EDD17B
:20F920004846BDE8F8830434444505F12005D7D1B9464846BDE8F88350E8002F0B4640E808
:20F94000003C9CF0000FF7D11046704750E8002F42EA010340E8003C9CF0000FF6D1104648
:20F96000704700BF50E8003F43EA010240E8002C9CF0000FF6D11046704700BF50E8003F71
:20F9800003EA010240E8002C9CF0000FF6D11046704700BF50E8002F02EB010340E8003C39
:20F9A0009CF0000FF6D11046704700BF50E8003F03EB010240E8002C9CF0000FF6D11046A5
:20F9C000704700BF50E8003FA3EB010240E8002C9CF0000FF6D11046704700BF012350E8CB
:20F9E00000CF4CEA030240E8002191F0000FF6D16046704720B119B101600B6811461847DB
:20FA00000E20704750B32DE9F0414AB3D0F800E0BEF1000F27D01D4673B14768D7F80480D4
:20FA2000B3FBF8F708FB173737B942EA0104A40705D01020BDE8F0810920BDE8F081C46886
:20FA4000A142F6D301F1FF3C04696544A542F0D8DEF80C40A446BDE8F04160470E2070479A
:20FA60000E20BDE8F0810820BDE8F08100B3D0F800C0F0B5BCF1000F1CD0AAB14768D7F8A3
:20FA800000E00EF1FF370F4210D1C768B9420DD34D1E04690EFB0255A54207D8DCF81040F3
:20FAA000A446BDE8F04060470920F0BD1020F0BD0E2070470820F0BD29DF704728DF7047F6
:20FAC00003689A6832B330B50479856887B00023019102930093CDE9033305956CB1012CA1
:20FAE00007D1C368416904911B03022102938DF800106846904707B030BDD0E903144369B4
:20FB0000049301258DF80050CDE902416846904707B030BD704700BF0846704700207047DF
:20FB2000024B187A003018BF0120704768420020034B187A0122B0FA80F05A744009704752
:20FB40006842002008B510461A4605F03FF9002008BD00BF10B5064B06480024C3E900441F
:20FB6000C3E902441C61FAF769FF204610BD00BF684200205842002010B5094C094B436036
:20FB80002046FFF72BFF40B9FEF7FCF81C2320748C2205490548FAF739FF002010BD00BF0C
:20FBA00068420020FC7F0400CC4100205842002038B5254C237AFBB1244B1B681A790221C6
:20FBC000217222B3012A0AD1D3E903021044FFF775FF80B3112802D10123237238BD1846ED
:20FBE0000321FFF76DFF00232372636018491948BDE83840FAF768BF15491648FAF75AFF07
:20FC0000124A034610600028D8D1606038BDD3E90525521BB2F5805F28BF4FF48052D3E9B8
:20FC200003109208012A38BF012229442844FFF743FF0028CED1237C002BCFD10220BDE8C9
:20FC4000384000F009B800BF68420020804200207C4200205842002010B5234C237AA3B153
:20FC6000022B08D1022811D0032804D1E3680133082B1CD8E360637C1BB1BDE81040FEF7F5
:20FC800071B8BDE81040FFF793BF10BD174B186803790022E260D3B1012BECD1D0E9043213
:20FCA000013393420361E6D10021217205E00F4A00231068E36023720D21FFF701FF0C4942
:20FCC0000C48FAF701FF637C002BD6D1D9E7D0E90523D11AB1F5805F94BF5B1803F580538C
:20FCE0009A428361C7D1DFE768420020804200207C42002058420020831E012B00D9704745
:20FD0000FFF7AABF00F0FD03012B00D07047A0F10100044BB0FA80F04009002218745A7421
:20FD2000FFF746BF6842002010B5064C201DFFF755FE08B9637C03B110BDBDE81040FFF755
:20FD400037BF00BF684200202DE9F04383B081460D46114801A917469846FAF791FEB0B16F
:20FD6000002401232D0B446001A9037104618461C560C0F80090C0F8088047610648FAF763
:20FD800089FEFFF7D1FF204603B0BDE8F083042003B0BDE8F08300BF584200202DE9F04136
:20FDA00082B080460F46104801A916461D46FAF767FEA0B10024089B83604460C0F8008008
:20FDC000C0E90367456101A9846104710648FAF761FEFFF7A9FF204602B0BDE8F0810420D8
:20FDE00002B0BDE8F08100BF5842002013DF704740F6F8731868421C01D0FFF7F7BF034BCF
:20FE00001868431CF9D10420704700BF141000100148FFF7EBBF00BF00C00100A0DF7047CC
:20FE2000A1DF7047ADDF7047B3DF7047B4DF704710B50446408800F07BFDA0802046BDE84B
:20FE40001040FCF74BBD00BF70B54FF6FF728AB000249042CDE90044CDE902440494ADF85A
:20FE6000020001D10AB070BD054600F027FC0B28064629D00FD911280BD043F202039842E1
:20FE800012D12246144B28461978FBF73DFC0AB070BD0122F6E738B90E2368468DF8003022
:20FEA000FFF7C6FF3246EDE70024072305A8CDE905440796ADF81650CDE908448DF81430CE
:20FEC000FFF7B6FF2246DDE70F2368468DF80030FFF7AEFF2246D5E785430020FFF7B4BF9E
:20FEE0002DE9F0474A4E88B031780546FBF7F0FB10B108B0BDE8F0870446284600F044FC97
:20FF0000082839D017D8002863D006281DD1284600F00EFD00F054FC00273E4B3A461978D8
:20FF20002846FBF7F1FB224631782846FBF7ECFB08B0BDE8F08743F20203984215D043F21B
:20FF40000143984213D011280FD00023CDE903330590CDE9063303A80723ADF80E508DF898
:20FF60000C300127FFF764FFD7E70127D5E72846FFF76AFF0127D0E70DF10600FFF754FF29
:20FF8000BDF80630012BC2D9274601230DF108084FF0020942F6021A07E0524529D00133C7
:20FFA000BDF806209BB29A42B1D9414600221846CDE90398FFF73AFF42F605210028A6D12F
:20FFC000BDF80820002FE8D1571AB7FA87F77F09E5E7CDE90344CDE9054407941023012479
:20FFE00003A8ADF80E508DF80C302746FFF720FF93E7194603AA01AB28460493FFF712FFD2
:020000040004F6
:20000000002884D1BDF80430002B80D085E700BF884300208743002010B582B0044600F0CE
:2000200087FC00236A460921FBF7D0FE052801D002B010BD034B204619780122FBF764FB4A
:2000400002B010BD8343002030B50E4B83B002AA1B6842F8043D42F6A62400250123694626
:20006000ADF80250ADF800408DF802300446FFF7D5FE28B904491A4620460978FBF744FB34
:2000800003B030BD288004008243002030B5012187B005462648FFF74FFCBFF35F8F08B19E
:2000A00007B030BD0446284600F0BAFA112803461BD012D986282ED043F2020290421BD145
:2000C0001C4B224628461978FBF71EFBBFF35F8F174B00221A6007B030BD68B9154902463E
:2000E00009782846FBF710FBDAE7124B284619780122FBF709FBE9E70024CDE904440722C3
:20010000CDE9014401A80393ADF806508DF80420FFF78EFED4E70623CDE9014401A8ADF852
:200120000650CDE9034405948DF80430F0E700BF844200208643002038B5037803B138BDA4
:2001400004464088FFF780FE6588284600F006FB28B10C4B284619780122FBF7D5FA6088D2
:20016000FFF75AFF084B094918780022FBF7F6FA02460028E3D1064B06491878BDE8384086
:20018000FBF7ECBA87430020864300208D0004008343002049000400F0B50378082B83B0AA
:2001A0000ED0294C207829490022FBF7D7FA024620B9274B27491878FBF7D0FA03B0F0BD4E
:2001C000437A0446002BECD1057A072D22D0082D31D0012DE5D16A4629468088FCF790F8CF
:2001E00006460028DDD1019B1B78002BD9D0A08800F010FC4FF6FF739842D2D0164F124CC0
:2002000039782A46FBF780FA324638781349FBF7A5FAC7E780880C4C00F0FCFB4FF6FF7390
:2002200098420546BED001222178FBF76DFA2846FFF7F2FEB6E70A4A11680129B1D1BFF3DA
:200240005F8F014C1360ADE7864300208D000400834300204900040087430020E1FE0300E3
:20026000844200202DE9F843FBF728FA1E4C1F4D2070FBF723FA2870FBF720FA1C4E1D4F44
:200280003070FBF71BFA3870FBF718FADFF87080DFF8709088F80000FBF710FA89F8000070
:2002A000FBF70CFA2378144A182B107019D02B78182B16D03378182B13D03B78182B10D02E
:2002C00098F80030182B0CD099F80030182B08D0182806D0094B00201860BFF35F8FBDE81C
:2002E000F8830320BDE8F883864300208543002087430020884300208443002084420020CD
:20030000834300208243002070B5114B82B0002422460D4601261978CDF802400923ADF8F0
:2003200000608DF802300646ADF80640FBF7ECF9084B09493046A54208BF1946019100F0EE
:20034000F7FA22466946FBF7B1FD02B070BD00BF834300202C8004003080040070B503885D
:200360008588353B86B004461F2B23D8DFE803F05210222222222222222222222222222243
:2003800022222222222222222222226722862230494E28463178FBF79BF958B1317800227E
:2003A0002846FBF7B1F9E18800296CD000212846FFF7AAFF414C424B424918780022FBF7EE
:2003C000CDF9207840490022FBF7C8F906B070BD002611232846CDE90166CDE903668DF8F5
:2003E0000430ADF80650059600F0A2FAADF8080000F0E6F9354B314C197832462846FBF7C5
:2004000083F9284632462178FBF77EF901A8FFF70FFDD0E72E4E28463178FBF759F9002817
:20042000C8D0002231782846FBF76EF9E288002A31D028460021FFF767FF204CBBE7037B86
:20044000012BB7D1827A012AB4D1018942F602139942AFD11F4C28462178FBF755F9002236
:2004600020781D49FBF77AF902460028A2D11B4B1B491878114CFBF771F99CE72846FFF73C
:20048000E3FC0E4C97E7E389012B90D1217C003118BF01218BE7A389012BCAD1E1892846A8
:2004A000FFF7BEFC0028C4D1034A044C117828461A46FBF729F97EE7844300208743002091
:2004C00085430020DDFE0300E1FE03008843002082430020864300208D0004008343002044
:2004E000490004002DE9F0418CB000F029F901A8FBF7C4F8019EDFF85480DEB100244FF681
:20050000FF7703E00134A4B2B44213D20CAB03EB440333F8285C284600F00AFAB842F1D163
:2005200001342846012298F80010A4B2FBF7ECF8B442EBD398F80000034900220CB0BDE816
:20054000F041FBF70BB900BFE1FE030087430020AFDF7047B1DF7047B2DF7047B3DF70470C
:2005600010B50446808800F055FA60802046BDE81040FCF7C7B900BF70B51D4B1D4C93E847
:200580000300238888B04FF6FF7501AEAB4286E8030007D122E02088FBF7E2FCA84203462A
:2005A00020801BD0184600223146FBF77FFC03460028F0D00022218807921128CDE90322A3
:2005C000CDE90522ADF8101008D0862B03A807D0072205938DF80C20FFF7C2FF08B070BD60
:2005E00006238DF80C30FFF7BBFF08B070BD00BF348004005C430020044B1A884FF6FF739E
:200600009A4201D0FFF7B8BF704700BF5C430020024B4FF6FF721A80002070475C43002058
:200620002DE9F04182B0074600F082F94FF6FF7398423CD0064601244FF003086B46224618
:2006400008213046FBF760FE03230546F0B9019A3846911D42F8048BFFF77EFF0134034610
:200660000821D8B10C28304603D1A4B2FBF7B4FEE4E70821052B18BF1D46FBF7ADFE00282D
:2006800018BF0325284602B0BDE8F081072814BF05460C25284602B0BDE8F0813246304683
:2006A000FBF7A4FE0546284602B0BDE8F08143F20205284602B0BDE8F08100BF2DE9F041AD
:2006C00082B0074600F034F94FF6FF73984227D10026354603244FF0010823463246294695
:2006E0003846FFF737FF04280AD008280AD00B280AD0B8F1000F08BF0B2002B0BDE8F081C1
:200700001120F6E70020F4E714F0020406D195B12646254603244FF00008DEE70124FAE799
:200720006A460821FBF7ECFD0028D1D1019DAE882C680635CFE7002EDFD02E460324EAE799
:2007400008B54FF6FF70FBF70BFC034B1880BDE80840FFF711BF00BF5C43002000B585B02E
:200760000DF10703039300F0E3F802AA0121FBF7C7FD20B9039B187805B05DF804FB00205C
:2007800005B05DF804FB00BF38B50C4B04461846FFF7E4FE78B9198843F203054FF6FF7208
:2007A0002046FFF7D5FEA84200D038BD1988013189B21980F2E7032038BD00BF5E43002043
:2007C00010B5074B044693E8030082B06B4683E80300002219462046FBF768FB02B010BD2E
:2007E0003C80040046DF7047F8B50C4D0746002401E0142C0ED02B88BB42A6B205F10A05DA
:2008000004F10104F5D13046FAF7A2FE0028F0D03046F8BD4FF6FF763046F8BD884200202F
:2008200090B191B108B50A780378534013F0FE0F08D101310622013004F0B9FAB0FA80F0B3
:20084000400908BD002008BD70470846704700BF2DE9F0414C1C0E46054621460130102212
:2008600005F1110706F1110804F0A1FA08BB2B4605F1100101E08B421BD013F8012F002A92
:20088000F9D073784BB9214606F1100201E091420FD011F8013F002BF9D041463846FFF765
:2008A000BFFF6B7C03F0FE03042B1ED10120BDE8F08141463846FFF7B3FF6B7C03F0FE03C2
:2008C000042B0FD00022062B09D0737C03F0FE03042B04D0062B08BF1046BDE8F08110463E
:2008E000BDE8F0810020BDE8F0810122EBE700BF70B584B006460D46FBF7A2FA02AA0DF1C8
:2009000006010720FBF7A4FA60B1BDF80640AC423046F3D00399FFF79BFF0028EED020466E
:2009200004B070BD4FF6FF74204604B070BD00BF13280DD810B50446FAF70AFE28B104EB28
:200940008403054A32F8130010BD4FF6FF7010BD4FF6FF70704700BF88420020132816D8F9
:2009600038B504460D46FAF7F3FD68B1094A04EB840302EB4303002053F8022F2A609A88AF
:200980009B79AB71AA8038BD43F2020038BD43F2020070478842002038B505884DB9821CE6
:2009A00000F10A0412F8013B1BB99442FAD1002038BD0B88AB42FAD102310822023004F09A
:2009C000F6F9B0FA80F0400938BD00BF30B585B00546FBF735FA0CE0039C284604F1460156
:2009E000FFF7DAFF04F12A0178B92846FFF7D4FF58B902AA0DF106010720FBF729FA00287A
:200A0000EAD14FF6FF7005B030BDBDF8060005B030BD00BF4FF6FF73984201D0FFF7E4BEAF
:200A2000704700BF132804D800EB8000014B23F8101070478842002070B54FF6FF75A842CE
:200A400003D1BDE87040FBF71BBC0446FFF7CCFE06462046FBF714FC30B9132E04D806EBEF
:200A60008606024B23F8165070BD00BF8842002030B58DB010300DF1FF330DF10F0510F89A
:200A8000014D03F8014FAB42F9D100230D784C78897806936846CDE904338DF81C308DF80F
:200AA0001D108DF81F508DF81E40FFF79BFE9DF82F009DF82E109DF82D30107051709370D6
:200AC0000DB030BD30B5034685B030F8015F33F8042F84789B78ADF80C20084602AA03A99D
:200AE0008DF80E30ADF804508DF80640FFF7C0FFBDF80420BDF808309A4204D0012080F0B3
:200B0000010005B030BD9DF806209DF80A309A42F4D1002080F0010005B030BD0388102B0E
:200B200000D07047F0B5041D0FCC91B006AD0FC50FCC0FC59DF81C3094E8030003F0FE03C2
:200B4000062B85E8030014D1BDF818304849079803EB83035B004FF6FF74CC52CA18BDF8A6
:200B600020409DF822101172C2F80200D48011B0F0BDFBF765F99DF81C305B08012B25D98F
:200B8000022BE1D107AE01AC0DF1020505E09DF81C3003F0FE03042B5DD0224629460720FB
:200BA000FBF756F90028F2D1BDF81830304A0798B488B17903EB83035B004FF6FF75D552DE
:200BC0001344C3F80200DC801972D0E701AC0DF10205224629460720FBF73AF9002844D052
:200BE000029911F1110FF4D04E7C9DF81C30734013F0FE0F4FF0060201F112010DF11D009F
:200C0000E7D104F0D4F80028E3D1BDF8021007AEBDF81820164F079802EB82035B00FD1831
:200C2000F952AB1CC5F80200B08898804FF6FF70B5799D7181429AD000232046ADF8062022
:200C4000ADF808108DF80430FBF75EFE2046FFF773FA11B0F0BD029930460131FFF732FF2F
:200C600000289AD0BDF80210D2E707AE9CE700BF884200202DE9F84FDDF828904A45904632
:200C800038BFC846B8F1000F1BD09B468A4605461746002406E0A14588BF0BF804000134E0
:200CA00044450ED02B68A74288BF1AF804101E6998BF00212846B0470028ECDA0248BDE8A3
:200CC000F88F0020BDE8F88F0AFCFFFF30B583B00468069D00956469A047044A0446DDE96F
:200CE0000701EFF785FA204603B030BD6905030082B070B50C4684B005464968206802AC01
:200D000003C4039908AC481084E80C00CB0745BF2A58029B029CD4580AAB2E1893E80300B4
:200D20008DE8030008AB0CCB3046A04704B0BDE8704002B0704700BF82B0D0B50699C160AC
:200D400000F1100400260027C0E9086704A9204681E80C00EFF7EEFC2046BDE8D04002B004
:200D6000EFF79CBC82B038B5D0E9084504A981E80C0054EA050303D1BDE8384002B070474E
:200D80000446F1F713FDD4E908238B4208BF8242F2D2002304F1100500200021C4E90801E9
:200DA000E3602846EFF7C6FC2846BDE8384002B0EFF774BC70B5044600250A4B036000F14A
:200DC000100681602A460121304625716571EFF75BFC3046E560E56284F82850EFF75EFC35
:200DE000204670BD548004002DE9F041044682B00E46154610309846BDF82870F5F7CEF8F9
:200E000026806580182003F0AAFF08AB054693E803006A4682E803002E4603CA46F80C8BC4
:200E20000023084AEB6047F00207736068602046A780A560E360C4E90833A9606A6102B0D4
:200E4000BDE8F081F10C04002DE9F04385B0BDF838806BB30C9C44B30F2902D1B8F1C00F50
:200E600026D1064628201C460D46174603F077FF0CAB814693E803003A468DE8030023460F
:200E8000CDF8088029464846FFF7AEFF33680E4A5B6893420FD14846EFF76AFD484603F09E
:200EA00057FF0A4805B0BDE8F0830D9CE407D3D46FF47A70F6E73046494698470028EAD191
:200EC00005B0BDE8F08300BFBDFA020016FCFFFF2DE9F04390F8283089B004460D469BB172
:200EE000002D4FD100220023C4E908230023E36004F11000EFF7D2FBE0682F4B002808BFB9
:200F0000184609B0BDE8F08380682C4A03685B6D93424CD12A4B04934FF0000804AACDF859
:200F20001480284FC688B0F808C03B68DFF89C9092E8030016F4807F4FF0C0068DE803003F
:200F40000CBF052204226146184602962346FFF77BFF1D4B3A68CDE9063808AB13E9030053
:200F600023468DE8030002961046232142F21072FFF76AFF99F8003063B1012384F828307C
:200F8000002DAFD0F1F712FC421941EBE573C4E90823ABE70093232242F2107342F2107023
:200FA0000021F1F713FC012389F80030E5E703219847A068AEE700BF11FCFFFFE19102009A
:200FC000390D0400543B0020650D040089430020F0B52B4B81682B4ECD88B1F808C03768D4
:200FE00093B00022CDE9063206AB80F82820044693E8030015F4807F4FF010058DE8030091
:2010000014BF0422052223460295614608A8FFF7EBFE3B681C4D9B68AB4228D108A8EFF7EF
:20102000A7FC1A4B04930023059304AB93E80300366810238DE80300029342F2107223462C
:20104000232108A8FFF7D0FE33689B68AB4212D108A8EFF78DFC002100230020C4E9080131
:20106000E36004F11000EFF765FB13B0F0BD384608A99847D2E7304608A99847E8E700BF17
:20108000390D0400543B00203DFD0200650D040090F8283010B504463BB923791BB12368CF
:2010A00020469B689847002010BDFFF791FFF4E790F82830044A10B5044602600BB1FFF749
:2010C00087FF204610BD00BF5480040090F82830054A10B5044602600BB1FFF779FF204690
:2010E00003F036FE204610BD54800400024B1868BFF35B8F704700BF50430020024B18685F
:20110000BFF35B8F704700BF3821002030B5214A21F00043934287B01BDD1F4A934205DD7C
:2011200002460B4602F024FF07B030BD02AADDF73BFE00F00303012B11D0022B23D0DBB1F5
:201140000124DDE90423DDE902010094DEF73CFEEAE700220023DEF70FF907B030BDDDE9B4
:2011600004450093DDE9020122462B46DEF72CFE01F1004107B030BDDDE90423DDE9020165
:20118000DEF7FAF8D0E7DDE90423DDE90201DEF7F3F8EDE7FB21E93FFFFFEF7F21F0004383
:2011A0001946704730B51F4A21F00043934287B01CDD1D4A934205DD02460B4602F0D8FEF3
:2011C00007B030BD02AADDF7EFFD00F003000128DDE9042312D002281CD0A0B1DDE90201E4
:2011E000DEF7CAF801F1004107B030BD0023009300220023DEF7E8FD07B030BDDDE902015F
:20120000DEF7BAF8DCE70124DDE902010094DEF7DBFDD5E70124DDE902010094DEF7D4FD71
:20122000E0E700BFFB21E93FFFFFEF7F30B5144A21F00043934287B019DD124A934205DDCC
:2012400002460B4602F094FE07B030BD02AADDF7ABFD440004F00204C4F10104DDE90423C0
:20126000DDE902010094DEF767FE07B030BD0123009300220023DEF75FFE07B030BD00BFA2
:20128000FB21E93FFFFFEF7F334A21F000439342D0B506460F460C460DDD02460B460020DD
:2012A0002E4903F047F9002F4FF000022B4B2EDB02F060FED0BD2A4A934207DD27490020FB
:2012C000002CF7DA01F100431946D0BDB3F1725F20DB244A934226DDFFF760FF02460B464C
:2012E00002F048FEDFF70CF800224FF0804302F041FE02460B4600204FF0804103F01AF9C8
:2013000002460B460020154902F032FED8E702F02FFED0BD0022114B02F02CFE32463B4696
:2013200002F0DEFFD0BDFFF739FF00224FF0404302F0D6FFDEF7E4FF00224FF08043064650
:2013400001F1004702F016FE02460B463046394603F0F0F8B4E700BFFFFFEF7F0000F03FF0
:20136000FFFF3540FFFFEF3F70B5C1F30A56A6F2FF33132B0A4608DC002B1BDB0F4C44FA9F
:2013800003F3002022EA030170BD332B044607DDB3F5806FF8D102460B4602F0EBFD70BD6E
:2013A0004FF0FF33A6F2134623FA06F6114624EA060070BD002002F0004170BDFFFF0F008D
:2013C00000B585B0234A0190019B23F0004393421DDDB3F1FF4F08DBDDED017A77EEE77A84
:2013E00017EE900A05B05DF804FB02A901F06EFC00F00302012A14D0022A22D0D2B1012277
:201400000399029802F084F907EE900AE8E7002101F0B4FD07EE900A17EE900A05B05DF8CE
:2014200004FB0399029802F073F907EE900AF1EE677AD5E70399029801F0A0FD07EE900ABB
:20144000CEE70399029801F099FD07EE900AF1EE677AC5E7D80F493F00B585B0244A0190C7
:20146000019B23F0004393421EDDB3F1FF4F08DBDDED017A77EEE77A17EE900A05B05DF821
:2014800004FB02A901F022FC00F00300012816D0022823D0D0B10399029801F06FFD07EE6B
:2014A000900AF1EE677AE7E70022002102F030F907EE900A17EE900A05B05DF804FB0399D3
:2014C000029801F05BFD07EE900AD5E701220399029802F01DF907EE900ACDE7012203997B
:2014E000029802F015F907EE900AF1EE677AC3E7D80F493F2DE9F043DFF898808BB004462D
:201500000D46DCF749F998F90030013306460F462BD022462B462046294603F07BF98146F6
:2015200018BB20462946FFF739FE0022164B03F067F9D0B1154B164801930122CDF8209095
:201540000092CDE90445CDE9024502F037F998F90030022BCDE906010CD0684602F02CF98F
:2015600040B1089B5BB9DDE90667304639460BB0BDE8F08302F074FC21230360F1E702F0F5
:201580006FFC089B0360EEE70000F03F60800400A46904007A2300202DE9F0438BB0044656
:2015A0000D46DCF74DFB244B93F90080B8F1FF3F06460F460ED022462B462046294603F03B
:2015C00029F9814630B900221C4B2046294603F0F9F820B9304639460BB0BDE8F083002234
:2015E000002301210091164ECDF8209010461946CDE90445CDE90245019602F09BFFB8F1BF
:20160000020FCDE906010CD0684602F0D5F840B1089B5BB9DDE90667304639460BB0BDE883
:20162000F08302F01DFC21230360F1E702F018FC089B0360EEE700BF7A2300200000F03F21
:20164000688004002DE9F043DFF898808BB004460D46DCF781FB98F90030013306460F46A9
:201660002BD022462B462046294603F0D3F8814618BB20462946FFF791FD0022164B03F09A
:20168000BFF8D0B1154B164801930122CDF820900092CDE90445CDE9024502F08FF898F990
:2016A0000030022BCDE906010CD0684602F084F840B1089B5BB9DDE90667304639460BB08D
:2016C000BDE8F08302F0CCFB21230360F1E702F0C7FB089B0360EEE70000F03F7080040008
:2016E000A46904007A230020DCF766BD2DE9F04FDFF8CCA08BB004460D46DCF74DFE9AF905
:201700000030013306460F4637D022462B462046294603F07FF8834678BB20462946FFF7DE
:201720003DFD0022244B8046894603F05FF820B3404649460022204B03F062F89AF900604A
:2017400060B3CDE90445CDE902450121002200231A4F0091CDF820B010461946019702F045
:20176000E9FE022ECDE906010CD0684602F024F840B1089B6BB9DDE90667304639460BB062
:20178000BDE8F08F02F06CFB21230360089B002BF1D002F065FB089B0360ECE702230890AE
:2017A0000093064FCDE90445CDE902452046294600220023D2E700BF0000F03F7880040088
:2017C0007A2300202DE9F04F8BB01D4606460F46144600F07FFC294B93F900A0BAF1FF3F6A
:2017E0008046894635D022462B462046294603F011F870BB32463B463046394603F00AF897
:20180000834630BB002200232046294602F0D0FFF8B11B4BCDF820B00122CDE90267CDE99D
:201820000445CDE90023BAF1000F17D0002200231046194602F07EFEBAF1020FCDE9060104
:201840000ED102F00DFB21230360089B83B9DDE90689404649460BB0BDE8F08FCDE90667BD
:20186000684601F0A9FF0028EBD0089B002BEED002F0F6FA089B0360E9E700BF7A2300207E
:201880008C8004002DE9F0438BB004460D46DDF733F8364B93F90060731C804689460DD0AA
:2018A00022462B462046294602F0B4FF30B9002200232046294602F0A3FF20B14046494658
:2018C0000BB0BDE8F0832A4B0890CDE90245CDE904450193DEB9274F4FF0604620462946D1
:2018E00000220023CDE9066702F062FF002835D002230093684601F05FFFB8B1089BD3B9B3
:20190000DDE90689404649460BB0BDE8F0831A4B0022CDE90623204629460022002302F018
:2019200047FF68B102239E420093E3D102F098FA22230360E2E702F093FA089B0360DFE7BC
:201940000123022E00930BD102F08AFA212303600A4801F033FFCDE90601CFE70123009308
:20196000684601F029FF0028F2D1EDE77A23002094800400FFFFEFC70000F0FFA469040058
:201980002DE9F0438BB004460D46DDF781F9374B93F90060731C804689460ED022462B468F
:2019A0002046294602F036FF074630B9002200232046294602F010FF20B9404649460BB031
:2019C000BDE8F0832A4B0897CDE90245CDE904450193DEB9274F4FF0604620462946002262
:2019E0000023CDE9066702F0E3FE002835D002230093684601F0E0FEB8B1089BD3B9DDE90E
:201A00000689404649460BB0BDE8F0831A4B0022CDE90623204629460022002302F0C8FE17
:201A200068B102239E420093E3D102F019FA22230360E2E702F014FA089B0360DFE70123DB
:201A4000022E00930BD102F00BFA212303600B4801F0B4FECDE90601CFE70123009368467B
:201A600001F0AAFE0028F2D1EDE700BF7A23002098800400FFFFEFC70000F0FFA4690400C2
:201A80002DE9F0432B4E8BB080468946DDF7B0FB96F90030013304460D4603D001F086FE5D
:201AA000074620B1204629460BB0BDE8F0834046494601F07BFE0028F4D01F4B96F90040BC
:201AC00008970322CDE90023CDE90489CDE90289404649460022002364B902F091FE4FF0AE
:201AE0006042E8B1154BCDE90623684601F064FE68B908E002F084FE002298B1104B022CFA
:201B0000CDE90623F1D102F0ABF922230360089B53B9DDE90645204629460BB0BDE8F0837E
:201B2000084BE0E7084BEAE702F09AF9089B0360EFE700BF7A230020A0800400FFFFEF4732
:201B40000000F07FFFFFEFC70000F0FF2DE9F04F8BB004460D4600F0CFFB294B93F900A0EC
:201B6000BAF1FF3F06460F4612D022462B462046294602F04FFE834650B94FF000084FF0B4
:201B800000092046294642464B4602F01BFE20B9304639460BB0BDE8F08F0122194BCDF84A
:201BA00020B00092CDE90445CDE902450193BAF1000F17D042464B464046494602F0BAFCBC
:201BC000BAF1020FCDE906010ED102F049F921230360089B73B9DDE90667304639460BB020
:201BE000BDE8F08FCDE90689684601F0E5FD0028EFD1EAE702F034F9089B0360EBE700BF8C
:201C00007A230020A880040000F036BC10B52DED028B8AB008EE100A00F0E8FC334B93F965
:201C20000040631C09D0B4EE488AF1EE10FA04D6B5EEC08AF1EE10FA03D90AB0BDEC028B33
:201C400010BD2B4B019318EE100A0023089302F0EFFACDE90401CDE90201CCB9254BB5EEE8
:201C6000408A4FF06042F1EE10FACDE9062334D102230093684601F09FFDB0B1089BCBB971
:201C8000DDE9060102F024FE0AB0BDEC028B10BD194BB5EE408A0022F1EE10FACDE90623EB
:201CA0000DD102239C420093E4D102F0D9F822230360E3E702F0D4F8089B0360E0E7012317
:201CC000022C00930BD102F0CBF8212303600B4801F074FDCDE90601D0E70123009368467D
:201CE00001F06AFD0028F2D1EDE700BF7A230020B0800400FFFFEFC70000F0FFA469040069
:201D00002DE9F0432DED048BB34E8BB008EE900A08EE101A00F0E0FC96F900506B1C044669
:201D200030D0B4EE488AF1EE10FA2BD6F4EE688AF1EE10FA68D69FEDA99AF4EE498AF1EEE7
:201D400010FA25D1B4EE498AF1EE10FA40F090800123A34A009318EE900A00230192089350
:201D600002F066FACDE9020118EE100A02F060FA00220023CDE90401CDE90623002D60D0B0
:201D80004FF07E5420460BB0BDEC048BBDE8F08301F0FCFD0546002800F09A8007EE904A8B
:201DA000F5EE407AF1EE10FAECD118EE900A01F0EDFD0028E6D018EE100A01F0E7FD00286A
:201DC000E0D00423864A009318EE900A00230893019202F02DFACDE9020118EE100A02F0F4
:201DE00027FA96F9003000240025022BCDE90401CDE9064503D0684601F0DEFC38BB02F0A0
:201E00002FF82223036022E0B5EE408AF1EE10FAB8D10123724A009318EE900A0023019249
:201E2000089302F005FACDE9020118EE100A02F0FFF96C4B0022022DCDE90401CDE90623B1
:201E40009ED0684601F0B8FC002800F08480089B1BB102F005F8089B0360DDE9060102F082
:201E600037FD044620460BB0BDEC048BBDE8F08318EE100A01F08AFD002883D0B5EEC08A73
:201E8000F1EE10FA7FF57EAF0123554A009318EE900A00230893019202F0CAF9CDE9020103
:201EA00018EE100A02F0C4F996F90030CDE90401002B55D04C490020022BCDE9060153D1C6
:201EC00001F0CEFF21230360089B002BC5D0C0E718EE900A01F05AFD00283FF45FAF18EE3C
:201EE000100A01F053FD00283FF458AF18EE900A02F09EF9804618EE100A894602F098F9C4
:201F000007EE904AF4EE677AF1EE10FA96F9007072D6F6EE007A0322314B08950092CDE91B
:201F20000289CDE90401019328EE278A17BB2F4BF5EEC08A4FF06042F1EE10FACDE90623DE
:201F400024D4684601F038FC0028BDD101F088FF22230360B8E701F083FF2123036076E7CA
:201F600000220023CDE90623684601F025FC0028AAD1A5E71E4BF5EEC08A0022F1EE10FAAD
:201F8000CDE9062315D4022FE0D0DAE718EE100A01F062FD07EE900AF4EE487AF1EE10FA4B
:201FA00016D0144B96F900704FF06042CDE90623E9E718EE100A01F04FFD07EE900AF4EE7F
:201FC000487AF1EE10FA03D0074B0022CDE9062396F90070D7E700BF7A23002000000000F7
:201FE000B88004000000F03F0000F0FFFFFFEF470000F07FFFFFEFC701220B4B0895009288
:20200000CDE90289CDE904010193002FA8D0C9EE097A17EE900A02F00BF9022FCDE90601CC
:202020003FF44EAFA0E700BFB880040010B52DED028B8AB008EE100A00F098FF234B93F9B7
:202040000040631C09D0B4EE488AF1EE10FA04D6B5EEC08AF1EE10FA03D40AB0BDEC028B14
:2020600010BD01231A4A009318EE100A00230192089302F0DDF80022CDE90401CDE90201AA
:202080000023ACB11046194602F054FA022CCDE906010FD101F0E4FE21230360089B7BB9AF
:2020A000DDE9060102F014FC0AB0BDEC028B10BDCDE90623684601F07FFB0028EED1E9E7E5
:2020C00001F0CEFE089B0360EAE700BF7A230020C08004002DE9F04723F0004E5EEA0206AE
:2020E00020D07E4E21F00048B04589461ADC564216437B4F4EEAD676BE42144612D8F04559
:202100001D4694468246074601F0004612DC0FDB90420DD30ED1734BF60F03EBC603D3E997
:20212000000105E002F0DCF802460B4602F002FABDE8F087B8F5801F3BDB4FEA2852A2F2A7
:20214000FF32BEF5801F80F28F80BEF1000F40F09F80002C2346644904DD5B00002B01F1D3
:20216000FF31FADC614B9A4270DBC9F3130343F480135E4881425BDBC5F3130444F48014B0
:20218000501A07E052EA050321D0EB0F03EB42036F0001381A1BA7EB0C05F8B1674538BFC0
:2021A00002F1FF32002AEDDAFA0F02EB43037F00EFE7B8F1000F5CD1BAF1000F53464A4AAD
:2021C000BFDD5B00002B02F1FF32FADCB9E7454BF60F03EBC606D6E90001A9E7674538BF01
:2021E00002F1FF32002ABCBF3D461A4652EA0503EDD03F48824208DCEB0F03EB4202824213
:2022000001F1FF314FEA4505F6DD384B99424EDA5B1A142B54DC01F21E41DD4002FA01F17F
:2022200042FA03F31E4341EA0502314610467FE7401A1F2826DC01F21E450EFA00FE24FA89
:2022400005F504FA00FC45EA0E0499E79F1A1F2F27DC02F21E4308FA07F82AFA03F30AFA4B
:2022600007F743EA080384E74FEA2E51A1F2FF3178E71E4A4FEAC8235B00002B02F1FF32AD
:20228000FADC5EE71B4D6D1AAC404FF0000C77E716494FEACE235B00002B01F1FF31FADC98
:2022A00060E7144B9B1A0AFA03F3002761E7A2F58012164301F2FF3346EA0351284637E7A3
:2022C0001F2B07DC01F21E4102FA01F125FA03F20A43AAE7074B591A0A41A6E7FFFFEF7F96
:2022E0000000F07F40570400EDFBFFFF02FCFFFFFFFF0F00E2FBFFFF5E4A8A432DE9F0414E
:2023000004460D4600F0958000290B460646844656DD0F1500F0A580C3F31303A7F2FF3784
:2023200043F480134FEADC72F80702EB43034FEA4C0504D5ED0F05EB43034FEA8C05002695
:202340007F10B44616224FF400110CEB010098424FEAD5744FEA450503DC1B1A00EB010C85
:202360000E44013A04EB43034FEA5101EDD11046964620244FF0004209E051D05B00013CB9
:2023800003EBD5734FEA52024FEA450537D0634502EB0E01F1DD002901EB020E0ADBE0464E
:2023A000A3EB0C03A94288BF03F1FF336D1A1044C446E3E7BEF1000FF1DB0CF10108EFE713
:2023C00021F00042024329D0002942D10146CA0A153B4905002AFAD012F4801001D044E0F8
:2023E00060465200D40200F1010CF9D5CCF1200401FA0CFCE1401F1A41EA02038CE72B43F4
:2024000021D14408731003F17F53F20703F5001348BF44F0004403EB07512046BDE8F081F0
:20242000A942ABD8002901EB020EC3DB98460023BCE702460B4601F053FF22462B4601F021
:2024400099FDBDE8F081411C16BF421C01365408D8E7024601F08CFD02460B4602F06AF83F
:20246000DCE71A4631463B46B6E78C4620244FF0FF30BFE70000F07F30B583B007EE900A64
:202480000191019B23F00042B2F1FF4F17DC20F00041B1F1FF4F054611DCB3F17E5F3FD0CC
:2024A0009C1704F0020444EAD07481B9022C4CD09FED437A032C08BFF0EE477A03E09DED2E
:2024C000017A77EE277A17EE900A03B030BDF2B1B2F1FF4F29D0B1F1FF4F18D08A1AD2154C
:2024E0003C2A35DC002B36DA3C3234DADFED357A012C47D0022C3CD0002CE4D0DFED326A6D
:202500009FED327A77EEA67A77EEC77ADBE7DFED307A9FED307A002DB8BFF0EE477AD2E7EE
:2025200003B0BDE8304001F04FB9B1F1FF4F30D0022C0AD0032C39D0DFED277A9FED217A16
:20254000012C18BFF0EE477ABDE7DFED207ABAE7DFED1F7ACCE7019807EE100AC7EE877AB7
:2025600017EE900A01F00EFA01F02EF907EE900ABEE7DFED156A9FED157A77EEA67A77EE27
:20258000677AA0E717EE903A03F1004307EE903A99E7022C10D0032C0BD0DFED107A9FED94
:2025A000107A012C18BFF0EE477A8CE7DFED047A89E7DFED0C7A86E7DFED0B7A83E700BF88
:2025C000DB0F49C0000000002EBDBB33DB0F4940DB0FC93FDB0FC9BF00000080DB0F49BFE6
:2025E000DB0F493FE4CB16C0E4CB164000B52DED028B83B00190019830F0004337D0002894
:2026000042DBB0F1FF4F4EDAB0F5000F56DADFED2C7A9DED017A67EE277A6FF0180217EEB7
:20262000900AC3157F3B1344DA0F134407EE903AC2F17F01C0F3160040EAC150B8EEE78ACA
:2026400001F0E6FADFED1F7ADFED1F6A9FED1F7A06EE100A66EE277AE8EE267AE8EE077AFA
:2026600017EE900A03B0BDEC028B5DF804FBDFED186A9FED187AC6EE877A17EE900A03B00B
:20268000BDEC028B5DF804FBDDED017A9FED117A77EEE76AC6EE877A17EE900A03B0BDECEE
:2026A000028B5DF804FBDDED017A77EEA77A17EE900A03B0BDEC028B5DF804FB0022B0E7D9
:2026C0000000004CD95BDE3EDB27543580209A3E000000CC000000002DE9F04731F00046DB
:2026E0002DED028B12D020F00047B7F1FF4F804606DDBDEC028B5A48BDE8F04701F0A8B955
:20270000B6F1FF4F08DDB7F17E5FF2D14FF07E50BDEC028BBDE8F08700280C462BDB4FF079
:202720000009B6F1FF4F38D0B6F17E5F3DD0B4F1804F19D0B4F17C5F05468A4643D1B8F14D
:20274000000F6FDA01F01EF9B7F1FF4F01D0002F3FD1A7F17E5757EA090369D0B9F1010F66
:20276000D6D180F00040D3E707EE900A67EEA77A17EE900ACCE7B6F1974F21DAB6F17E5FE5
:2027800008DBF315C3F1960346FA03F202FA03F3B34256D04FF00009C6E7B7F17E5FB5D0C0
:2027A0003BDD002C28DB0846B2E7002CB0DA07EE100AF7EE007AC7EE877A17EE900AA7E7E4
:2027C0004FF00209ADE701F0DDF8B7F1FF4F15D0A7B1B7F17E5F11D04FEAD873013B59EAB9
:2027E000030233D0B6F19A4F40DD1E4A974200F39481002CC0F29781002089E7002C07DA48
:2028000007EE100AF7EE007AC7EE877A17EE900AB8F1000FBFF67CAF9BE7002CECDA81F078
:20282000004075E7BDEC028BBDE8F04700F09EBB07EE900A77EEE77AC7EEA77A17EE900AD7
:2028400066E702F00102C2F102096DE707EE905A77EEE77AC7EEA77A17EE900A58E700BF0C
:20286000A4690400F7FF7F3F0000804BB7F5000F80F249815FED047A07EE100A67EE277A02
:202880006FF0170217EE907AF048F915C7F316077F398742114447F07E5240F33681EC4899
:2028A000874240F3B9819FEDEB5A0131A2F50002F0EE453A0020F7EE006A04EE902A74EE6C
:2028C000A67AB7EE007A87EE278A521042F0005202F58022024434EEE67ADFEDDF8A9FED8B
:2028E000DF2A9FEDDF0ADFEDDF0A9FEDDF1ADFEDDF1ADFEDDF2A9FEDDF3A27EE084A07EE85
:20290000902A24EE046ADC4AA6EE282A14EE100A104005EE900AA2EE060AB1EE652A77EE45
:20292000E66AA2EE277AF0EE607AE0EE067A74EEE64AF0EE476AB0EE417AA7EE867AE2EE31
:20294000246AE7EE061A66EE886A75EE847A26EE066A67EEA67AF0EE084AE6EE217AB0EE17
:20296000646AA5EEA56A07EE101A36EE276ADFEDC31A16EE101A114006EE101A76EE644ABB
:20298000B8EEC77AE2EE254A77EEE47A67EE847AE6EE267AF0EE676AE5EE866A16EE901A67
:2029A000114006EE901AE2EE066A05EE901A77EEE67A67EEA27AE5EE837A77EEA37AF0EEE5
:2029C000676AE5EEA16A76EE856A76EE876A16EE901A114006EE901A36EEC77A37EE457ABA
:2029E000A5EEE17A77EEC77A24F47F6424F00F0407EE10AA06EE104A67EE877A37EE466AF9
:202A000007EE104AE6EE267A09F1FF3959EA030326EE877ABFEE008A77EE876AB7EE006AC7
:202A200016EE900A18BFB0EE468A002820F0004340F39480B3F1864F00F387807AD0B3F190
:202A40007C5F00F39780002116EE903A23F47F6323F00F0306EE903A9FED896ADFED895A98
:202A60009FED893ADFED893A9FED892A9FED894ADFED894A9FED895A36EEC77AF0EE002A5F
:202A800077EEC77A26EE867AA7EEA57AF7EE005AF0EE477AA6EE837A27EE076AF0EE471A94
:202AA000E6EEC31AF0EE636AE6EE026A77EEE17AA6EE864AE7EE277AE4EE064AA4EE865A4C
:202AC000F0EE456AB0EE475AA6EEC65AF0EE456A36EEE26A27EE055AC5EE066A76EEE77A1D
:202AE00037EEC77A35EEC77A17EE103A03EBC153B3F5000FC0F2A28007EE903A67EE887A1A
:202B000017EE900A04E60022BEE69FED525A0020F0EE453AF7EE006ACFE6614A974248DD04
:202B2000002C7FF769AEDFED5F7A67EEA77A17EE900AEDE59FED5C6A76EEC76A37EE866A54
:202B4000B4EEE66AF1EE10FA14DD9FED567A68EE077A67EE877A17EE900AD9E5534A934251
:202B600063DC7FF46CAF76EEC76AF4EEE76AF1EE10FA5ADADB154FF400027E3B42FA03F383
:202B80000344C3F3C7524A4C7F3A1441C3F3160123EA040306EE903AC2F1170241F40001DA
:202BA00037EE667A11410028B8BF494277EE876A4AE707EE100AF7EE007A77EE677A9FEDCD
:202BC000296A9FED3C7ADFED3C4ADFED3C5AB1EE675AF5EE006AA5EE266AF6EE006AE6EE7A
:202BE000676A27EEA76A66EE866A27EE667AA7EEA47AF0EE476AE7EEA56A16EE902A22F4AB
:202C00007F6222F00F0207EE902AE5EE257A06EE902A77EE677AE7E69FED295ADFED293A90
:202C20004FF40010F7EE086A47E69FED277A68EE077A67EE877A17EE900A69E517EE100A57
:202C400000F072FF07EE900A58E700BF71C41C00D6B35D000000000042F1533E55326C3E5A
:202C600005A38B3EABAAAA3EB76DDB3E9A99193F4F38763FA0C39D3600F0FFFF0038763F91
:202C80008CBEBF351872313F0072313F0EEADDB54CBB313355B38A38610B36BBABAA2A3E41
:202CA0000700803FCAF249713CAA383300001643FFFF7F003BAAB83F70A5EC3600AAB83FFD
:202CC00000C0153FDCCFD1356042A20D70B5994A20F00044944286B06BDD974A944206462B
:202CE0001CDC002824F00F04DFED947A944A07EE100A64DD944277EE677A00F0D5809FED98
:202D0000917A77EEC76A012077EEE67AC1ED006A77EEC77AC1ED017A06B070BD8A4A9442B8
:202D20000D4660DDB4F1FF4F80F2B480E215863AA4EBC25307EE903ABDEEE77ADFED836A8B
:202D4000B8EEC77A77EEC77A8DED037A67EEA67ABDEEE77AB8EEC77A77EEC77A8DED047AE9
:202D600067EEA67AF5EE407AF1EE10FACDED057A40F0CC80B5EE407AF1EE10FA0CBF01236E
:202D80000223734901910221009103A8294600F07FF9002E11DA95ED007AD5ED017AB1EE99
:202DA000477AF1EE677A404285ED007AC5ED017A03E0002208604A60002006B070BD944207
:202DC00077EE277A00F08F809FED5E7A77EE876A4FF0FF3077EEE67AC1ED006A77EE877A83
:202DE000C1ED017AE9E700F0CDFD9FED5A6A9FED535ADFED546A07EE100AF6EE007AE7EECB
:202E0000067AFDEEE77AB8EEE76A17EE900AF1EE465AF0EE477A1F28E5EE857A26EE267A65
:202E200054DD77EEC76A16EE903AE415C3F3C753E31A082B54DD9FED487ADFED486AB0EE69
:202E4000675AA5EE875A77EEC57AE5EE877AD6EE267A75EE676AB0EE677A16EE903AC3F32A
:202E6000C753E41A192C53DCC5ED006AF0EE457A77EEE67A002E77EEC77AC5ED017A9CDAD1
:202E8000F1EE666AF1EE677AC5ED006AC5ED017A404292E707EE900A77EEE77A0020C1ED5C
:202EA000017AC1ED007A88E7DFED2B6A9FED2B7A77EEE67A012077EEC76A77EEE67AC1ED7F
:202EC000006A77EEC77AC1ED017A76E7421E244B53F8223024F0FF029A4277EEC76AA2D0F7
:202EE000C5ED006AC4E7DFED1C6A9FED1C7A77EEA67A4FF0FF3077EE876A77EEE67AC1EDDB
:202F0000006A77EE877AC1ED017A56E7032338E7DFED146ADFED144AF0EE457AE5EEA67A32
:202F200035EE677AA5EEA67A96EE247A77EEC76AD6E700BFD80F493FE3CB1640800FC93F9C
:202F4000D00FC93F43443537800F494300008043D082040084F9223F0044353708A3852E77
:202F60005082040000A3852E32318D2407EE900AF1EEE77A17EE900A704700BF20F00043DA
:202F8000B3F1485F06EE100A06EE901A2EDAFDEEC67A17EE903A002B5FD026EE067ADFED7E
:202FA000343A9FED344ADFED344A9FED345ADFED347ADFED345AA7EE234AE7EE044AA7EEA7
:202FC000245AE7EE057AE7EE275A65EE875A66EEC66AB6EE006AE7EE256AF7EE007AD7EE7B
:202FE000066A77EEE67A17EE900A704726EE067ADFED1F3A9FED1F4ADFED1F4A9FED1F5A5E
:20300000DFED1F7ADFED1F5A1F4AA7EE234A9342E4EE074AA4EE875AE5EE077AE7EE875A26
:2030200065EE875AD3DD194A93421BDC03F17F4307EE903AB7EE005A35EE675A66EEC66AA1
:20304000B6EE006AE7EE256AD7EE067A77EEE67A75EE677A17EE900A7047F7EE007A17EEF6
:20306000900A7047B6EE075AF5EE027AE6E700BF4ED747ADF6740F317CF293B4010DD03782
:20308000610BB6BAABAA2A3D9999993E0000483F2DE9F04F2DED048BD7B003F1FF390293C2
:2030A000D31E48BF131DBA4C649D0591DB1023EAE37354F82560039303F10108A2EBC8083C
:2030C00016EB09028646A3EB090316D41A449FEDB17A6598511C1AAA002BA4BF50F8234018
:2030E00007EE904A03F10103ACBFF8EEE77AF0EE477A8B42E2EC017AEED1029B002E4FEADF
:2031000083044FEA860A1DDB1AAB181943AA7346191902EB0A0742ADF446B9F1000FDFEDED
:203120009D7A09DB02466346F3EC016A32ED017A8B42E6EE877AF7D1E5EC017ABD4200F119
:203140000400EAD1AAF1080306ADEB1804939FED939ADFED918A009605ABB34674449A4448
:2031600042AF76464FEA8B0356AA1A44BBF1000F52ED146A16DD07EB8B02294666EE897ACD
:20318000B0EE667AFDEEE77A32ED016AF8EEE77ABA42A7EEE87A77EE866ABDEEC77AA1ECD3
:2031A000017AEBD1414616EE900A019300F0BCFC08EE100AF4EE007A68EE277A17EE900A75
:2031C00000F0ECFB07EE100AF2EE007AA7EE678AB8F1000F019BFDEEC89AF0EE487AB8EE42
:2031E000E98A37EEC88A40F3C6800BF1FF3CC8F1080255F82C1041FA02F000FA02F2891A2B
:2032000045F82C1019EE90CA8444C8F1070209EE90CA41FA02F2002A48DD19EE901ABBF11E
:20322000000F01F1010109EE901A40F33682D5F800C0BCF1000F40F09B80BBF1010F20D0BF
:20324000AE4601205EF8041F00F1010C002900F09980E6468C467146CCF5807C8B4545F831
:2032600020C00CDD55F821002B4405EB810100E00868C0F1FF0041F8040B9942F8D14FF00B
:20328000010CB8F1000F0EDDB8F1010F00F02E81B8F1020F07D10BF1FF3155F8213003F0D7
:2032A0003F0345F82130022A00F00981B5EE408AF1EE10FA40F08680009B0BF1FF3C634592
:2032C0000EDC0BF18041013905EB8101002051F80439514540EA0300F9D1002840F00F8180
:2032E000009B013B55F82330002B40F0FC80049B4FF0010C53F804290CF1010C002AF9D020
:20330000DC440BF1010EE64530DC039B029A0EEB03015A4403EB0C0B1AAB01F1804103EB0B
:203320008202659B013903EB810107EB8E0E03EB8B0B51F8043F9FED177A07EE903AF8EEFF
:20334000E77A1046B9F1000FE0EC017A09DB334601E072ED017AF3EC016AA342A6EEA77ABA
:20336000F7D15945AEEC017A0246E2D1E346F9E60121002070E715D10BF1FF3255F8222094
:20338000121248E7E34560467FF45CAF8C4678E72486040000000000000080430000803B31
:2033A0000000C93FF6EE007AB4EEE78AF1EE10FA80F25D81B5EE408AF1EE10FA4FF00002C4
:2033C0003FF47AAFC8F1000118EE100A0192009E00F0AAFB5FED106A019A07EE100AB4EEDF
:2033E000E67AF1EE10FAC0F25B815FED147A67EE277A0BF10103FDEEE77A08F10808F8EEEB
:20340000E77AA7EEE67AFDEEE77ABDEEC77A17EE101A45F82B1017EE901A45F823104146D1
:203420004FF07E50CDE9002300F07EFB019B009A002B07EE100AC0F24A819F0042A907F1CE
:20344000040E5FED2A6A0F44381D05EB0E0171ED017AF8EEE77AA94267EE877A27EE267ABD
:2034600060ED017AF3D10DF1B8081FED336AC44603F101090025002EC0F20481A24CDFED0D
:20348000A37A3846B0EE467A002103E0A94208DCB4EC017AF0EC016A01318E42E6EE877A27
:2034A000F4DA01354D45ECEC017AA7F10407E2D16499032955D8DFE801F0CAB7B75DF7EE45
:2034C000007A37EEC88ABCF1000F3FF4EFAE17EE900A4146019200F027FB07EE900A019A7A
:2034E00038EE678AE2E64FF0010C09E70BF1FF3155F8213003F07F0345F82130D3E655F8DE
:203500002C10009E6346A8F10808002987D10CF18041013905EB810151F80409013BA8F169
:2035200008080028F8D07AE7DFED787A002A40F0BF809DED2E7A0599002BC1ED007A77EE4B
:20354000677A0BDD2FA80121B0EC017A01318B4277EE877AF8DA002A40F0B680059BC3ED7B
:20356000017A19EE903A03F0070057B0BDEC048BBDE8F08F002B40F3C4809C0056A9214400
:203580000DF1B80803F1804051ED286A013808EB830171ED017A37EEA67A884577EEC77AA8
:2035A00081ED007A77EEA67AF0EE476AC1ED017AEFD1012B40F3A58056AB1C448000031DA1
:2035C00054ED286A43442FA973ED017A37EEA67A994277EEC77A83ED007A77EEA67AF0EECB
:2035E000476AC3ED017AEFD10830DFED487A08EB000308F1080833ED017A984577EE877A8C
:20360000F9D1DDED2E6A9DED2F7A2AB1F1EE666AB1EE477AF1EE677A059BC3ED006A83ED77
:20362000017AC3ED027A9CE7002BFFF67DAF2EA800EB8301DFED357A043131ED017A8842BC
:2036400077EE877AF9D1002A3FF473AF30E0DFED2F7AC6443EED017AF04577EE877AF9D121
:203660000AB1F1EE677A059BC3ED007A79E719EE902ABBF1000F02F1010209EE902A3ADD6B
:203680000222D4E5DFED217A01354D45ECEC017AA7F104077FF4EFAE0AE74FF0000CF0E507
:2036A000BDEEC77A5B4617EE101A45F82B10B6E6DDED2E6A0599B1EE677A002B76EEE77ACA
:2036C00081ED007A3FF73EAFF1EE677A46E7649903293FF646AF01A050F821F0ED3604007E
:2036E000293604002936040075350400DFED077A002AB6D1B7E7F7EE007A37EEC88A0222C0
:20370000D4E5DFED027A7CE7FC8504000000000020F00043B3F1485F07EE900A06EE101A75
:2037200004DABDEEE77A17EE103A23B327EEA77A9FED174ADFED174A9FED175ADFED175AF0
:20374000DFED176AE7EE044A27EE874AA4EE875AE5EE075AE5EE876A82B166EEC46AF6EE0F
:20376000005AE6EE256ADFED0F5A96EE876AA4EE256A77EEC67A17EE900A70479FED0A6AC6
:20378000A7EE266AE6EE047A17EE900A704700BFD3C92E2F342FD7B21BEF3836010D50B929
:2037A0008988083CABAA2A3EABAA2ABE41F0004101F58010C00F70470020704700200149FB
:2037C000704700BF0000F87F38B520F00044B4F1A14F07EE900A05460DDBB4F1FF4F5CDC39
:2037E0009FED557ADFED557A0028C8BFF0EE477A17EE900A38BD524B9C4261DCB4F1445FF1
:2038000050DB4FF0FF3327EEA76A9FED4E1A9FED4E2ADFED4E1ADFED4E2A9FED4E3ADFED96
:203820004E3A9FED4E4ADFED4E4A9FED4E5A9FED4E7ADFED4E5A66EE066A5A1CA6EE812A03
:20384000E6EEA12AA2EE263AE2EEA63AA3EE264AE3EEA64AA4EE265AA4EEA67AE5EE265A50
:2038600027EE267AA5EE867A27EE277A3FD04049404A9B001944D1ED006A37EE667A1344AC
:2038800037EE677AD3ED007A77EEC77A002DB8BFF1EE677A17EE900A38BD77EEA77A17EEBF
:2038A000900A38BD9FED347A37EE877AF7EE006AB4EEE67AF1EE10FAA3DD17EE900A38BDCB
:2038C00000F060F82D4B9C4207EE100A14DCA3F5D0039C4225DCF0EE007AFFEE006AE7EE7D
:2038E000276A002337EE277AC6EE877A8BE777EEC77A17EE900A38BD214B9C420BDCF7EED7
:20390000087AF7EE006AE7EE276A022337EE677AC7EE267A77E7FFEE006AC6EE877A032360
:2039200071E7F7EE007A77EE676A37EE277A0123C6EE877A67E700BFDB0FC93FDB0FC9BF8A
:20394000FFFFDF3ED769853C59DA4B3D21A215BD6BF16EBD356B883D95879DBD6E2EBA3D06
:20396000388EE3BD2549123ECDCC4CBEABAAAA3E4086040030860400CAF24971FFFF973F75
:20398000FFFF1B4020F00040704700BF20F00040B0F1FF4FACBF00200120704782B00190A3
:2039A000019A22F00041CB0D7F3B162B20DC002B10462EDB234919410A4224D0DFED227A52
:2039C0009DED017A77EE277AF5EEC07AF1EE10FA19DD002A04DA4FF4000242FA03F3184405
:2039E00020EA010307EE903A17EE900A02B07047B1F1FF4FDDED017AF6D377EEA77A17EE69
:203A0000900A02B07047DDED017A17EE900A02B07047DFED0D7A9DED017A77EE277AF5EE15
:203A2000C07AF1EE10FAEEDD002A02DBDFED077ADAE7FFEE007A002918BFB0EE677AF0EEBF
:203A4000477AD1E7FFFF7F00CAF2497100000000004870470000C07F10B485B00190019A97
:203A600022F00041CB0D7F3B162B2ADC21B3002B11464FEAD27032DB294A1A4111421BD030
:203A80005208114207D04FF4001421EA020244FA03F342EA0301234B03EB800090ED007A05
:203AA00007EE901A77EE277ACDED037ADDED037A77EEC77ACDED017A019805B05DF8044B16
:203AC0007047B1F1FF4FF7D3DDED017A77EEA77ACDED017A019805B05DF8044B7047C2F317
:203AE00016035B420F495B0A120D03F4800312051A4301EB800191ED007A07EE902A77EECD
:203B0000277ACDED037ADDED037A77EEC77A17EE903A23F0004343EAC0730193CCE700BF55
:203B2000FFFF7F005086040000B52DED028B83B00190019B33F000421DD0B2F1FF4F0FD24E
:203B4000B2F5000F20D3D20D0A44FE2A2CDC002A3DDD23F0FF4343EAC25307EE903A03E0E2
:203B600007EE900A77EEA77A17EE900A03B0BDEC028B5DF804FBDDED017A17EE900A03B0BD
:203B8000BDEC028B5DF804FB9DED017ADFED1B7A1B4B67EE277A9942CDED017A10DB019B42
:203BA000C3F3C752193ACFE79FED168A019918EE100A00F041F907EE900A67EE887AD3E77D
:203BC000DFED117A9DED017A67EE277ACCE712F1160F06DA4CF250339942E5DC9FED0A8A5B
:203BE000E4E7193223F0FF4343EAC2539FED077A07EE903A67EE877AB6E700BF0000004C4E
:203C0000B03CFFFFCAF249716042A20D0000003330B482B00190019B33F0004241D0002BDC
:203C20004ADBB3F1FF4F54DAB3F5000F80F29D80DFED6E7A9DED017A67EE277A6FF01805CE
:203C400017EE903A6A4AC3F31604224402F4000282F07E50DB1504F10F0120437F3B07EE6C
:203C6000900AC1F316012B44B7EE007A0F2903EBD25337EEC77A35DCB5EE407AF1EE10FA49
:203C800075D1002B00F0AE8007EE903AB8EEE77ADFED587ADFED586A67EE277AE7EE267A38
:203CA00005E0DFED566A9FED567AC6EE877A17EE900A02B030BC7047DDED017A9FED507AF3
:203CC00077EEE76AC6EE877A17EE900A02B030BC7047DDED017A77EEA77A17EE900A02B069
:203CE00030BC7047B0EE006A37EE066A9FED452ADFED453ADFED454ADFED452A9FED454A8D
:203D0000DFED456ADFED457A4549C7EE065AC4F55712214402F522720A43002A06EE103A33
:203D200025EEA55AB8EEC63A25EE056AE6EE023AA6EE224AE3EE864AE4EE067AE4EE866A84
:203D400066EE856AE7EE866A3BDDB6EE006A27EE066A26EE076A76EE866A66EEA56A03BBB6
:203D600076EE666A77EE667AA1E700256AE7DFED2D6AF6EE007AE7EE667A67EE076A67EE3B
:203D8000A67ADBB106EE903ADFED1A5A9FED1A6AF8EEE66AE6EEE57A77EEC77AD6EE867A96
:203DA00085E7DFED147ADFED145AE3EE276A76EE667A77EEC77AD3EE257A78E777EE677AB2
:203DC00075E777EE667A67EEA57A002BF6D09FED096ADFED096AE3EE467A77EEC77AD3EEA7
:203DE000267A64E7DFED067A61E700BF0000004C20FB4A00D1F717378071313F000000CC91
:203E0000000000009788173E25333A3E2549923E4FD01C3E298E633EABAA2A3FCDCCCC3EEE
:203E2000305CCFFFABAAAA3E03F0004321F0004242EA0301704700BF01F0004120F000403A
:203E40000843704710B5054C13462CB10A4601460220AFF3008010BD2046FCE70000000023
:203E6000014B1868704700BF3C21002008B5074B044613B10021AFF30080054B1868836A66
:203E800003B19847204600F061FF00BF000000005886040070B50D4E0D4CA41BA4100025C7
:203EA000A54209D10B4E0C4C01F022F9A41BA4100025A54205D170BD56F82530984701354A
:203EC000EEE756F8253098470135F2E77C2300207C2300207C230020A0230020024B0146C8
:203EE000186800F09FBF00BF3C21002038B5074C0023054608461146236000F01FFF431C75
:203F000002D1236803B12B6038BD00BF9C430020084B37B51C68084D236A002B08BF2B4649
:203F2000009313460A460146204600F0C9FF03B030BD00BF3C210020A0210020084B37B5E4
:203F40001C68084D236A002B08BF2B46009313460A460146204601F02EF803B030BD00BF39
:203F60003C210020A021002081F0004102E000BF83F0004330B54FEA41044FEA430594EA78
:203F8000050F08BF90EA020F1FBF54EA000C55EA020C7FEA645C7FEA655C00F0E2804FEA68
:203FA0005454D4EB5555B8BF6D420CDD2C4480EA020281EA030382EA000083EA010180EA4D
:203FC000020281EA0303362D88BF30BD11F0004F4FEA01314FF4801C4CEA113102D040426F
:203FE00061EB410113F0004F4FEA03334CEA133302D0524263EB430394EA050F00F0A78053
:20400000A4F10104D5F1200E0DDB02FA0EFC22FA05F2801841F1000103FA0EF2801843FA74
:2040200005F359410EE0A5F120050EF1200E012A03FA0EFC28BF4CF0020C43FA05F3C018A8
:2040400051EBE37101F0004507D54FF0000EDCF1000C7EEB00006EEB0101B1F5801F1BD3A1
:20406000B1F5001F0CD349085FEA30004FEA3C0C04F101044FEA445212F5800F80F09A8068
:20408000BCF1004F08BF5FEA500C50F1000041EB045141EA050130BD5FEA4C0C404141EB8A
:2040A000010111F4801FA4F10104E9D191F0000F04BF01460020B1FA81F308BF2033A3F17F
:2040C0000B03B3F120020CDA0C3208DD02F1140CC2F10C0201FA0CF021FA02F10CE002F14B
:2040E0001402D8BFC2F1200C01FA02F120FA0CFCDCBF41EA0C019040E41AA2BF01EB0451E1
:20410000294330BD6FEA04041F3C1CDA0C340EDC04F11404C4F1200220FA04F001FA02F388
:2041200040EA030021FA04F345EA030130BDC4F10C04C4F1200220FA02F001FA04F340EA5C
:204140000300294630BD21FA04F0294630BD94F0000F83F4801306BF81F480110134013DBA
:204160004EE77FEA645C18BF7FEA655C29D094EA050F08BF90EA020F05D054EA000C04BF21
:204180001946104630BD91EA030F1EBF0021002030BD5FEA545C05D14000494128BF41F034
:2041A000004130BD14F580043CBF01F5801130BD01F0004545F0FE4141F470014FF0000046
:2041C00030BD7FEA645C1ABF194610467FEA655C1CBF0B46024650EA013406BF52EA0335F5
:2041E00091EA030F41F4002130BD00BF90F0000F04BF0021704730B54FF4806404F13204CF
:204200004FF000054FF0000150E700BF90F0000F04BF0021704730B54FF4806404F13204C3
:2042200010F0004548BF40424FF000013EE700BF42004FEAE2014FEA31014FEA02701FBF3A
:2042400012F07F4393F07F4F81F06051704732F07F4208BF704793F07F4F04BF41F40021A5
:20426000704730B54FF4607401F0004521F000411CE700BF50EA010208BF704730B54FF062
:2042800000050AE050EA010208BF704730B511F0004502D5404261EB41014FF4806404F146
:2042A00032045FEA915C3FF4D8AE4FF003025FEADC0C18BF03325FEADC0C18BF033202EB2E
:2042C000DC02C2F1200300FA03FC20FA02F001FA03FE40EA0E0021FA02F11444BDE600BF29
:2042E00070B54FF0FF0C4CF4E06C1CEA11541DBF1CEA135594EA0C0F95EA0C0F00F0DEF815
:204300002C4481EA030621EA4C5123EA4C5350EA013518BF52EA033541F4801143F480131A
:2043200038D0A0FB02CE4FF00005E1FB02E506F00042E0FB03E54FF00006E1FB03569CF002
:20434000000F18BF4EF0010EA4F1FF04B6F5007F64F5407404D25FEA4E0E6D4146EB0606F5
:2043600042EAC62141EA55514FEAC52040EA5E504FEACE2EB4F1FD0C88BFBCF5E06F1ED843
:20438000BEF1004F08BF5FEA500E50F1000041EB045170BD06F0004646EA010140EA020028
:2043A00081EA0301B4EB5C04C2BFD4EB0C0541EA045170BD41F480114FF0000E013C00F34E
:2043C000AB8014F1360FDEBF002001F0004170BDC4F10004203C35DA0C341BDC04F11404E4
:2043E000C4F1200500FA05F320FA04F001FA05F240EA020001F0004221F0004110EBD37002
:2044000021FA04F642EB06015EEA430E08BF20EAD37070BDC4F10C04C4F1200500FA04F3E9
:2044200020FA05F001FA04F240EA020001F0004110EBD37041F100015EEA430E08BF20EA43
:20444000D37070BDC4F1200500FA05F24EEA020E20FA04F301FA05F243EA020321FA04F095
:2044600001F0004121FA04F220EA020000EBD3705EEA430E08BF20EAD37070BD94F0000F52
:204480000FD101F00046400041EB010111F4801F08BF013CF7D041EA060195F0000F18BF8B
:2044A000704703F00046520043EB030313F4801F08BF013DF7D043EA0603704794EA0C0F8E
:2044C0000CEA135518BF95EA0C0F0CD050EA410618BF52EA4306D1D181EA030101F0004111
:2044E0004FF0000070BD50EA410606BF1046194652EA430619D094EA0C0F02D150EA01360A
:2045000013D195EA0C0F05D152EA03361CBF104619460AD181EA030101F0004141F0FE4156
:2045200041F470014FF0000070BD41F0FE4141F4780170BD70B54FF0FF0C4CF4E06C1CEA1D
:2045400011541DBF1CEA135594EA0C0F95EA0C0F00F0A7F8A4EB050481EA030E52EA033562
:204560004FEA013100F088804FEA03334FF0805545EA131343EA12634FEA022245EA1115AC
:2045800045EA10654FEA00260EF000419D4208BF964244F1FD0404F5407402D25B084FEA08
:2045A0003202B61A65EB03055B084FEA32024FF480104FF4002CB6EB020E75EB030E22BF8A
:2045C000B61A754640EA0C005B084FEA3202B6EB020E75EB030E22BFB61A754640EA5C0036
:2045E0005B084FEA3202B6EB020E75EB030E22BFB61A754640EA9C005B084FEA3202B6EB26
:20460000020E75EB030E22BFB61A754640EADC0055EA060E18D04FEA051545EA16754FEA26
:2046200006164FEAC30343EA52734FEAC2025FEA1C1CC0D111F4801F0BD141EA00014FF073
:2046400000004FF0004CB6E711F4801F04BF01430020B4F1FD0C88BFBCF5E06F3FF6AFAEE0
:20466000B5EB030C04BFB6EB020C5FEA500C50F1000041EB045170BD0EF0004E4EEA1131BF
:2046800014EB5C04C2BFD4EB0C0541EA045170BD41F480114FF0000E013C90E645EA060EB4
:2046A0008DE60CEA135594EA0C0F08BF95EA0C0F3FF43BAF94EA0C0F0AD150EA01347FF4BC
:2046C00034AF95EA0C0F7FF425AF104619462CE795EA0C0F06D152EA03353FF4FDAE104635
:2046E000194622E750EA410618BF52EA43067FF4C5AE50EA41047FF40DAF52EA43057FF4EA
:20470000EBAE12E74FF0FF3C06E000BF4FF0010C02E000BF4FF0010C4DF804CD4FEA410C13
:204720007FEA6C5C4FEA430C18BF7FEA6C5C1BD001B050EA410C0CBF52EA430C91EA030FB2
:2047400002BF90EA020F0020704710F1000F91EA030F58BF994208BF90422CBFD8176FEADB
:20476000E37040F0010070474FEA410C7FEA6C5C02D150EA013C07D14FEA430C7FEA6C5C6C
:20478000D6D152EA033CD3D05DF8040B704700BF8446104662468C461946634600E000BF39
:2047A00001B5FFF7B7FF002848BF10F1000F01BD4DF808EDFFF7F4FF0CBF012000205DF816
:2047C00008FB00BF4DF808EDFFF7EAFF34BF012000205DF808FB00BF4DF808EDFFF7E0FFA4
:2047E00094BF012000205DF808FB00BF4DF808EDFFF7CEFF94BF012000205DF808FB00BF66
:204800004DF808EDFFF7C4FF34BF012000205DF808FB00BF4FEA410C7FEA6C5C02D150EA96
:20482000013C0AD14FEA430C7FEA6C5C02D152EA033C02D14FF0000070474FF00100704799
:204840004FEA410212F5001215D211D56FF47873B3EB625212D94FEAC12343F0004343EAAB
:20486000505311F0004F23FA02F018BF404270474FF00000704750EA013005D111F00040AE
:2048800008BF6FF0004070474FF00000704700BF4A0011D212F5001211D20DD56FF47873ED
:2048A000B3EB62520ED44FEAC12343F0004343EA505323FA02F070474FF00000704750EA6B
:2048C000013002D14FF0FF3070474FF0000070474FEA4102B2F1E04324BFB3F5001CDCF103
:2048E000FE5C0DD901F0004C4FEAC0024CEA5070B2F1004F40EB830008BF20F0010070471B
:2049000011F0804F21D113F13872BCBF01F00040704741F480114FEA5252C2F11802C2F1A1
:20492000200C10FA0CF320FA02F018BF40F001004FEAC1234FEAD32303FA0CFC40EA0C00A7
:2049400023FA02F34FEA4303CCE77FEA625307D150EA01331EBF4FF0FE4040F4400070472A
:2049600001F0004040F0FE4040F40000704700BF53B94AB9002908BF00281CBF4FF0FF317D
:204980004FF0FF3000F0D0B9ADF1080C6DE904CE00F064F8DDF804E0DDE9022304B07047FB
:2049A0002DE9F84382EAE274A4EBE2741546E20758BFDFF8609006460F4652BF4FF00008E4
:2049C00080468946640832463B463046394613D0FFF786FCE30706460F46F3D54046494625
:2049E00032463B46FFF77CFC64088046894632463B4630463946EBD1002D07DA42464B467E
:204A000000200449FFF796FD8046894640464946BDE8F8830000F03FD0B500220D4B06465C
:204A20000F46FFF75DFCFFF733FF0446FFF7DEFB0022094BFFF754FC02460B463046394647
:204A4000FFF796FAFFF724FF0022234610431946D0BD00BF0000F03D0000F0412DE9F04783
:204A6000089E04468846002B4BD18A42154667D9B2FA82F24AB1C2F1200701FA02F320FACB
:204A800007F7954047EA030894404FEA154E230CB8FBFEF71FFA85FC0EFB178843EA084306
:204AA00007FB0CF1994209D9EB1807F1FF3080F01B81994240F21881023F2B445B1AA4B2E3
:204AC000B3FBFEF00EFB103344EA034400FB0CFCA44509D92C1900F1FF3380F00781A44562
:204AE00040F2048102382C4440EA0740A4EB0C0400271EB1D4400023C6E900433946BDE802
:204B0000F0878B4209D9002E00F0EB800027C6E9000138463946BDE8F087B3FA83F7002FA0
:204B200047D18B4202D3824200F2FA80841A61EB030301209846002EE0D0C6E90048DDE703
:204B400002B9FFDEB2FA82F2002A40F08F80491B4FEA154E1FFA85F80127B1FBFEFC230CA1
:204B60000EFB1C1143EA014308FB0CF1994207D9EB180CF1FF3002D2994200F2CD808446EC
:204B8000591AA3B2B1FBFEF00EFB101443EA044408FB00F8A04507D92C1900F1FF3302D215
:204BA000A04500F2B6801846A4EB080440EA0C409FE7C7F1200CBB4022FA0CFE4EEA030EA5
:204BC00001FA07F420FA0CF521FA0CF34FEA1E482543B3FBF8F92C0C08FB19331FFA8EFADC
:204BE00044EA034309FB0AF49C4202FA07F200FA07F10BD91EEB030309F1FF3080F08780E7
:204C00009C4240F28480A9F1020973441B1BADB2B3FBF8F008FB103345EA034400FB0AFA3E
:204C2000A24508D91EEB040400F1FF336BD2A24569D90238744440EA0940A0FB0289A4EBF8
:204C40000A044C45C2464B4654D351D0002E69D0B1EB0A0564EB030404FA0CFCFD40FC40ED
:204C60004CEA0505C6E90054002747E7C2F1200320FA03F7954001FA02F021FA03F34FEAA6
:204C8000154E3843010CB3FBFEF71FFA85F80EFB173341EA034107FB08F38B4204FA02F470
:204CA00007D9691807F1FF3C2FD28B422DD9023F2944CB1A81B2B3FBFEF00EFB103341EAB3
:204CC000034100FB08F38B4207D9691800F1FF3C17D28B4215D902382944C91A40EA07479A
:204CE0003BE73746304609E70746E7E61846FBE64145ABD2B8EB020A69EB0E0201381346AE
:204D0000A4E76046E9E7184695E76746D1E781467CE702382C4447E7ACF1020C2B442FE721
:204D2000384608E73746E9E6704700BF024B58221A604FF0FF3070479C430020024B582218
:204D40001A604FF0FF3070479C430020FEE700BFEBF7AABD0B4601461846FFF773B810B5EC
:204D6000002814BF044601242046EBF777FD30B9FCF7BCF908B900F00FF88047F4E710BD55
:204D800008B500F004F808B5804700F005F808B5FCF7B4F9FFF7F7FF08B50620FFF79EF841
:204DA0000120FFF7D3FF0A220021FFF7B1B830B50024A24201D1002007E0035D01340D19DD
:204DC00015F8015CAB42F4D0581B30BD10B5431E0A44914200D110BD11F8014B03F8014FD3
:204DE000F7E7884210B501EB020307D8421E99420AD011F8014B02F8014FF8E78342F5D950
:204E00008118D21AD34200D110BD13F8014D01F8014DF7E702440346934200D1704703F8F5
:204E2000011BF9E71F2938B504460D4604D9162303604FF0FF3038BD426C12B152F82130BC
:204E40004BB9204600F016F82A4601462046BDE83840FFF74BB8012B0AD0591C03D116232F
:204E600003600120E7E7002442F82540284698470020E0E7FFF75ABF10F8012B11F8013B61
:204E8000012A28BF9A42F7D0D01A7047034613F8012B002AFBD1181A0138704710B56AB144
:204EA0000139841810F8013B11F8012F934203D1A04201D0002BF5D1981A10BD1046FCE79A
:204EC0002DE9F0478046894692461E460F463D46089815F8014B00F0E8F82044437813F0F1
:204EE000080332D12D2C32D17C78BD1C0122002E5DD0102E09D1302C07D12B7803F0DF0339
:204F0000582B4FD16C7810260235002A14BF4FF000416FF000410027B1FBF6FC384606FB3C
:204F20001C1EA4F13003092B17D81C46A64223DD7B1C07D084451CD301D1A64519DB00FB30
:204F40000640012715F8014BEBE72F46BFE72B2C04BFBD1C7C781A46C9E7A4F14103192B89
:204F600001D8373CE2E7A4F16103192B04D8573CDCE74FF0FF37E5E77B1C08D12223C8F8F7
:204F800000300846BAF1000F07D1BDE8F08702B14042BAF1000FF8D00FB105F1FF39CAF87E
:204FA0000090F2E73024002EAFD10826ADE7302CA3D00A26A9E72DE9F0478046894692467B
:204FC0001E460F463D46089815F8014B00F06DF82044437813F0080330D12D2C30D17C78CB
:204FE000BD1C0121002E5CD0102E09D1302C07D12B7803F0DF03582B4ED16C7810260235A5
:205000004FF0FF320023B2FBF6F206FB02FC6FEA0C0C1846A4F13007092F17D83C46A6423D
:2050200023DD002B1EDB82421CD301D1A44519DB00FB0640012315F8014BEBE72F46C1E73D
:205040002B2C04BFBD1C7C781946CBE7A4F14107192F01D8373CE2E7A4F16107192F04D8FD
:20506000573CDCE74FF0FF33E5E7002B09DA2223C8F800304FF0FF30BAF1000F07D1BDE8B5
:20508000F08701B14042BAF1000FF8D00BB105F1FF39CAF80090F2E73024002EB0D108269D
:2050A000AEE7302CA4D00A26AAE7D0F8EC00704782B001B901A942B14BB113780B6012785A
:2050C000101C18BF012002B070471046FBE76FF00100F8E749B1FF2A85BF8A2303600A70DB
:2050E0004FF0FF3098BF01207047084670470000F8B500BFF8BC08BC9E467047F8B500BF23
:20510000F8BC08BC9E4670470000000000000000000000000000000000000000000000007C
:2051200010420000009004004A2F0065895EA2BA00300700610A0200990A0200B50A02005E
:20514000CD0A0200E90A0200050B0200210B02003D0B02004D0B0200850B0200D50B020029
:20516000FD0B0200710C0200B90C0200C90C0200D90C0200290D0200610D0200710D0200F9
:205180006D160200A9530200B54C0200D94F0200E54F0200FD4F020031260200F14F020040
:2051A000094D0200D14F0200FD33020049260200012A02002D290200DD280200312B0200E8
:2051C0008D23020069250200792502008D250200A9250200592F0200A92E0200853402004B
:2051E000A534020015560200195602005C5804008C580400BC580400145A0400A54C0200D9
:20520000554D0200CD3E0200C9360200355602002D56020031560200FD32020011310200CC
:2052200081310200312702004527020065270200252802003928020071280200852202006E
:20524000D5250200E9250200ED250200F5250200012602000926020019260200212602002E
:2052600029260200C5300200F5300200494D02009D500200C95002003551020075210200FD
:2052800081210200D9210200E1210200552502000525020001220200C52202003924020055
:2052A000C92202000D2302007523020085230200A13002007D2B0200A52B0200CD2B020042
:2052C000252C0200512C0200052A0200FD2A0200352A0200652A02008D2A0200B52A020016
:2052E000D52A0200513202007532020099320200BD320200DD320200A5300200B5300200F2
:20530000392F0200492F0200B12C0200B52502006D2D0200252E0200392E02004D2E020017
:20532000612E0200752E0200892E0200C5250200CD2502001D560200312602004126020067
:2053400049260200C5260200C9260200CD260200E12602001527020019270200292702002E
:2053600085280200912802009528020035340200AD340200C5340200E93402003135020034
:2053800051350200BD360200D5360200D13D0200753F0400C547040001480400713F0400AA
:2053A00035450400E14204006D160200753F0200993F02009D3F0200CD3F0200F93F02000D
:2053C0002940020035400200794002009D400200CD400200F9400200014102000941020077
:2053E00015410200254102001D0E0200490E0200A90E0200B50E0200E50E0200210F0200C2
:20540000250F0200314102003D410200A1410200C5410200E9410200ED4302000D420200C7
:20542000B1420200E9420200F5420200054302001143020035430200C9430200D9430200CB
:20544000791F0200811F02008D1F0200911F0200951F0200991F02009D1F0200A51F0200BC
:20546000BD1F0200C91F0200D51F0200E11F0200F51F02003D200200412002004D20020025
:205480005120020061200200692002006D200200712002007D200200852002009920020068
:2054A000A5200200A9200200354402004544020099440200A9440200E1440200ED4402002C
:2054C000B9440200C5440200D1440200F94402000D45020021460200314602003D460200B1
:2054E000494602006D460200994702009D470200B1470200C5470200D9470200ED4702003E
:205500000148020029480200354802006548020085480200894802009D480200ED480200DF
:20552000454902005149020099490200C1490200D1490200D9490200814B0200B14B020043
:20554000194A02002D4A0200914A0200A54A0200BD4A0200154B02003D4B0200694B0200F4
:20556000B953020085510200D151020015520200455202005D520200B9520200015302000B
:205580004553020051530200815302008D530200995302008D0F0200910F0200A90F02002B
:2055A000BD0F0200D50F0200E90F02004D130200891402004D1002005110020081100200E7
:2055C000AD1002002D110200391102007D110200F11102000912020031120200391202003D
:2055E0007D0D0200910D0200A50D0200B90D0200CD0D0200E10D0200F50D0200090E02001A
:205600007D540200A5540200B9540200CD540200E1540200F5540200095502001D55020034
:20562000A5450200C9450200ED450200F14502000D46020051540200F9530200455402001D
:205640005D55020089550200BD550200000000000338FDD8704700000100000000000000DA
:205660000A000000000000006400000000000000E80300000000000010270000000000009A
:20568000A08601000000000040420F0000000000809698000000000000E1F50500000000C9
:2056A00000CA9A3B0000000000E40B540200000000E87648170000000010A5D4E8000000D8
:2056C00000A0724E1809000000407A10F35A00004FBB610567ACDD3F182D4454FB21E93F72
:2056E0009BF681D20B73EF3F182D4454FB21F93FE2652F227F2B7A3C075C143326A6813CBE
:20570000BDCBF07A8807703C075C143326A6913C000000000000E03F000000000000E0BF5B
:205720000000E0FE422EE63F0000E0FE422EE6BF763C7935EF39EA3D763C7935EF39EABD25
:205740000000000000000000000000000000008000000040FB21F93F000000002D44743E12
:20576000000000809846F83C0000006051CC783B00000080831BF0390000004020257A38E9
:20578000000000802282E336000000001DF369350000000000000000B9AD0200B9AD02004E
:2057A000B9AD0200490902004D090200E9AD0200B9AD0200B9AD020099B00200BDAD0200B6
:2057C000EDB00200C1B10200D5AD0200B1120000267930DAA26E0273B604384AB112000042
:2057E000267930DAA26E0273B6043849CFDBDFE4E7ECF1F630313233343536373839616249
:20580000636465660000000000000000000000000976030061750300B1140300B11403000B
:20582000B9140300B9140300A1140300C1140300D1780300DD14030099790300D17503009A
:20584000FD140300491502005D150200D5760300322E3000322E3200322E5800080003F934
:20586000000000000100000000000000E1200200FD330200DD200200AD200200B52002004D
:20588000B9200200D9200200BD200200080004F9000000000300000000000000E120020048
:2058A000FD33020000000000D1200200000000000000000000000000000000000C0002F9BC
:2058C000000000000200000000000000E1200200FD33020000000000CD20020000000000A2
:2058E0000000000000000000000000005C5804000700626F6F6C65616E0000005C58040051
:205900000900756E646566696E6564008C58040000000000000000005C580400000000002C
:205920005C580400080066756E6374696F6E00005C5804000900756E646566696E656400CE
:205940005C5804000800496E66696E69747900005C58040003004E614E0000005C580400CD
:2059600009002D496E66696E697479005C58040004006E756C6C00005C580400040074728E
:20598000756500005C580400050066616C7365005C58040008005B4F626A6563745D000096
:2059A0005C5804000A005B46756E6374696F6E5D000000005C58040006006E756D626572E0
:2059C000000000005C58040006006F626A656374000000005C5804000600737472696E673D
:2059E00000000000080004F9000000000900000000000000193F0200113F0200213F02008B
:205A0000153F0200000000000000000000000000000000000C0005F9000000000400000022
:205A200000000000B14C0200A14C0200A13E0200E53E020000000000000000000000000072
:205A400000000000140004F9000000000800000000000000DD4B0200E94B0200B53E0200D8
:205A6000F53E020000000000000000000000000000000000080004F90000000007000000E5
:205A800000000000AD4C0200A94C0200AD3E0200F13E0200000000000000000000000000F6
:205AA000000000000C0004F9000000000600000000000000D14B0200D94B0200993E0200BA
:205AC000E13E02000000000000000000000000000000000000000000000000003956020014
:205AE000AD56020041560200F5570200FDFA020001590200855902007A76677074756F69FD
:205B000065617A76677074756F6965617A76677074000000756E6B6E6F776E001B1B000EE2
:205B20001100000015160F18130000001C0B1F251E0000000000000000000000A55B020064
:205B400035FD02009D5B02005D5B0200995B02006D5F0200915B02008D5B020000000000C1
:205B60000000000039560200A15F0200415602004D7D0200FDFA0200AD5F0200D95F0200EC
:205B8000CD130300D1130300E1810200E5130300E97E0200B97C0200ED130300C4FFFFFF78
:205BA00000000000395602002D2D030041560200A55F0200FDFA0200D15F020005600200C6
:205BC000554249545F4C4F475F46535F565F3030320A0000DC5B0400080000000100000064
:205BE000020000000200000002000000030000000200000004000000010000000500000090
:205C0000080000000600000001000000070000000100000008000000010000000000000064
:205C20000000000039560200A15F0200D9660200A55F0200FDFA0200AD610200C561020059
:205C4000000000000000000039560200A15F02000D6C0200A55F0200FDFA0200116B0200B9
:205C6000296B02006C5C040008000000010000000C000000020000000500000003000000A3
:205C80000200000004000000010000000500000001000000060000000200000007000000E8
:205CA000030000000800000001000000000000000000000039560200A15F020041560200AC
:205CC000A55F0200FDFA0200396C0200696C02006D6F0200AD6F0200D9730200256C02006A
:205CE0000174020021740200296C0200F8FFFFFF00000000A16C02001974020031740200C5
:205D0000316C0200A56F020085700200F973020000000000000000003974020095740200AF
:205D2000AD74020000000000000000000D76020045740200517402007D4A03005D7402009C
:205D4000657402008D740200914A0300954A03000000000000000000FD7A0200C57B0200EA
:205D6000017B0200057B0200117B0200257B0200E17B020000000000000000003956020004
:205D8000A15F0200415602004D7D0200FDFA0200797C0200957C0200CD130300D1130300CF
:205DA000E1810200E5130300E97E0200B97C0200ED13030000000000000000002955030060
:205DC0000D550300115503007D4A03001D550300215503008D4A0300914A0300954A0300A3
:205DE0000000000000000000F98702004D820200518202007D4A03005D820200854A0300FE
:205E000061820200914A0300954A030071820200C5820200F8FFFFFF000000003956020019
:205E2000A15F020041560200A55F0200FDFA0200BD820200D9820200676967676C650000BB
:205E40003031303233303938383031393030383434303034343030383838313032333030E3
:205E600031363031303033333030323430303030303030303030303030303030303030300E
:205E800030303030303030302C3131303233323537303038373431313434303034343030CC
:205EA0003838383033353230303539303130303333303030313030303030303030303030AA
:205EC00030303030303031303030303030303030302C3331303233323732393032313130A4
:205EE000353434303238383930383838303039313030363330303030303030303234303742
:205F000030303032303030303030303030303030333030303030303030302C333130323377
:205F20003237323930313032303534343032383839303838383030393130303633303030F7
:205F400030303030303234303730303032303030303030303030303030333030303030302F
:205F60003030302C33313032333237323930313134303534343032383839303838383030C2
:205F80003931303036333030303030303030323430373030303230303030303030303030DF
:205FA0003030333030303030303030300000000068617070790000003031303233313939E3
:205FC000323036363931313434303034343030383838303236323030323830303030313863
:205FE000303030323035303030303030303030303030303030313030303030303030303099
:206000002C303032333232313239303239353038343430323430343038383830303030302D
:2060200030303430303032323430303131303030303030303030303030303030303030374B
:206040003530303030303030302C3030303030323132393032393530393434303234303406
:206060003038383830313435303030343030303232343030313130303030303030303030F0
:20608000303030303030303037353030303030303030000068656C6C6F00000033313032BA
:2060A000333036373330313937303234343031313837303838383130323330313238303078
:2060C0003030303030303234303030303030303030303030303030303030303030303030BA
:2060E000303030302C3330303030313036343030313630323434303039383130383838305B
:2061000030303030313238303030303031303030343030303030303030303030303030306F
:20612000303030303030303030303030302C33313032333130363430323933303234343037
:206140003039383130383838313032333031323830303030303130303034303030303030FF
:206160003030303030303030303030303030303030303030303000006D7973746572696F83
:20618000757300003430303030323339303033333130303434303234303430383838303490
:2061A0003737303030343030303232343030313130343030303030303030303030303030BF
:2061C0003030383030303030303030302C3430353531323834353338353030303434303081
:2061E000343430303838383030303030313238303330313035303031363030303030303064
:20620000303030303030303030303835303030353030303135000000736164003331303278
:20622000333232323630373038303134343031363234303838383130323330313238303001
:20624000303030313030323430303030303030303030303030303030303030303030303037
:20626000303030302C333130323331363233303933363032343430303933393038383830C4
:206280003030303031323830303030303130303234303030303030303030303030303030EC
:2062A00030303030303030303030303030000000736C6964650000003130353230323332CE
:2062C000353032323330323434303234303430383838313032333031323830313032303072
:2062E000303031313034303030303030303030303030303030313030303030303030303097
:206300002C3031303233323532303039313030323434303034343030383838313032333038
:20632000313238303130323234303031313034303030303030303030303030303030313042
:20634000303030303030303030000000736F6172696E67003231303233343030393533303D
:206360003930353434303539393930383838313032333030323230323030303430303032BD
:20638000303235303030303030303030303030303032303030303030303030302C343032F2
:2063A000323333373237323733303134343430303434303038383830303030303033313088
:2063C0003130323434303030333030303030303030303030303030303030303030303030AF
:2063E0003030303030000000737072696E67000033303635393030333731313633313234E7
:20640000343030353837303838383038303730303334303030303030303032343030303030
:206420003030303030303030303030303035303030303030303030302C3031303233303055
:206440003337313136333133343430303538373038383831303233303033313030303030E5
:20646000303030323430303030303030303030303030303030303530303030303030303011
:20648000300000007477696E6B6C65003031303138303030373637323230393434303037D4
:2064A000353630383838303835353031323830303030303030303234303030303030303096
:2064C0003030303030303030303030303030303030303030000000007961776E000000003D
:2064E000323030303032323831313333323032343430313530303038383831303233303155
:2065000032383031303234313030323430343030303330303030303030303030303130305B
:2065200030303030303030302C303035333132353230303931303032343430303434303031
:206540003838383036333630313238303130323234303031313033303030303030303030FB
:2065600030303030303031303030303030303030302C3030383232303738343031393030F5
:206580003834343030343430303838383036383130303136303030303535303032343030A5
:2065A00030303030303030303030303030303030353030303030303030302C3030343739C6
:2065C000303738343031393030383434303034343030383838303239383030313630303054
:2065E000303030303032343030303030303030303030303030303030303530303030303090
:206600003030302C303033323130373834303139303038343430303434303038383830312A
:2066200030383030313630303030333330303038303030303030303030303030303030303D
:20664000303035303030303030303030000000000000000000000000F5900200FD900200DF
:20666000059102001D910200259102002D91020035910200459102005591020061910200DE
:206680007191020079910200819102008991020099910200A1910200A9910200C1910200CA
:2066A000C9910200D1910200D9910200E1910200E991020021920200259202002992020093
:2066C0005D9202000000000000000000F5900200FD9002000591020071950200259102005B
:2066E0002D9202003591020045910200559102006191020071910200799102008191020039
:2067000031920200999502004192020035930200C1910200C9910200D1910200D991020065
:20672000E1910200E99102002192020025920200C1920200A993020069920200F1950200E3
:206740004592020049920200E8FFFFFF0000000039560200A15F0200B9920200A55F0200B8
:20676000FDFA0200F992020065930200E0FFFFFF000000004D960200794A03005592020028
:206780007D4A030061930200854A03008D4A0300914A0300954A0300C06704000C00000096
:2067A000F067040006000000086804000400000018680400070000003468040007000000CE
:2067C0000000803F6D56853F0000903F9A99993F0000A03F93A9AA3FA301B43F0000C03FFF
:2067E000CDCCCC3F6D56D53F6666E63F0000F03F0000803F0000903F0000A03FA301B43FFA
:20680000CDCCCC3F6666E63F0000803F9A99993FA301B43F6D56D53F0000803F0000903F1D
:206820000000A03F93A9AA3F0000C03F6D56D53F0000F03F0000803F0000903F9A99993FB6
:2068400093A9AA3F0000C03FCDCCCC3F6666E63F00000000000000006D990200B9AD02000F
:20686000B9AD02001599020019990200E9AD0200BD9B02001D9C020099B00200BDAD0200E8
:20688000EDB00200C1B10200D5AD0200AAFE0100FFFF14000500FFFFFFFFFFFFFFFFFFFFAB
:2068A000FFFF00FFFFFF000000FFFFFFFFFFFFFFFF00FFFFFF000000FF0000000000FFFFEB
:2068C00000FFFFFF000000FF00000000000000000000FFFFFFFFFFFFFF00FFFFFF000000C6
:2068E000FF0000000000FFFFFFFFFFFFFFFFFFFFFFFF00FFFFFF000000FF00000000FFFFAB
:2069000000FF00FF00FF00FFFFFF00FF00FF00FF0000FFFF00000000D8ECF0F4F8FC0004E2
:20692000302C302C3235352C302C300A302C3235352C302C302C300A3235352C3235352C9B
:206940003235352C3235352C3235350A302C3235352C302C302C300A302C302C3235352C6B
:20696000302C300A00000000302C302C302C302C300A302C302C302C302C3235350A302C65
:20698000302C302C3235352C300A3235352C302C3235352C302C300A302C3235352C302C3B
:2069A000302C300A000000003235352C302C302C302C3235350A302C3235352C302C3235D8
:2069C000352C300A302C302C3235352C302C300A302C3235352C302C3235352C300A32351D
:2069E000352C302C302C302C3235350A000000005265626F6F744D6F64650000205B000011
:206A00005D00000020563200000000000000000039560200A15F0200CD9D02003D9F020094
:206A2000FDFA02009D9D0200E5A00200424243206D6963726F3A626974000000E95D0000DA
:206A4000251D470AA062FA1922DFA9A80000000000000000B9AD0200B9AD0200B9AD020004
:206A6000814D0400814D0400E9AD0200B9AD0200B9AD020099B00200BDAD0200EDB00200B4
:206A8000C1B10200D5AD02000000000000000000B9AD0200B9AD0200B9AD0200B1B2020061
:206AA000B5B20200E9AD020091B6020099B6020099B00200BDAD0200EDB00200C1B1020071
:206AC000D5AD02002E636F6D2F0000002E6F72672F0000002E6564752F0000002E6E6574E1
:206AE0002F0000002E696E666F2F00002E62697A2F0000002E676F762F0000002E636F6DA6
:206B0000000000002E6F7267000000002E656475000000002E6E6574000000002E696E66B3
:206B20006F0000002E62697A000000002E676F7600000000687474703A2F2F7777772E000E
:206B400068747470733A2F2F7777772E00000000687474703A2F2F0068747470733A2F2FB4
:206B60000000000000000000000000001DBB02002DB90200B9AD020021B8020025B8020031
:206B8000E9AD0200B9AD0200B9AD020099B00200BDAD0200EDB00200C1B10200D5AD02003F
:206BA00021BC020079B80200CDB80200F8FFFFFF0000000039560200A15F020071BC020085
:206BC000A55F0200FDFA0200A1B80200FDB8020000000000000000003DBD0200B5C1020030
:206BE000B9AD020079BC02007DBC0200E9AD0200B9AD0200B9AD020099B00200BDAD02009C
:206C0000EDB00200C1B10200D5AD0200F1C1020089BC0200DDBC0200F8FFFFFF0000000052
:206C200039560200A15F020049C20200A55F0200FDFA0200B1BC02000DBD0200000000007A
:206C400000000000D9C2020061C20200B9AD020051C2020055C20200E9AD0200B9AD0200DC
:206C6000B9AD020099B00200BDAD0200EDB00200C1B10200D5AD020000000000000000005E
:206C8000E1C40200B9AD0200B9AD020089C402008DC40200E9AD020041C90200A1C90200CB
:206CA00099B00200BDAD0200EDB00200C1B10200D5AD020001AA0000666C617368496E63B3
:206CC0006F6D706C65746500E97D0000251D470AA062FA1922DFA9A800000000000000005E
:206CE000C5CB0200B9AD0200B9AD0200A9C90200ADC90200E9AD0200B9AD0200B9AD0200DE
:206D000099B00200BDAD0200EDB00200C1B10200D5AD02000000000000000000E1CF020073
:206D2000B9AD0200B9AD020089CF02008DCF0200E9AD020015D2020075D2020099B00200B6
:206D4000BDAD0200EDB00200C1B10200D5AD02006E400000B5A3F393E0A9E50E24DCCA9EC0
:206D60000000000000000000D9D30200B9AD020061D302007DD2020081D20200E9AD020089
:206D8000B9AD02008DD2020099B00200BDAD0200EDB00200C1B10200D5AD020000000000DC
:206DA00000000000D18203007183030001800300058A0300198003006D81030085800300DB
:206DC00095800300C9800300D580030071910200F1850300F58A0300E5800300C18103004B
:206DE0000D840300F58003000D810300C9910200D1910200AD8803005D880300558203003C
:206E0000E57F03003984030075D90200BDD90200E8FFFFFF0000000039560200F5300300C5
:206E200041560200E1310300FDFA020099D90200E5D9020039320300D13003009932030037
:206E4000DCFFFFFF00000000ED300300FFFFFFFF000000010002000300040100010101022D
:206E60000103010402000201020202030204030003010302030303040400040104020403C6
:206E8000040400000000000000000000A55B020069DA02009D5B02005D5B0200995B0200F9
:206EA0006D5F0200915B02008DDB0200D1C5010065DA0200D1DB0200D51702002D1D0200EC
:206EC000FCFFFFFF000000002DE00200F5DB0200FDDB0200A55F0200FDFA0200991902004B
:206EE000611B0200000000000000000039560200A15F020041560200A55F0200E5E4020017
:206F000035E002004DE00200000000000000000039560200A15F020041560200A55F0200F9
:206F2000FDFA02000DE6020021E60200910B0300590B0300610B03005D0B0300D5E50200BE
:206F4000F1E50200B90E0300000000000000000039560200A15F020041560200A55F02005D
:206F6000FDFA0200B1E70200C5E7020079E7020049100300DD0F030095E70200E10F0300B2
:206F8000302C3235352C302C3235352C300A302C3235352C302C3235352C300A302C302C35
:206FA000302C302C300A3235352C302C302C302C3235350A302C3235352C3235352C32350A
:206FC000352C300A0000000054494C5420544F2046494C4C2053435245454E2000000000CF
:206FE000636F6D7061737343616C0000000001000200030004000001010102010301040172
:20700000000201020202030204020003010302030303040300040104020403040404000025
:20702000D8ECF0F4F8FC0004000000000000000039560200A15F0200C5F40200D1F7020098
:20704000FDFA02008DF40200A5F40200000000000000000039560200A15F020041560200ED
:20706000A55F0200FDFA020089FA0200C5FA0200000000000000000039560200A15F020038
:2070800041560200A55F0200FDFA02000000000000000000814D0400000000000000000086
:2070A00039560200A15F020041560200A55F0200FDFA02000000000000000000910B030006
:2070C000590B0300610B03005D0B0300814D0400814D0400B90E0300000000000000000001
:2070E00039560200A15F020041560200A55F0200FDFA02000000000000000000814D040093
:2071000049100300DD0F0300814D0400E10F0300000000000000000039560200A15F0200CC
:2071200041560200A55F0200FDFA02000D14030035140300CD130300D1130300D513030092
:20714000E5130300E9130300E9130300ED1303000000000000000000D9160300A914030081
:20716000B1140300B1140300B9140300B9140300A1140300C114030061150300DD140300E2
:20718000F51503001D150300FD1403000000000000000000D91603000000000000000000A7
:2071A000D9160300814D0400814D0400814D0400814D040099180300814D0400814D04003D
:2071C00041170300791D03000000000000000000F8FFFFFF0000000039560200A15F020033
:2071E000C1180300A55F0200FDFA020000000000000000000000000000000000A1220300EE
:20720000912203000000000000000000395602002D2D030041560200A55F0200FDFA020032
:20722000C9290300092A0300000000000000000039560200F530030041560200E1310300BC
:20724000FDFA020091300300AD30030039320300D130030099320300F4FFFFFF0000000060
:20726000ED30030074720400040000009472040009000000020000000000000004000000E7
:2072800010000000080000002000000010000000300000006902000080000000E8020000A1
:2072A00090000000C40900007000000088130000600000001027000050000000204E000011
:2072C00040000000409C000030000000A08601002000000040420F0010000000000000007A
:2072E0000000000039560200A15F0200A537030085380300FDFA020055380300693803002F
:20730000910B0300590B0300610B03005D0B0300AD370300BD380300B90E03002473040049
:2073200004000000102700000C000000204E00000800000050C3000004000000A086010052
:2073400000000000000000000000000039560200A15F0200F1390300993A0300FDFA02009E
:20736000693A03007D3A0300F939030049100300DD0F0300D13A0300E10F0300000000002C
:2073800000000000C53B0300BDFA02003DFD0200D53B030000000000000000005941030045
:2073A000393C03002D3D0300D93B0300693E0300F53E0300F4FFFFFF00000000395602006F
:2073C000A15F020041560200A55F0200FDFA0200ED3E0300093F030000000000000000009A
:2073E00039560200A15F020041560200A55F0200FDFA02002542030039420300C94103006D
:20740000000000000000000039560200F530030041560200E1310300FDFA0200F9450300CB
:20742000214603003932030081470300C5450300F4FFFFFF00000000A147030000000000C0
:207440000000000039560200A15F020041560200A55F0200FDFA0200F1490300614A030016
:2074600039480300A9470300854803000000000000000000194B0300794A0300754A0300D6
:207480007D4A0300814A0300854A03008D4A0300914A0300954A03000000000000000000E8
:2074A000BD4B0300154B0300A94A0300B54A0300BD4A0300C54A0300CD4A0300D54A03000E
:2074C000954A0300314B0300514B0300DD4B0300F8FFFFFF000000002D4C03000000000010
:2074E00000000000194B0300A54A0300A94A0300B54A0300BD4A0300C54A0300CD4A030005
:20750000D54A0300954A0300A14A0300254B0300E14A0300F8FFFFFF00000000F54A0300A1
:207520000000000000000000994A0300000000000000000039560200AD4D0300415602003E
:20754000A55F0200FDFA0200654D0300854D0300154E0300F8FFFFFF000000001D520300D5
:207560000000000000000000295503000D550300115503007D4A03001D5503002155030004
:207580008D4A0300914A0300954A03000000000000000000BD560300A54A0300A94A030053
:2075A000B54A0300A9560300AD560300CD4A0300D54A0300954A0300D5580300F95803001F
:2075C000C5580300F8FFFFFF00000000CD58030000000000000000005D5B03005D5A0300F9
:2075E000955A03004D590300D55A0300F15B0300215B03008D590300F1590300FCFFFFFFC1
:207600000000000039560200A15F020041560200A55F0200FDFA02008D5A0300CD5A03002B
:207620000000000000000000055D0300A54A0300A94A0300B54A03002559030031590300ED
:20764000CD590300F5590300954A03001D5A0300395A0300E14A03003D590300F8FFFFFF02
:2076600000000000F54A0300000000000000000000000000000000000000000000000100C7
:207680000100010001000200020002000300030003000400040005000500060006000700B3
:2076A000070008000800090009000A000B000B000C000D000D000E000F001000100011000D
:2076C0001200130014001500160016001700180019001A001B001C001D001E00200021001B
:2076E00022002300240025002600280029002A002B002D002E002F003100320033003500DB
:207700003600380039003A003C003D003F004000420044004500470048004A004C004D0053
:207720004F005100520054005600570059005B005D005F00600062006400660068006A0088
:207740006C006E00700072007400760078007A007C007E00800082008400860088008A0079
:207760008D008F0091009300950098009A009C009E00A100A300A500A700AA00AC00AF0033
:20778000B100B300B600B800BB00BD00BF00C200C400C700C900CC00CE00D100D300D600B6
:2077A000D800DB00DE00E000E300E500E800EB00ED00F000F300F500F800FB00FD00000107
:2077C0000301060108010B010E0111011301160119011C011F012101240127012A012D011E
:2077E00030013301350138013B013E014101440147014A014D0150015301560159015C011F
:207800005F016201650168016B016E017101740177017A017D0180018301860189018C0100
:207820008F019201950198019B019E01A101A401A801AB01AE01B101B401B701BA01BD01D8
:20784000C001C401C701CA01CD01D001D301D601D901DD01E001E301E601E901EC01EF019A
:20786000F201F601F901FC01FF010202050208020C020F021202150218021B021E0221024E
:20788000250228022B022E023102340237023A023E024102440247024A024D025002530208
:2078A00056025A025D0260026302660269026C026F027202750278027B027E0281028402D1
:2078C00087028A028D0290029302960299029C029F02A202A502A802AB02AE02B102B402B0
:2078E000B702BA02BD02C002C302C602C902CB02CE02D102D402D702DA02DD02DF02E2029B
:20790000E502E802EB02ED02F002F302F602F802FB02FE0201030303060309030B030E03A6
:2079200011031303160319031B031E0320032303260328032B032D033003320335033703D4
:207940003A033C033F0341034303460348034B034D034F0352035403570359035B035D033B
:20796000600362036403660369036B036D036F0371037403760378037A037C037E038003D4
:2079800082038403860388038A038C038E03900392039403960398039A039C039E039F03A8
:2079A000A103A303A503A703A803AA03AC03AD03AF03B103B203B403B603B703B903BA03B6
:2079C000BC03BE03BF03C103C203C403C503C603C803C903CB03CC03CD03CF03D003D10307
:2079E000D303D403D503D603D803D903DA03DB03DC03DD03DE03E003E103E203E303E4039E
:207A0000E503E603E703E803E803E903EA03EB03EC03ED03EE03EE03EF03F003F103F10380
:207A2000F203F303F303F403F503F503F603F603F703F703F803F803F903F903FA03FA03B0
:207A4000FB03FB03FB03FC03FC03FC03FD03FD03FD03FD03FE03FE03FE03FE03FE03FE0329
:207A6000FE03FE03FE03FE03FF03FE03000000000008080800080A4A4000000A5FEA5FEAAF
:207A80000ED92ED36E19324489330C924C924D080800000004880808040804848488000A26
:207AA000448A4000048EC480000000048800000EC000000000080001224488100C9252523F
:207AC0004C048C84848E1C824C901E1EC244924C06CA525FE21FF01EC13E02448ED12E1F19
:207AE000E24488100ED12ED12E0ED12EC488000800080000048004880244880482000EC021
:207B00000EC008048244880ED126C0040ED135B36C0C925ED2521C925C925C0ED010100E1D
:207B20001C9252525C1ED01C901E1ED01C90100ED013712E12525ED2521C8808081C1FE2EE
:207B400042524C1254981492101010101E113B75B131113935B3710C9252524C1C925C90D5
:207B6000100C92524C861C925C92510ED00C825C1FE4848484125252524C1131312A4411A9
:207B80003135BB7112524C9252112A4484841EC488101E0EC808080E10080482410EC242BB
:207BA000424E048A400000000000001F0804800000000ED2524F10101C925C000ED0100E15
:207BC00002424ED24E0C925C900E06C81C88080ED24EC24C10101C92520800080808024023
:207BE00002424C10149814920808080806001B75B131001C925252000C92524C001C925C63
:207C000090000ED24EC2000ED010100006C8049808080EC807001252524F0011312A4400DA
:207C2000113135BB00124C8C9200112A4498001EC4881E06C48C8486080808080818080C43
:207C4000881800000C836000FFFF010000000000FFFF0000FFFF0000607C040008000000B2
:207C60000200000001000000030000000200000004000000030000000500000004000000EC
:207C80001C000000050000001D000000060000001E000000070000001F0000000800000054
:207CA0000000000000000000656A0300516A03005D6A03007D4A0300216A0300256A030080
:207CC000356A0300E9710300954A0300E16F0300000000000000000039560200A15F0200DD
:207CE00041560200096F0300FDFA02007D740300ED74030031720300F8FFFFFF0000000084
:207D00005D72030000000000000000000976030061750300B1140300B1140300B9140300D6
:207D2000B9140300A1140300C1140300D1780300DD14030099790300D1750300FD14030031
:207D4000C1750300C5750300D5760300000000000000000039560200A15F02004156020033
:207D6000A55F0200FDFA02006D7A0300E97A0300817E0300B17A0300F8FFFFFF000000008F
:207D8000017F0300F4FFFFFF00000000E17A03000000000000000000D182030071830300C4
:207DA00001800300058A0300198003006D8103008580030095800300C9800300D58003005C
:207DC00071910200F1850300F58A0300E5800300C18103000D840300F58003000D8103005A
:207DE000C9910200D1910200AD8803005D88030055820300E57F030039840300D1E50200EA
:207E00006DE702000200000004000000060000000000000000000000D9160300998D0300E5
:207E2000618B0300018C0300558F0300CD8E03000D8F0300158C0300198C03000000000093
:207E400000000000D916030071900300858F0300958F030039900300991803000D910300CD
:207E60006990030041170300791D0300659203000D930300A1910300F8FFFFFF000000004B
:207E800039560200A15F0200C11803005D920300FDFA020005930300219303000000000036
:207EA0000000000039560200A15F020041560200A55F0200FDFA0200E5950300F995030089
:207EC00099970300C1970300A1960300000000000000000039560200A15F020041560200AE
:207EE000D9990300FDFA0200A1990300B999030099610200E997030019980300559803005F
:207F0000759803008D980300299A0300B9980300D9980300099903003D990300A99A0300D7
:207F2000719A03005D990300E597030000300040030000000F0000000040004004000000B5
:207F40000F00000000300240230000000C00000000200040020000001000000000F00240CD
:207F60002F000000040000000080024028000000100000000100060000000000A83C0020C9
:207F80001DA30300C4870400C88704000400000001000600B03F002000100201E0870400E4
:207FA000F087040008000000D0870400E087040008000000C8870400D087040008000000BA
:207FC0006C870400A487040008000000A4870400C48704000800000050EADA308883B89F47
:207FE000604F15F30000C98E0000FFFFDEC0ADDEFE011EF1DEC0ADDEFF011EF100100000F6
:20800000040000000100000079FB030055FB030045FB03009DFD030049FD030019FB030051
:208020001DFB030021FB03000100FFFF00000000010000000100010044800400010001003A
:20804000488004000100000000000000000000000000000091100400B1100400CD10040008
:2080600061636F730000000061636F73680000006173696E000000006174616E6800000095
:20808000636F73680000000065787000666D6F64000000006C6F67006C6F6731300000005B
:2080A00073696E680000000073717274000000006C6F673130660000706F7766000000007F
:2080C0007371727466000000FB21F93FFB2109407CD91240FB2119407A6A1F407CD92240A1
:2080E000BBFD2540FB2129403A462C407A6A2F405C4731407CD932409C6B3440BBFD35401C
:20810000DB8F3740FB2139401BB43A403A463C405AD83D407A6A3F404C7E40405C47414024
:208120006C1042407CD942408CA243409C6B4440AC344540BBFD4540CBC64640DB8F474084
:20814000EB584840FB21494083F9A200444E6E00FC291500D1572700DD34F50062DBC00005
:208160003C999500419043006351FE00BBDEAB00B761C5003A6E2400D24D42004906E00052
:2081800009EA2E001C92D100EB1DFE0029B11C00E83EA700F535820044BB2E009CE9840094
:2081A000B4267000417E5F00D6913900538339009CF439008B5F840028F9BD00F81F3B0041
:2081C000DEFF97000F980500112FEF000A5A8B006D1F6D00CF7E360009CB2700464FB7009E
:2081E0009E663F002DEA5F00BA277500E5EBC7003D7BF100F739070092528A00FB6BEA003B
:208200001FB15F00085D8D00300356007BFC4600F0AB6B0020BCCF0036F49A00E3A91D00D9
:208220005E619100081BE60085996500A0145F008D40680080D8FF0027734D00060631009F
:20824000CA561500C9A873007BE260006B8CC000000FC93F000F494000CB9640000FC94029
:208260000053FB4000CB164100ED2F41000F49410031624100537B41003A8A4100CB9641CE
:20828000005CA34100EDAF41007EBC41000FC94100A0D5410031E24100C2EE410053FB41A3
:2082A00000F20342003A0A420083104200CB164200141D42005C234200A5294200ED2F4267
:2082C00000363642007E3C4200C74242000F4942A2000000F9000000830000006E00000083
:2082E0004E000000440000001500000029000000FC0000002700000057000000D100000063
:20830000F500000034000000DD000000C0000000DB0000006200000095000000990000002C
:208320003C000000430000009000000041000000FE0000005100000063000000AB00000090
:20834000DE000000BB000000C500000061000000B7000000240000006E0000003A000000DB
:20836000420000004D000000D2000000E000000006000000490000002E000000EA00000055
:2083800009000000D1000000920000001C000000FE0000001D000000EB0000001C00000033
:2083A000B100000029000000A70000003E000000E80000008200000035000000F50000006A
:2083C0002E000000BB0000004400000084000000E90000009C0000007000000026000000D1
:2083E000B40000005F0000007E000000410000003900000091000000D600000039000000D2
:20840000830000005300000039000000F40000009C000000840000005F0000008B0000004F
:20842000BD000000F9000000280000003B0000001F000000F800000097000000FF00000076
:20844000DE00000005000000980000000F000000EF0000002F000000110000008B000000D8
:208460005A0000000A0000006D0000001F0000006D000000360000007E000000CF0000001C
:2084800027000000CB00000009000000B70000004F000000460000003F00000066000000F0
:2084A0009E0000005F000000EA0000002D0000007500000027000000BA000000C70000008B
:2084C000EB000000E5000000F10000007B0000003D0000000700000039000000F7000000EC
:2084E0008A0000005200000092000000EA0000006B000000FB0000005F000000B1000000AE
:208500001F0000008D0000005D00000008000000560000000300000030000000460000007B
:20852000FC0000007B0000006B000000AB000000F0000000CF000000BC0000002000000013
:208540009A000000F4000000360000001D000000A9000000E30000009100000061000000BC
:208560005E000000E60000001B000000080000006500000099000000850000005F000000B2
:2085800014000000A000000068000000400000008D000000FF000000D8000000800000009B
:2085A0004D000000730000002700000031000000060000000600000015000000560000002C
:2085C000CA00000073000000A8000000C900000060000000E20000007B000000C000000070
:2085E0008C0000006B000000020000000300000004000000060000000000C93F0000F03944
:208600000000DA370000A2330000842E0000502B0000C2270000D0220000C41F0000C61BA8
:20862000000044170400000007000000090000003863ED3EDA0F493F5E987B3FDA0FC93FF3
:208640006937AC3168212233B40F14336821A2330000004B000000CB402100204300504FDE
:20866000534958002E00002020202020202020202828282828202020202020202020202090
:2086800020202020202020881010101010101010101010101010100404040404040404045E
:2086A0000410101010101010414141414141010101010101010101010101010101010101AE
:2086C000010110101010101042424242424202020202020202020202020202020202020288
:2086E000020210101010200000000000000000000000000000000000000000000000000016
:20870000000000000000000000000000000000000000000000000000000000000000000059
:20872000000000000000000000000000000000000000000000000000000000000000000039
:20874000000000000000000000000000000000000000000000000000000000000000000019
:1C8760000000000000000000000000002DB40300000000004DBA0300BC390020FA
:20877C002DB203000000000095C5030000000000D5B1020000000000C9DF030018400020F3
:18879C0005A3020000000000ED7A0200000000001DF1020000000000A2
:1487B400F9FC03000000000005E203000000000071A90200B3
:1887C80005FD03000000000055DE03000000000059DF03000000000023
:1887E000A1A902000000000031FB030000000000E480FD7F0100000025
:2087F80000000000505804005458040058580400A10D0C00A8670400B0670400B867040046
:2088180098670400A0670400145B04002C6A040006000000346B0400406B0400506B04000E
:20883800586B0400C46A0400CC6A0400D46A0400DC6A0400E46A0400EC6A0400F46A040053
:20885800FC6A0400046B04000C6B0400146B04001C6B0400246B04002C6B04007D000000EF
:208878000138FDD1704700BF59560300595603005D560300655603006956030071560300FF
:2088980079560300815603008556030089560300895603005D5803008D56030091560300EA
:2088B8009556030095560300A1560300A55603006C7A0400FFFFFFFFA04300200090D00380
:2088D8000010014011000400FFFFFFFFFFFFFFFFFFFFFFFFFFFFFFFF994D040040210020BF
:2088F800000000000000000000000000000000000000000000000000000000000000000060
:2089180000000000000000000000000000000000000000000000000000000000000000003F
:2089380000000000000000000000000000000000000000000000000000000000000000001F
:208958004300000000000000000000000000000000000000000000000000000000000000BC
:2089780043000000000000000000000000000000000000000000000000000000000000009C
:2089980043000000000000000000000000000000000000000000000000000000000000007C
:2089B80043000000000000000000000000000000000000000000000000000000000000005C
:2089D80043000000000000000000000000000000000000000000000000000000000000003C
:2089F80043000000000000000000000000000000000000000000000000000000000000001C
:208A18004300000000000000000000000000000000000000000000000000000000000000FB
:208A3800D5500400B150040000000000668604006486040065860400658604006586040045
:208A5800658604006586040065860400658604006586040065860400FFFFFFFFFFFFFFFF6C
:208A7800FFFFFFFFFFFF00000100415343494900000000000000000000000000000000007A
:208A9800000000000000000000004153434949000000000000000000000000000000000055
:208AB800000000000000000000000000F0B50F0D11F0FF01012414FA01F114461D460346B1
:208AD8001BE099600822064208BF5FF00302013AFDD1D9600422064208BF5FF006027608B1
:208AF80005D000BF00BF00BF013AFDD1E9E7023A013AFDD10134013D05DD802620787843E0
:208B1800000AD960DDE7D960F0BD00FA0004FFFF030118181818181818180100B9080200CC
:208B3800A5170200F93E0200B18E020051F902003D5E03004D650300E96803001D9D030035
:188B580095080200000000000000000055F0030000000000000000001E
:208B70000000000000000000000000000000000000000000000000000000000000000000E5
:208B90000000000000000000000000000000000000000000000000000000000000000000C5
:208BB0000000000000000000000000000000000000000000000000000000000000000000A5
:208BD000000000000000000000000000000000000000000000000000000000000000000085
:208BF000000000000000000000000000000000000000000000000000000000000000000065
:208C1000000000000000000000000000000000000000000000000000000000000000000044
:208C3000000000000000000000000000000000000000000000000000000000000000000024
:208C5000000000000000000000000000000000000000000000000000000000000000000004
:208C70000000000000000000000000000000000000000000000000000000000000000000E4
:208C90000000000000000000000000000000000000000000000000000000000000000000C4
:208CB0000000000000000000000000000000000000000000000000000000000000000000A4
:208CD000000000000000000000000000000000000000000000000000000000000000000084
:208CF000000000000000000000000000000000000000000000000000000000000000000064
:208D1000000000000000000000000000000000000000000000000000000000000000000043
:208D3000000000000000000000000000000000000000000000000000000000000000000023
:208D5000000000000000000000000000000000000000000000000000000000000000000003
:208D70000000000000000000000000000000000000000000000000000000000000000000E3
:208D90000000000000000000000000000000000000000000000000000000000000000000C3
:208DB0000000000000000000000000000000000000000000000000000000000000000000A3
:208DD000000000000000000000000000000000000000000000000000000000000000000083
:208DF000000000000000000000000000000000000000000000000000000000000000000063
:208E1000000000000000000000000000000000000000000000000000000000000000000042
:208E3000000000000000000000000000000000000000000000000000000000000000000022
:208E5000000000000000000000000000000000000000000000000000000000000000000002
:208E70000000000000000000000000000000000000000000000000000000000000000000E2
:208E90000000000000000000000000000000000000000000000000000000000000000000C2
:208EB0000000000000000000000000000000000000000000000000000000000000000000A2
:208ED000000000000000000000000000000000000000000000000000000000000000000082
:208EF000000000000000000000000000000000000000000000000000000000000000000062
:208F1000000000000000000000000000000000000000000000000000000000000000000041
:208F3000000000000000000000000000000000000000000000000000000000000000000021
:208F5000000000000000000000000000000000000000000000000000000000000000000001
:208F70000000000000000000000000000000000000000000000000000000000000000000E1
:208F90000000000000000000000000000000000000000000000000000000000000000000C1
:208FB0000000000000000000000000000000000000000000000000000000000000000000A1
:208FD000000000000000000000000000000000000000000000000000000000000000000081
:208FF00000000000000000000000000000000000708E3B92C615A841C49866C975EE5197FC
:209010004A2F0065895EA2BA6E0012005F0083000400B30238A00400000001002CA0040057
:209030008B97040094A50400E797040084A50400145A0400000000004D90040000B50020E6
:209050003768786000203768B860CB4801B400F033FB01B0C94801B400F032FE6F467760A9
:20907000D7F722FE01B0C64801B400F029FE6F467760D7F721FE01B004200002B13001B481
:20909000152001B400F05CF802B06F467760D7F7FBFCBC4801B400F013FE6F467760D7F77B
:2090B00037FF01B0002000BD145A040000000000C5900400022C06DA00B500F006FE00F06A
:2090D00002F802B000BD00B5019801B4039801B400F004FE6F467760D7F7BAFC02B00020F0
:2090F00000BD0000145A0400000000000191040000B504200002B13001B4092001B400F05C
:209110001FF802B0002000BD145A0400000000002591040000B504200002B13001B41120CB
:2091300001B400F00DF802B0002000BD145A0400000000004991040000B5002000BD000004
:2091500000B5002001B4029801B400F011F801B00090009801B4049801B400F0DBFD002165
:209170006F467760DAF740FF02B0002001B000BD00B5019801B40146012000F02AFF002857
:2091900001D001B04AE10320009900F022FF002801D001B048E10920009900F01AFF00287F
:2091B00001D001B046E10B20009900F012FF002801D001B044E10D20009900F00AFF00287B
:2091D00001D001B042E10F20009900F002FF002801D001B040E11120009900F0FAFE00287C
:2091F00001D001B03EE11320009900F0F2FE002801D001B03CE11520009900F0EAFE00287D
:2092100001D001B03AE11720009900F0E2FE002801D001B038E11920009900F0DAFE00287C
:2092300001D001B036E10520009900F0D2FE002801D001B034E10720009900F0CAFE0028A8
:2092500001D001B032E14320009900F0C2FE002801D001B030E14520009900F0BAFE002834
:2092700001D001B02EE14720009900F0B2FE002801D001B02CE14920009900F0AAFE002834
:2092900001D001B02AE14B20009900F0A2FE002801D001B028E14D20009900F09AFE002834
:2092B00001D001B026E14F20009900F092FE002801D001B024E15120009900F08AFE002834
:2092D00001D001B022E11B20009900F082FE002801D001B020E11D20009900F07AFE0028A4
:2092F00001D001B01EE11F20009900F072FE002801D001B01CE12120009900F06AFE0028A4
:2093100001D001B01AE12320009900F062FE002801D001B018E12520009900F05AFE0028A3
:2093300001D001B016E12720009900F052FE002801D001B014E12920009900F04AFE0028A3
:2093500001D001B012E12B20009900F042FE002801D001B010E12D20009900F03AFE0028A3
:2093700001D001B00EE12F20009900F032FE00280AD001B00CE10000B8900400F4900400F0
:20939000189104003C9104003120009900F021FE002801D001B001E13320009900F019FEC7
:2093B000002801D001B0FFE03520009900F011FE002801D001B0FDE03720009900F009FEB9
:2093D000002801D001B0FBE03920009900F001FE002801D001B0F9E03D20009900F0F9FDB8
:2093F000002801D001B0F7E03B20009900F0F1FD002801D001B0F5E03F20009900F0E9FDBD
:20941000002801D001B0F3E04120009900F0E1FD002801D001B041E101BC45E177486F46D4
:209430007760DAF79FFD46E175486F467760DAF799FD40E173486F467760DAF793FD3AE11D
:2094500071486F467760DAF78DFD34E16F486F467760DAF787FD2EE16D486F467760DAF78E
:2094700081FD28E16B486F467760DAF77BFD22E169486F467760DAF775FD1CE167486F46E9
:209490007760DAF76FFD16E165486F467760DAF769FD10E163486F467760DAF763FD0AE1FD
:2094B00061486F467760DAF75DFD04E15F486F467760DAF757FDFEE05D486F467760DAF71F
:2094D00051FDF8E05B486F467760DAF74BFDF2E059486F467760DAF745FDECE057486F46DC
:2094F0007760DAF73FFDE6E055486F467760DAF739FDE0E053486F467760DAF733FDDAE0E0
:2095100051486F467760DAF72DFDD4E04F486F467760DAF727FDCEE04D486F467760DAF7AF
:2095300021FDC8E04B486F467760DAF71BFDC2E049486F467760DAF715FDBCE047486F46CB
:209550007760DAF70FFDB6E045486F467760DAF709FDB0E043486F467760DAF703FDAAE0BF
:2095700041486F467760DAF7FDFCA4E03F486F467760DAF7F7FC9EE03D486F467760DAF741
:20959000F1FC98E03B486F467760DAF7EBFC92E039486F467760DAF7E5FC8CE037486F46BE
:2095B0007760DAF7DFFC86E035486F467760DAF7D9FC80E033486F467760DAF7D3FC7AE0A2
:2095D00031486F467760DAF7CDFC74E02F486F467760DAF7C7FC6EE02D486F467760DAF7D1
:2095F000C1FC68E02B486F467760DAF7BBFC62E029486F467760DAF7B5FC5CE03CA00400F2
:209610005CA004007CA004009CA00400BCA00400DCA00400FCA004001CA104003CA10400B8
:209630005CA104007CA104009CA10400BCA10400DCA10400FCA104001CA204003CA2040090
:209650005CA204007CA204009CA20400BCA20400DCA20400FCA204001CA304003CA3040068
:209670005CA304007CA304009CA30400BCA30400DCA30400FCA304001CA404003CA4040040
:209690005CA404007CA404009CA40400BCA40400DCA40400FCA404001CA50400B7486F4649
:2096B0007760DAF75FFC06E0B5486F467760DAF759FC00E0002000BD00B53768F8686F46DC
:2096D0007760D9F755FD6F467760D8F753FE6F467760D8F761FF6F467760D9F749FD002850
:2096F00005D06F467760D8F76DFF3768F86001986F467760D9F73CFD6F467760D8F73AFE06
:209710006F467760D8F748FF01B46F467760D9F7F7FC002802D0009801B019E00098009827
:2097300001B03768F86801B4029801B400F00DFB00226F467760D9F7BDFC02B000F09DFBFC
:2097500001B4012149426F467760D9F7BFFD01B06F467760D9F70CFD002800D00BE03768E7
:20977000F86801B4029801B400F0EFFA6F467760D8F738FF02B0002000BDF0B544464D46B9
:2097900056465746F0B40C4615461E46074600F089FA6846F0B46946DAF712FB06463D465D
:2097B0002846A96803248847074604B03046D9F789FF3846F0BCA046A946B246BA46F0BDB1
:2097D00001B56F467760D9F769FE12BC416069468160C56020470E4681688D46C56841688F
:2097F00001200143084782070ED100280CD003681A89012A00D170471F6A002F04D001B536
:209810000124B847009000E001B56F467760D9F76DFD02BD84071FD100281DD003681C89C9
:20983000032C19D1491007D34468A14219D24418207A400001307047490005B508466F462E
:209850007760D9F7D5F8014605BC6F467760D8F7D3FE4000013000BD71466F467760D9F70F
:2098700009FE0120704784071CD100281AD003681C89062C16D1491006D30489A14216D2BC
:209890008900446860587047490005B508466F467760D9F7ADF8014605BC6F467760D8F75F
:2098B000ABFE00BD71466F467760D9F7E3FD0020704784071BD1002819D003681C89032CA1
:2098D00015D1491005D34468A14215D2441822727047490005B508466F467760D9F788F817
:2098F000014605BC6F467760D8F78EFE00BD71466F467760D9F7BEFD00B5F3E784071CD1D7
:2099100000281AD003681C89062C16D1491006D30489A14216D2890044686250704749008B
:2099300005B508466F467760D9F762F8014605BC6F467760D8F768FE00BD71466F46776090
:20995000D9F798FD00B5F3E7840741D100283FD003681C89082C05D100B56F467760D8F705
:20997000E9FE00BD1C4601B50846D8F7F3FE01460098234600F006F801B000BD3CA5040084
:209990005CA50400DA68170022D04F43D7407F005B68DB191A88D75A8F420BD002331A8832
:2099B000D75A8F4206D002331A88D75A8F4201D0002070479B185A68D70707D05F88012FFD
:2099D00001D101241047744600F051F88058704771466F467760D9F74DFD6F467760D9F7EE
:2099F00059FD84073AD1002838D003681C89082C05D100B56F467760D8F716FF00BD1C46DD
:209A100005B50846D8F7A6FE01460098234600F002F802B000BDDA6817001FD04F43D74029
:209A30007F005B68DB191A88D75A8F4209D002331A88D75A8F4204D002331A88D75A8F42DD
:209A500011D19B185A68D70705D01F898F420AD1DA6802241047019B8350704771466F4647
:209A70007760D9F707FD6F467760D9F713FD05B40220D6496F467760DBF714F906BCC16077
:209A900002612047145A040000000000A19A04000C2C06DAA300CE4AD158C3680269641C29
:209AB000084771466F467760D9F7E4FCED9A0400FD9A0400119B0400299B0400459B0400D2
:209AD000659B0400899B0400B19B0400DD9B04000D9C0400419C0400799C040081B008B4EA
:209AF000714601919047019902B0084781B00199009108B4714602919047029902B00847C6
:209B100081B0019900910299019108B4714603919047039902B0084781B00199009102993A
:209B300001910399029108B4714604919047049902B0084781B001990091029901910399B2
:209B500002910499039108B4714605919047059902B0084781B0019900910299019103998D
:209B70000291049903910599049108B4714606919047069902B0084781B001990091029966
:209B900001910399029104990391059904910699059108B4714607919047079902B00847D8
:209BB00081B00199009102990191039902910499039105990491069905910799069108B451
:209BD000714608919047089902B0084781B001990091029901910399029104990391059925
:209BF000049106990591079906910899079108B4714609919047099902B0084781B00199C9
:209C100000910299019103990291049903910599049106990591079906910899079109999C
:209C3000089108B471460A9190470A9902B0084781B001990091029901910399029104999D
:209C5000039105990491069905910799069108990791099908910A99099108B471460B9101
:209C700090470B9902B0084781B0019900910299019103990291049903910599049106999D
:209C900005910799069108990791099908910A9909910B990A9108B471460C9190470C996B
:209CB00002B00847820706D1002804D003681A89042A00D1704771466F467760D9F7DAFB8B
:209CD00000B50198FFF7EEFF00BD0020002101B4012C01DB0298029101B4704700B502989F
:209CF000401002D2400000F0BEF801B40298FFF77AFD0290014601BD820706D1002804D09B
:209D100003681A89092A00D1704771466F467760D9F7B0FB00B50298FFF7EEFF01B402982B
:209D3000401002D2400000F09EF8024601BD820706D1002804D003681A89062A00D1704701
:209D500071466F467760D9F795FB00B50298FFF7EEFF019900BDC20706D0CA0704D04A1E1B
:209D7000821801D61000F04703B56F467760D8F7FDFE02B000BDC20706D0CA0704D04A1EF2
:209D9000821A01D61000F04703B56F467760D8F701FF02B000BDC20703D0CA0701D00840F1
:209DB000F04703B56F467760D8F78CFE02B000BDC20703D0CA0701D00843F04703B56F4623
:209DD0007760D8F75BFE02B000BD0000949A0400BC9A0400C20704D0CA0702D04840401C55
:209DF000F04703B56F467760D8F734FE02B000BDC2070CD0CA070AD08B06DB0E42109A4072
:209E1000930F01D0032B02D15000401CF04703B56F467760D8F7EEFD02B000BDC2070AD0CB
:209E3000CA0708D08B06DB0E4210DA40930F02D15000401CF04703B56F467760D8F756FEC4
:209E500002B000BDC20707D0CA0705D08B06DB0E184101221043F04703B56F467760D8F7AA
:209E7000E1FD02B000BD401000D3F047400000B56F467760D8F7BCFD00BD420051108842F8
:209E900001D1501CF04700B56F467760D8F76CFB00BDC20707D0CA0705D0401A01DB00206D
:209EB00070470120704703B56F467760D9F7ECF9D9F75EF9002802B000BDC20707D0CA07DB
:209ED00005D0401A01DC002070470120704703B56F467760D9F7FAF9D9F74AF9002802B0C3
:209EF00000BDC20707D0CA0705D0401A01DD002070470120704703B56F467760D9F7B2F9A9
:209F1000D9F736F9002802B000BDC20707D0CA0705D0401A01DA002070470120704703B5B9
:209F30006F467760D9F7C2F9D9F722F9002802B000BDC20707D0CA0705D0401A01D00020E7
:209F500070470120704703B56F467760D9F7A2F8D9F70EF9002802B000BDC20707D0CA07D5
:209F700005D0401A01D0002070470120704703B56F467760D8F7D8FFD9F7FAF8002802B09C
:209F900000BDC20707D0CA0705D0401A01D1002070470120704703B56F467760D9F782F845
:209FB000D9F7E6F8002802B000BDC20707D0CA0705D0401A01D1002070470120704703B573
:209FD0006F467760D8F7B8FFD9F7D2F8002802B000BDC20707D0CA0705D0884201D000202D
:209FF00070470120704703B56F467760D9F750F802B000BD810709D1002807D00268128991
:20A01000062A03D100894000401C704700B56F467760D8F7E1FAFFF730FF00BD0100000082
:20A030007CA504000000000000000000FFFF0500050000FF00FF00FFFFFFFFFFFFFFFFFFEE
:20A05000FF00FFFFFF000000FF000000FFFF05000500000000000000FF00FF0000FFFFFFF2
:20A07000000000FF0000000000000000FFFF05000500000000000000FF00FF0000000000CB
:20A0900000FF000000FF00FFFFFF0000FFFF05000500000000000000FF00FF0000000000AF
:20A0B0000000FFFFFF00FF000000FF00FFFF05000500000000000000FF00FF00000000008F
:20A0D0000000FF00FF00FF00FF00FF00FFFF05000500FF000000FF00FF00FF000000000071
:20A0F00000FFFFFFFFFFFF00FF00FF00FFFF050005000000000000FFFF00FFFF0000000054
:20A110000000FFFFFF00000000000000FFFF0500050000FF00FF0000000000000000FF002D
:20A130000000FF00FF000000FF000000FFFF05000500FF000000FF0000000000FFFFFFFF10
:20A15000FF000000FFFF000000FFFF00FFFF05000500FFFFFFFFFFFFFF00FFFF00000000F5
:20A170000000FF00FF0000FFFFFF0000FFFF05000500FFFF00FFFF0000000000000000FFD1
:20A19000000000FF000000FF00000000FFFF05000500000000000000000000FF000000FFAB
:20A1B00000FF00FF000000FF00000000FFFF05000500FF000000FF00FF00FF000000FF008F
:20A1D0000000FF00FF00FF000000FF00FFFF0500050000000000000000FF000000FF00FF6E
:20A1F00000FFFFFFFFFF000000000000FFFF05000500FF00000000FFFF000000FF00FF0051
:20A2100000FF0000FF00FFFFFFFFFF00FFFF0500050000FF00FF00FF00FF00FF00FF00FF34
:20A2300000FF00FF00FF00FF00FF0000FFFF050005000000FF000000FF00FF00FF0000000F
:20A25000FF00FF00FF000000FF000000FFFF0500050000000000000000FF000000FF00FFED
:20A27000000000FF0000000000000000FFFF05000500FFFFFFFFFFFF000000FFFF000000CF
:20A29000FFFF000000FFFFFFFFFFFF00FFFF05000500000000000000FFFFFF0000FF00FFB3
:20A2B0000000FFFFFF00000000000000FFFF05000500FFFF0000FFFFFF00FF000000FF0090
:20A2D00000FFFF00FF00FFFF0000FF00FFFF05000500FFFF00FFFFFFFFFFFFFF00FFFFFF78
:20A2F0000000FFFFFF0000FFFFFF0000FFFF05000500000000FFFF000000FFFFFFFFFFFF54
:20A31000FFFFFFFFFFFF00FF00FF0000FFFF0500050000FFFF0000FFFFFF000000FFFFFF35
:20A33000FF00FFFFFF00000000000000FFFF050005000000FF000000FFFFFF00FFFFFFFF11
:20A35000FF00FFFFFF0000FF00FF0000FFFF05000500000000000000FFFFFF00FFFFFFFFF2
:20A37000FF00FF00FF00000000000000FFFF05000500FFFF00FFFFFFFFFFFFFF0000FF00D2
:20A3900000FFFFFFFFFFFFFF00FFFF00FFFF050005000000FF0000FFFFFFFFFF0000FF00B5
:20A3B0000000FF00FF00FF000000FF00FFFF0500050000FFFFFF00FF00FF00FFFFFFFFFF93
:20A3D000FFFFFFFFFFFFFF00FF00FF00FFFF050005000000FF00000000FF00000000FF0071
:20A3F0000000FFFFFF000000FF000000FFFF05000500FFFF00000000FF00000000FF00004D
:20A410000000FFFFFF0000FF00FF0000FFFF0500050000FFFFFF00FF00FF00FFFFFFFFFF33
:20A43000FF00FFFFFF0000FFFFFF0000FFFF0500050000FFFFFF00FFFFFFFFFF0000FF0014
:20A4500000FF00FF0000FFFFFF000000FFFF05000500FFFF000000FFFF00FFFF00FF00FFF1
:20A470000000FFFFFF00000000000000FFFF05000500FF00FF0000FF00FF0000FFFFFFFFCF
:20A4900000FFFF00FF00FFFFFFFF0000FFFF05000500FF000000FFFF000000FFFFFFFFFFB3
:20A4B000FF00FFFFFF000000FF000000FFFF050005000000FF00000000FF00000000FF008C
:20A4D00000FFFFFF0000FFFFFF000000FFFF050005000000FF00000000FFFF000000FF006E
:20A4F000FFFFFFFF0000FFFFFF000000FFFF050005000000FF00000000FFFF000000FF004F
:20A51000FFFFFFFF0000FFFFFF000000FFFF05000500FF00FF00FFFF00FF00FFFFFFFFFF34
:20A53000FF0000FF00000000FF000000FFFF050005000000FF000000FFFFFF00FFFF00FF0D
:20A55000FF00FFFFFF000000FF000000FFFF050005000000000000000000000000000000E8
:20A570000000000000000000000000005C580400000000005C58040008006669726D7761CD
:10A5900072650000000000000000000000000000E4
:020000040007F3
:2070000000000220F9720700217307002373070025730700277307002973070000000000C1
:207020000000000000000000000000001DB507002D730700000000002F730700317307007C
:207040003373070033730700337307003373070033730700337307003373070033730700C8
:207060003373070033730700337307003373070033730700337307003373070033730700A8
:20708000998E070033730700337307003373070033730700337307001DB7070033730700D9
:2070A0003373070033730700337307003373070033730700337307000000000000000000C2
:2070C000337307003373070033730700337307001D8B070033730700337307003373070046
:2070E000337307000000000000000000000000000000000033730700000000003373070089
:2071000000000000000000000000000000000000000000000000000000000000000000006F
:2071200000000000000000000000000000000000000000000000000000000000000000004F
:2071400000000000000000000000000000000000000000000000000000000000000000002F
:2071600000000000000000000000000000000000000000000000000000000000000000000F
:207180000000000000000000000000000000000000000000000000000000000000000000EF
:2071A0000000000000000000000000000000000000000000000000000000000000000000CF
:2071C0000000000000000000000000000000000000000000000000000000000000000000AF
:2071E00000000000000000000000000000000000000000000000000000000000000000008F
:207200000348044B834202D0034B03B118477047A02B0020A02B00200000000005480649B3
:207220000B1AD90F01EBA301491002D0034B03B118477047A02B0020A02B00200000000098
:2072400010B5064C237843B9FFF7DAFF044B13B10448AFF300800123237010BDB42B0020AD
:2072600000000000B0D2070008B5044B1BB104490448AFF30080BDE80840CFE7000000004F
:20728000B82B0020B0D20700A3F5803A704700BF154B002B08BF114B9D46FFF7F5FF0021FE
:2072A0008B460F461148124A121A05F00FFC0C4B002B00D098470B4B002B00D09847002046
:2072C000002104000D000B4805F0DEFA05F010FB2000290001F020F905F0DCFA0000080036
:2072E000000000000000000000000220B42B00204C520020BDC807000649074A074B9B1A7C
:2073000003DD043BC858D050FBDC00F023F8FFF7BFFF000020D30700E82A0020B42B00204D
:20732000FEE7FEE7FEE7FEE7FEE7FEE7FEE7FEE7FEE7FEE7054B1B680D2B01BF044B1868C1
:20734000B0FA80F0400918BF00207047300100103401001008B5FFF7EDFF40B14FF0804304
:207360000022C3F80C21C3F81021C3F83825FFF7E1FF002846D04FF080524D4BD2F8041460
:20738000C3F82015D2F80814C3F82415D2F80C14C3F82815D2F81014C3F82C15D2F8141465
:2073A000C3F83015D2F81814C3F83415D2F81C14C3F84015D2F82014C3F84415D2F82414B5
:2073C000C3F84815D2F82814C3F84C15D2F82C14C3F85015D2F83014C3F85415D2F8341405
:2073E000C3F86015D2F83814C3F86415D2F83C14C3F86815D2F84014C3F86C15D2F8442435
:20740000C3F87025FFF796FF48B14FF08043D3F80024D20744BF6FF00102C3F80024254A1B
:20742000D2F8883043F47003C2F88830BFF34F8FBFF36F8F4FF01023D3F80022002A03DB07
:20744000D3F80432002B2FDA1B4B0122C3F80425D3F80024002AFBD04FF010221221C2F848
:207460000012D3F80024002AFBD04FF010231222C3F80422104B1A46D3F800140029FBD001
:207480000021C3F80415D2F80034002BFBD0BFF34F8F0849094BCA6802F4E0621343CB60E3
:2074A000BFF34F8F00BFFDE7054B064A1A6008BD00C0004000ED00E000E001400400FA05C9
:2074C000E82A00200090D0034B1C30B5DB00044612F003009BB20DD1074D2A601A44074BE8
:2074E0001A60074B1870074B1870074B1C80074B198030BD0720FCE7D82B0020D42B00204C
:20750000D02B0020E02B0020DC2B0020DE2B00202DE9F3472B4F3B888B4206460D46904606
:207520004BD300240DF107008DF8074000F086F8254B26481A78264B008893F800C084454D
:207540005FFA8CF138BF4C1CD2B238BFE4B2A2422DD01C781A78D1B2904286BF0131C9B297
:20756000002119709DF8070000F08CF84FF6FF739C4224D0DFF86090D9F800204FEAC40A09
:2075800042F8348002EBC403A6B19DB1114B38881B682A4604FB0030314605F0FDF9D9F833
:2075A0000030534400209D8002B0BDE8F0874FF6FF74D7E700209880F6E70920F4E7042046
:2075C000F2E700BFDC2B0020E02B0020DE2B0020D02B0020D42B0020D82B0020F8B5114C31
:2075E000114D264622782B789A4200D1F8BD0F480F4A2378126807880E4802EBC30100685F
:2076000052F83320898803FB070090470A4922780988D3B2914286BF0133DBB2002333703E
:20762000E0E700BFE02B0020D02B0020DC2B0020D82B0020D42B0020DE2B002070B5EFF3E5
:20764000108672B60C4A946801239CB993600B4B0B4DD3F8801029401160C3F88050D3F875
:20766000841051604FF0FF32C3F88420047006B962B670BD0370FAE7C04E002000E100E03B
:20768000FC06FFBD10B5084B9A685AB150B9EFF3108172B6054A1C6814605C6854609860AC
:2076A00001B962B610BD00BFC04E002000E100E030B53AB11368DB430A4D0144814204D1E0
:2076C000D84330BD4FF0FF33F6E710F8012B5340082213F0010418BF2C46013A84EA530313
:2076E000F7D1EBE72083B8ED10B561B1B2FBF3F403FB1424A4B244B9C0E900148460828110
:20770000C381204610BD0E20FCE70920FAE782B050E8022FC188B2EB324F4FF0000317BFBD
:2077200092B241EA014142EA014104E04268B2EB324F08BF012340E80212002AE8D18DF8EF
:2077400007309DF80730002B0CBF1120002002B0704737B550E8013F9DB2C4892544848900
:20776000A54228BF2D1B0489A54202BFBFF32F8F002207E0C5EA030540E80154002CE9D12B
:207780004FF001028DF803200193019B9DF803200B6002F0FF0322B10B880068184403B0DB
:2077A00030BD1846FBE70A884B889A4209D150E8012FC2EA024240E80123002BF7D10120C9
:2077C00070470020704737B550E8023F1FFAA3F5C488A54202BFBFF32F8F00220DE0C48945
:2077E00025448489A54228BF2D1BC3EA054540E80254002CE8D14FF001028DF80320019325
:20780000019B9DF803200B6002F0FF0322B14B880068184403B030BD1846FBE70A884B8806
:207820009A4209D150E8022FC2EA224240E80223002BF7D1012070470020704710B503461C
:2078400053E8000F40EA010243E8002494F0000FF6D110BD10B5034653E8002F02EA0100D6
:2078600043E8000494F0000FF6D110BD0121FFF7E5BF0021FFF7EEBF10B590B1D0E901234F
:2078800001689B1ADBB20A60013BDBB2FF2B026802D10020107110BD11684C1C14600B7065
:2078A000F2E70E20F7E737B5044600250DF107008DF80750FFF7C2FE2268616813688B4256
:2078C00010D9591E116013F8015C228AE36802FB05352268A36811685B1A1179DBB29942CC
:2078E00038BF13719DF80700FFF7CCFE284603B030BD37B5054600230DF107000C468DF86D
:207900000730FFF79BFE2A681368591C1160E968641A298AB4FBF1F41C709DF80700FFF77A
:20792000B1FE03B030BD01600B681146184710B40468E468A4465DF8044B604710B404688D
:207940002469A4465DF8044B6047000070B550B90E4D0F4C0026641B1423B4FBF3F4B44219
:2079600008D1002010E00368002BF1D0BDE87040DB6918472B6813B901361435EFE7DB69D6
:20798000284698470028F7D070BD00BFA02B0020B42B0020014B436000207047B4CD070087
:2079A0000846704700207047024B1868003818BF01207047E42B002008B50248FFF759FFB3
:2079C000002008BDE42B002008B510461A4604F0E3FF002008BD00002DE9F043814687B01E
:2079E00014480E4615469846FFF740FF0446F0B90746BD4215D10F48FFF73BFFD9F80830B4
:207A00005BB102228DF800200022CDE90126CDE90325CDF8148068469847204607B0BDE80C
:207A2000F08306EB073000F07DFB0137E1E71124F3E700BFE42B00202DE9F041804686B003
:207A400011480F4616461D46FFF710FF0446C8B9AA083146384600F093FB0B48FFF709FF73
:207A6000D8F8083053B101228DF800200C9A0592CDE90147CDE9036568469847204606B030
:207A8000BDE8F0811124F9E7E42B002029DF704728DF704770B50668B36886B004460D468E
:207AA00073B114220021684605F010F8A36805932379019533B1012B0ED0B3686846984735
:207AC00006B070BD01238DF8003023690293E368039363690493F0E702238DF80030E36889
:207AE0001B030293F5E708467047002070470000024B187A003818BF01207047D42D002034
:207B0000034B187A0122B0FA80F05A7440097047D42D002008B510461A4604F03DFF002096
:207B200008BD000008B514220021044804F0CEFF0348FFF7ECFD002008BD00BFD42D002070
:207B4000C42D002010B5094C094B43602046FFF78DFE48B903F0C8FD064920741C230648F3
:207B60004FF4EE72FFF7C0FD002010BDD42D0020E0CD0700E82B0020C42D002070B5234C15
:207B8000234E237A25463BB922492348FFF71BFE306008B9606070BD022334682B7223795B
:207BA00073B1012B22D020460321FFF773FF00232B726B60BDE8704016491748FFF72EBE11
:207BC000D4E90523D21A142AD4E9031028BF14229208012A38BF012219441844FFF756FFC6
:207BE00050B11128DFD101232B72D4E7D4E903031844FFF74DFFF3E72B7C002BCBD101462F
:207C0000BDE87040022000F009B800BFD42D0020EC2D0020E82D0020C42D002038B5831E4F
:207C2000012B43D8224C237A002B3FD0022B09D103282ED01F4B00221B68E2601A793AB1B9
:207C4000012A20D0637C6BBBBDE83840FFF796BFD3E905128D1A142D94BF521914329A61E2
:207C60009142EFD102284FF0000308BF19462372104B18BF0D211868FFF70CFF0E490F48BB
:207C8000FFF7CCFDDEE71A6901321A615B699A42E7E7E3680133082B01D8E360D2E7002317
:207CA000E360DFE7BDE8384003F00EBD38BD00BFD42D0020EC2D0020E82D0020C42D00208C
:207CC00000F0FD03012B08D1044B00225A74421E504250411874FFF751BF7047D42D002083
:207CE00010B5064C201DFFF7C1FD28B9637C1BB9BDE81040FFF742BF10BD00BFD42D00204F
:207D00002DE9F34180460D460F4801A916461F46FFF71FFD0446A8B11C22002104F0D6FE62
:207D20002D0B0123237101A90748C4F80080A760E5606661FFF737FDFFF7D2FF002002B048
:207D4000BDE8F0810420FAE7C42D00202DE9F74381468846104801A917461E46FFF7F9FC64
:207D60000446B0B11C22002104F0B0FE00250A9BA36001A9C4E9037807482571C4F8009087
:207D80006661FFF710FDFFF7ABFF284603B0BDE8F0830420FAE700BFC42D002001600B6897
:207DA00043604A68934204BF002343607047436843B1026891680B4443605268934204BF13
:207DC00000234360704700002DE9F04FC9B008AA01F1400514464B780E781B0443EA066317
:207DE000CE7833438E78043143EA06238D4244F8043BF0D11024916B16464FEAF14383EAC5
:207E0000714383EA9123716A366852F8045F31440B444FEAB54181EAF51181EAD50101348D
:207E20000B44402CD363E6D1D0E914E30093836D0193C36D0293036E0393436E0493836ECE
:207E40000593C36E0693DDE9057BDDE9031CDDE901592B4B009E079374464FF00008079B24
:207E600053F8042B07934FEAF12383EAB11383EA716A08AB53F828301A440AEB020327EA69
:207E8000010A01EA0C028AEA02021A444FEA743A86EA05035A448AEAB40A06EA050B234076
:207EA00083EA0B038AEAB45A08F101089A44B8F1400F02EB0903BB465244A94619D17244CE
:207EC0000265009A22444265019A32448265029A2A44C265039A1A44049B02660B44436671
:207EE000059B63448366069B3B44C36649B0BDE8F08F674635468C46264619461446AEE738
:207F00000CCE070030B5E0B10F4A104900240025C0E91245C0E914120D4C0E4A0E4DC0E98B
:207F200016420E4AC0E918520D4A826602F17452A2F523020023A2F692420364C26618464E
:207F400030BD0E20FCE700BF85AE67BB67E6096A72F36E3C3AF54FA57F520E518C68059B59
:207F6000ABD9831F70B5F0B1DAB900201CE00C468D180026AC42F8D0036C14F8012BC254D6
:207F80000133402B0364F5D10146FFF71DFFD0E9123213F5007342F10002C0E912320664B8
:207FA000E8E70029E3D10E2070BD70B50D4616460446002875D0002973D0026C8021372A53
:207FC000815402F101034FF0000240D8382B39D1D4E91201226C0823E3FB020103BAE363A2
:207FE0000B0A84F83A300B0C84F839300B0EC4E9120184F83B1084F8383021462046FFF743
:20800000E3FE691E76B30023E26EDA4001F8012FA26EDA400A71626EDA400A72226EDA4064
:208020000A73E26DDA400A74A26DDA400A75626DDA400A76226DDA400833202B0A77E3D167
:20804000002070BDE2540133C0E7E25401333F2BFBD921462046FFF7B7FE3822002104F033
:2080600035FDB5E71823226DDA4001F8012F626DDA400A71A26DDA400A72E26DDA400A7336
:20808000226EDA400A74626EDA400A75A26EDA400A76E26EDA40083B13F1080F0A77E2D1A9
:2080A000CEE70E20CDE743689B68184708B5436808305A7900F083F9002008BD2DE9F04111
:2080C0000C469CB008461F460392FFF7ECFFD4F80480039998F80550BD4228BF3D46064653
:2080E0002A4604A800F060F998F8052022990CA800F065F900960CAB2A4604A904F1080042
:2081000004F044FA002848F2425018BF00201CB0BDE8F081024AD2F80034002BFBD0704769
:2081200000E001400A4908B50223C1F80435BFF36F8FBFF34F8FC1F80805FFF7EBFF0023EE
:20814000C1F80435BFF36F8FBFF34F8F08BD00BF00E0014010B5094C0123C4F80435BFF363
:208160006F8FBFF34F8F0160FFF7D4FF0023C4F80435BFF36F8FBFF34F8F10BD00E0014001
:208180000E4B10B50124C3F80445BFF36F8FBFF34F8F01EB8204401AA14208D1074B00225C
:2081A000C3F80425BFF36F8FBFF34F8F10BD431851F8042B1A60FFF7ADFFEDE700E00140EA
:2081C00028B139B10023C1E900301846704748F21050704748F21350704738B1006848F29A
:2081E0004053884214BF18460020704748F21050704730B148F21153914214BF1846002026
:20820000704748F21050704770B506460C461D46FFF7D6FF50B9B3794AB1AB420AD1114616
:208220002046FFF743FF08B9044B236070BD48F21050FBE748F21150F8E700BF7052464DD6
:208240002DE9F0470C4606460F492046DDE9088915461F46FFF7C1FFA0B963685A79494622
:2082600052004046FFF7C5FF60B94DB1CDF820803B462A4621463046BDE8F047FFF71EBF73
:2082800048F21050BDE8F0877052464D10B5044638B149B141600B68984708B9044B23605B
:2082A00010BD48F20150FBE748F21050F8E700BF6E524648F0B4134648B10768094EB74249
:2082C0000AD161B12AB14368F0BC5B68184748F201531846F0BC704748F20253F9E748F265
:2082E0001053F6E76E524648F0B460B107680C4EB7420CD171B143681568DC68A5420CD348
:20830000F0BC9B68184748F20150F0BC704748F20250FAE748F21350F7E748F21450F4E700
:208320006E524648F7B50446DDE9086715460193FFF7ACFF68B9019A29462046FFF7BAFFF4
:2083400038B93A463146204603B0BDE8F040FFF7CBBF03B0F0BD0000F8B50A4F0A4C0B4DB3
:20836000E41B0121E40829700026A64203D102232B700020F8BD57F8363098470028F9D15A
:208380000136F2E7B4D20700B4D20700F02D002001390144814200D2704703780A7800F8B6
:2083A000012B01F80139F5E7013A02440139824200D2704711F8013F02F80139F7E770B5FA
:2083C00016460D46FFF7F0FF3246A9193044BDE87040FFF7E9BF38B50D460446FFF7D8FF11
:2083E00029466019BDE83840FFF7D2BFBFF34F8F0549064BCA6802F4E0621343CB60BFF325
:208400004F8F00BFFDE700BF00ED00E00400FA05044A136801331360034B1B780BB100F04F
:20842000FFB87047FC2D0020F82D002010B5094C00F018F923785BB9074A137000F0B8F802
:20844000012323700549BDE81040A32000F0D6BB10BD00BFF82D0020F12D00201184070033
:2084600008B5084B00221A7000F030F90649A32000F0C4FB054B1A68054B1A60054B012257
:208480001A7008BDF82D002011840700FC2D0020F42D0020F12D0020013870B5082823D85B
:2084A000DFE800F00A0C23220522050E0C001148BDE87040FFF7BABF0F48F9E70F48F7E7DB
:2084C00002F07AF80E4B1B787BB10E4E0E4D34682B68E41A3B2C94BF0021012100F040F916
:2084E0003B2C01D933682B6070BDBDE87040FFF7B7BF00BF5DCF070058CF070062CF0700CF
:20850000F12D0020FC2D0020F42D002008B5FFF76DFF08B5FFF76AFF08B500F089FC0248DC
:2085200000F0A6F9FFF762FF99840700F0B51B4B1B4819781B4B1C4D5F5C0422012447FA1C
:2085400002F6F60710F8013B1BD51F2B86BF03F01F032E464FF0A04604FA03F3C6F80C35C2
:20856000013AECD2114B5B5C1F2B86BF0E4903F01F034FF0A041012202FA03F3C1F80835C9
:20858000F0BD1F2B86BF03F01F032E464FF0A04604FA03F3C6F80835E2E700BF052E002027
:2085A00067CF0700002E0020000300506CCF070030B41748174D0022032410F8013B1F2B1D
:2085C00086BF03F01F0329464FF0A04103F5E0730132052A41F82340EFD10F480D4D0022D6
:2085E000032410F8013B1F2B86BF03F01F0329464FF0A04103F5E0730132052A41F8234094
:20860000EFD1064B00221A7030BCFFF78FBF00BF67CF0700000300506CCF0700052E002089
:2086200010B40D4A0D4913780120C95C03441F29DBB28ABF0A4C4FF0A04401F01F01042BDA
:2086400000FA01F188BF0023C4F80C1513705DF8044BFFF76BBF00BF052E00206CCF07004C
:208660000003005001460522014804F095B900BF002E00201F2886BF054A00F01F004FF078
:20868000A042012303FA00F0C2F80805704700BF000300500B4B185C1F288ABF0A4B4FF069
:2086A000A04300F01F01D3F8042598BF0146CA40D20704D501228A40C3F80C257047FFF7F3
:2086C000D9BF00BF71CF070000030050F8B5204A204D214E002313602846032410F8012B57
:2086E0001F2A86BF02F01F0231464FF0A04102F5E0720133052B41F82240EFD1174C164F72
:2087000020460022032610F8013B1F2B86BF03F01F0339464FF0A04103F5E0730132052A74
:2087200041F82360EFD1002115F8010BFFF7A2FF01310529F8D1002114F8010BFFF79AFFFB
:2087400001310529F8D1BDE8F8400020FFF7A2BF082E002071CF07000003005076CF070060
:20876000F0B5164A164F1668DFF858C0344600254FF0010E00EB8000642390FBF3F0A042F3
:208780000BDCB042B8BF304605B11060A1B1042812DCBDE8F040FFF77DBFE35D1F2B8ABFA7
:2087A00065464FF0A04503F01F030EFA03F3C5F80C3501340125E2E7F0BD00BF082E0020F3
:2087C00071CF070000030050007800F00100704741DF7047014B01221A7070472C320020DA
:2087E000BFF34F8F0549064BCA6802F4E0621343CB60BFF34F8F00BFFDE700BF00ED00E0A0
:208800000400FA05024B034800221A7001F0F2BF2C320020E1870700042810B5044609D866
:20882000022811D816D00D4B1B68B3B12046BDE810401847831F012BF5D8094B09480022E4
:208840001A7001F0D7FFEEE707494FF4701000F0A7F9E8E701F014FFE5E710BD3032002061
:208860002C320020E1870700058807000020704738B5504B1860002001F0D2FF044600284C
:2088800040F0928000F07EFA012800F08880022800F08C80002840F087804FF08043D3F8BB
:2088A000004414F4803435D04FF48032C3F800240446414D2B6A012B3FD04FF4701400F080
:2088C000F7FA3E4A20211820FEF7FEFD08B1FFF720FE3B4B1A6802F0F802B02A06D11A68C2
:2088E000D20742BF1A6802F04E021A60FFF7BEFF002859D12046334900F052F9324800F0D4
:20890000E9FF002850D100F0F9FAFEF767FEFFF75FFFF8E7D3F8202502F0F802A82A0AD10D
:20892000D3F82025D10706D5D3F8202502F05602C3F82025BDE70124BBE743F204031A68F1
:20894000224B9A4209D002F023F8AA69014694B11F4802F07AFB90B9AFE76A6B1CB995F865
:208960006032012BEFD01B484FF4805102F06DFB0028E8D1A1E795F8A132012BE8D1104BA0
:208980001B6813F0B10F98D101F0AEFF60B9124B1870124801F02EFF00F024F804E00E4BCB
:2089A0000F481C7001F026FF032038BD4FF4A02485E700BF30320020CC4E00200C2E00205E
:2089C0001C0500400588070019880700DBE5B1516D5100202C5100202C320020D5870700DC
:2089E000E187070008B5074B4FF0FF32C3F88020C3F8802101F060FCBDE808404FF4805085
:208A000000F002B800E100E000B5EFF305830023D0E9001283F3148883F3108883F31188AF
:208A200083F3138881F308884FF0FF339E4610475DF804FB00F1402000F50030002382B056
:208A4000036003680193019B02B0704738B56FF07F42134C057BD4F804358A4228BF0A46BB
:208A6000891A13444A1E942A23F07F4305F5A8729BBF963B96314160416044F82230094BD7
:208A80004FF4F86043F00103984705F150008000FFF7D0FF4FF48033AB40C4F8043338BDD1
:208AA0000040024080CF070008B517490A7852BB4FF080434FF48070D3F81834DB035EBFEB
:208AC000124B01221A60FFF7B5FF4FF4A070FFF7B1FF4FF4A270FFF7ADFF4FF4A470FFF7B5
:208AE000A9FF0B4B0B48A02283F8242310225A60094A0023C2F8083501230360022013602C
:208B0000C2F804030B7008BD383200200800004000E100E008400240004002402DE9F0416E
:208B2000194B1B683BB1194A13684FF4827001331360FFF77FFF164C164DDFF86080164E54
:208B40004FF480372B68A5F5804080B25BB1FFF771FF237B07FA03F3C8F80833616849B137
:208B60002046FFF773FF0435B54204F11004E9D1BDE8F081A16811B12046FFF767FF236806
:208B8000002BF0D09847EEE70441024034320020EC2A0020404102404C41024000400240DF
:208BA00070B50B4B1D682A7B4FF480339340094A0E46C2F80833044640B1FFF775FF2E6078
:208BC00021462846BDE87040FFF740BF70BD00BF1C2B00200040024070B5074B1D680E4651
:208BE000A8600446FFF760FF2E6021462846BDE87040FFF72BBF00BF242B002070B50E4B8A
:208C00001C68237B4FF480329A400C4B0E46D3F804130A42054602D0A16881420BD0C3F80B
:208C20000823A560FFF740FF266029462046BDE87040FFF70BBF70BD202B00200040024045
:208C4000014B01221A7070473932002038B50F4BDA6A5D6A9C6CAC2A10D15B6B1C44ED1A9B
:208C60000B482A46214603F067FE68B100F046F929462046BDE8384001F000BB002CEFD1A0
:208C800001F09CFE0446EBE738BD00BFCC4E0020007007002DE9F74F06468846A8EB0605B4
:208CA0002D0B02F6FF77144600F002F9802D28BF80252B03DFF868B001933F0B0CB9234667
:208CC00029E0BD422CBFBA46AA464FF000025146304634BFDDF80490A14601F0B7FA034635
:208CE000C8B909F1030222F003024146304601F09FFA034678B9DBF830304B44CBF83030F7
:208D000001F07EFDA7EB0A07A4EB09044E44C84403460028D2D0184603B0BDE8F08F00BF03
:208D2000CC4E002010B501F059FE154A42F20403916CCC5803F1A34303F5471303F2D753E6
:208D40009C4218D1D2E90C32934216D0884204D1BDE81040002001F053BDD21A02F6FF728E
:208D600022F47F6222F00F0219441844FFF792FF0028EDD010BD0320FCE70020FAE700BF21
:208D8000CC4E002070B5264CE36AAA2B37D005D8012B0BD0A52B2ED0002070BDAC2BFBD137
:208DA000FFF7C0FF48BBFFF751FF26E0A66C656A01F0EEFD864229D101F0EAFD00222946C7
:208DC000FEF776FCA36A984202BF0123C4E90703A5610025134801F0CFFD134B134800228B
:208DE0001A7001F00DFD68B975B1236A012B14BF01200220D1E7FFF795FF0125EAE7FFF7A9
:208E000025FFE6E70320C8E70120C6E7236BEA1AF1181844FFF73EFF0028DAD1CCE700BF52
:208E2000CC4E0020F04E002039320020418C070008B540F6F8700368013302D10749FFF728
:208E400089F940F6FC700368013305D1BDE808404FF4FC21FFF77EB908BD00BF0070070004
:208E60000A4AD2F800347BB109480023D2F80815D940C90748BF03F5C07103F1010348BF01
:208E800042F82100072BF1D1704700BF000001403546526EFFF7E4BF044B002282B01A60DB
:208EA0001B680193019B02B0704700BF0001014038B50E4C2278BAB90D4BD3F800248AB1BF
:208EC000D3F80455FFF7CCFF40F61650A842B8BF28460849A0F54860FFF77EFE064B4FF4AE
:208EE00080321A600123237038BD00BF3A32002000000140958E070000E100E0034BD3F80A
:208F000000340BB1FFF7ACBF704700BF000001400023C0E90232C0E900118B881A440261BB
:208F2000B1F906301A4442610888003818BF0120704710B5426811880346002939D002F163
:208F400010014160148A2CB9C2680168FFF7E0FF204610BD9078118900F03004302C1BD133
:208F6000947C04F03004302C1DD190881969091A19610021907810F0300F02BF98680130DE
:208F80009860908A0844196901441961B2F91620114459610120DCE700F0F004202C02D15B
:208FA00050894143E6E700F0C000802808BF0421E0E70846CDE770B5466804460D4663683F
:208FC0001A88AA4204D19B7803F00F03082B07D12046FFF7AEFF6368B342F0D1002070BD34
:208FE0000120FCE743681A44426011B101399A4201D10120704713F8010B01F8010FF6E743
:209000002DE9F34183680446884623B90026304602B0BDE8F081036801220DF10701984750
:2090200006460028F2D0A3689DF80750013BA3609DF90730002B1ADA05F07F050727A36826
:20904000002BE3D0236801220DF10701204698470028DBD0A3689DF80720013BA36002F06E
:209060007F03BB401D43130607F1070702D4C8F80050CCE7232FE2D1C8E770B542689278CE
:2090800002F00F01082986B003461FD103691C6800260CB906B070BD236826739D6862687D
:2090A00029466846FFF734FF6368049304F10C030593AB7803F0C003802B08BF231D684633
:2090C00008BF0493FFF7D9FFA468E2E712F0C00120D102F0300010280ED15A6911705A689C
:2090E00018699378D46803F00F03072B09D10146204600F017F8CDE79006F0D55B6919807F
:20910000C8E71289214614B103F046FCC2E703F0DDFCBFE78029BDD10069002192060160CF
:20912000B8D5EBE77FB50A4601466846FFF7F0FE30B16846FFF7A1FF6846FFF7FAFEF7E7D4
:2091400007B05DF804FB000030B5044685B01546A9B90268114B9A4211D0102D06D82A46D5
:2091600069462046FFF7F0FF05B030BD102269462046FFF7E9FF0028F6D0103DEDE7A36814
:20918000AB4201D20020EFE723682A46204698470028F7D0A268521BA260E5E7E58F07002A
:2091A000F7B50E4601A907461546FFF729FFA8B1019A0123D3184FF0000404D2B17801F009
:2091C000C001802901D1204608E031899942FAD329463846FFF7B8FF019BEC5403B0F0BDCD
:2091E00073B50D4601A906461446FFF709FF98B1019AB2F5803F11D2AB7803F0C003802BF5
:2092000002F102010AD02B898B4207D32146304621F8022BFFF798FF02B070BD0020FBE792
:2092200010B5034C82600022C0E90041C26010BDE58F07002DE9F341002604460F46B046BD
:209240003546A3682BB3236801220DF1070120469847F0B1A3689DF807C0013B0CF07F02F0
:20926000C5F12001A360A5F1200302FA03F322FA01F10B43AA401CF0800F46EA020643EA23
:20928000080805F1070502D1C7E9006802E0462DD7D1002002B0BDE8F08173B50C466946C3
:2092A0001646FFF7C7FF68B12389082B0CD1DDE90045C6E90045DDE90023AB4206BFA24243
:2092C0000120002002B070BD042B04D1009B33601C460025EFE7022B4FF0000004D1009B03
:2092E00033809CB20546E6E7012BEBD1009B337003F0FF04F6E737B50D4669461446FFF71E
:2093000099FF30B12A89082ADDE9003103D1C4E9003103B030BD042A18464FEAE37108D1B4
:2093200023601A460B468B4206BF824201200020EFE7022A04D11BB223801AB2D317F2E78C
:20934000012A03D15BB223705AB2F7E70020E0E7F7B51F4600233B700D460B70136001A9D3
:2093600004461646FFF74CFE30B9A36813B901233B70002003B0F0BD019C002CF7D0E3087D
:2093800004F0070433602C70F4E713B5044605291FD8DFE801F0030F151E1E1C012201A989
:2093A0002046FFF7D1FE18B19DF90430002BF5DB02B010BD082200212046FFF7C5FEF7E72D
:2093C00001A9FFF71DFE0028F2D0019AF3E70422F1E70020ECE773B50D4601A90446FFF71D
:2093E0000FFE064618B90026304602B070BD94E80F0085E80F0001998A42F4D3A960A36880
:209400005B1AA360F0E700002DE9F0435768BB7813F0C00489B006468C46154603D0402C0A
:209420006AD000240CE003F00F025F4903F03003202B51F8228026D006D8CBB1102B1CD063
:20944000204609B0BDE8F083302BF9D16B6939881980072A0AD16B6828691A89214603F015
:2094600035FB6B682969D868FFF75CFE2A6940E02A693946C0470446E2E76B6901221A7067
:209480002A696968F6E7BCF1020FD5F8149024D1042A22D804A9FFF79EFF04460028C0D0FD
:2094A000069B2BB16968B9F800304A899A4205D8059B7360069B002BC2D0B2E708892A6963
:2094C00003FB002204A8C04728B1B9F800300133A9F80030E4E70446EAE7B9F800307A8930
:2094E0009A429ED92A693989581CA9F8000003FB012269683046BDE7D2F81080474657F86D
:20950000043B13B9FFF741FFB5E7022914D104A9FFF761FF002884D0D8F8003069683A468E
:2095200004A89847044600283FF47BAF069B002BF2D1059B736083E7012925D005292BD01D
:2095400000297FF46EAF0C460DF1040901340B2C3FF467AF012249463046FFF7F5FD002808
:209560003FF45FAF19F9013B002BEFDB0F4B049301ABCDE9053400230793D8F8003069684D
:209580003A4604A8984776E7082201A9FFF7DCFD08240028EAD144E704220DEB0201FFF76F
:2095A000D3FD0424F5E700BF88CF0700E58F07002DE9F04F91B00446002604A8CDE902666F
:2095C000FFF7A6FCA3683BBBDDE9053404A89D78FFF7AFFC0028F7D115F0300F03D1059BE9
:2095E0001B8803B10134002C00F0A9806309002202A9934240F09C8010AA02EB830304F01F
:209600001F0453F8383CC4F120044FF0FF30E040C31A584258410DE00DF1030301AA0DF157
:2096200002012046FFF794FE38B99DF80330002BCAD1002011B0BDE8F08F019904A8FFF779
:20964000BAFC002850D1019BB3427DD3059D059A937803F00F03082B7FD004A8FFF769FC50
:20966000059B9D42F3D14FF0FF36019FB7426BD3089B9DF802A0D4F808801D684FF0010960
:20968000A368002D5DD098459CD12B68D3F800B0BBF1000F08D053463A4629462046D8476D
:2096A0000028C6D0AD68EBE7D3F808B0BBF800309F42F7D16A6859460AA8FFF729FC6B68E5
:2096C0000E9305F10C030F939BF8023003F0C003802B04BF2B1D0E930AAA85F80C9051460C
:2096E0002046FFF791FEDBE7059B9B7813F0300F0FD1069A3F2A0CD8510910AB03EB810176
:2097000002F01F020123934051F8382C134341F8383CE5682DB19DF80220019904AB2046FE
:20972000A8479DF8021004AA2046FFF76DFE10E051F8225001357FF47DAF013259E701200A
:2097400078E798457FF43EAF9DF802102046FFF71CFE00287FF436AF6BE7168885E737B588
:209760000C460546114620460192FFF7DBFC019A2146284603B0BDE83040FFF719BF70B504
:2097800086B0CE6801920C4602A90546FFF723FE68B1E06858B1A378019A03F03003202BDA
:2097A000314602A805D1FFF7DAFF039B6B6006B070BDFFF7FDFEF8E7D3B50C466946FFF748
:2097C00039FD80B1DDE9001300274A0801F0010642EAC37256EA07014FEA53031CBFD243B0
:2097E000DB43C4E9002302B0D0BD37B50D4669461446FFF7E1FF68B12B89082B0CD1DDE97B
:209800000001C4E90001DDE900238B4206BF82420120002003B030BD042B03D1009820605E
:20982000C117F0E7022B04D1BDF90000208000B2F6E7012B04D19DF90000207040B2EFE7A3
:209840000020E7E713B504220C460DEB0201FFF77BFC08B1019B236002B010BD1146FFF7CE
:20986000F1BF13B508220C466946FFF76DFC18B1DDE90023C4E9002302B010BD1146FFF798
:20988000F0BF10B513681F2B144607D900220830FEF78BFB08B92023236010BD48F214508E
:2098A000FBE70830FEF75EBB0830FEF72BBB0000831F012B10B5044602D8002001F044F869
:2098C000034B1B681BB12046BDE81040184710BD3C32002008B5074B18600020FFF7E8FF52
:2098E000054801F019F820B9BDE80840024800F07BBE08BD3C320020B19807006EDF704739
:209900006FDF704772DF704773DF704774DF704775DF704776DF70477ADF70477CDF7047EE
:209920007DDF70477FDF704786DF70478FDF704790DF7047A8DF7047AADF7047ADDF7047D7
:20994000AEDF7047AFDF7047B0DF7047B1DF7047B5DF704762DF704766DF704713DF704709
:209960007FB50023CDF80B308DF80F300A4BADF806109B89ADF8083001238DF80A300DF1DA
:209980000603CDE90430054B02A91888FFF7D8FF07B05DF804FB00BF8E4200202A2B00203D
:2099A00001460148FDF7A5BFBCD2070070B518228CB00DEB0200002103F088F801238DF858
:2099C00018308DF82D30324B1B7828220892002B5CD0304B02AA03F1100615461868596845
:2099E000144603C40833B3422246F7D12A4C10222946204602F0A0FF002847D002238DF8EF
:209A00002C30012104F110036846CDE90034FFF775FF0122002101A8FFF772FF04231F4CD8
:209A200002941622A37003230926ADF80420E37000225923CDE903220592012502226371A6
:209A400001A9FE23A019ADF80C60227065702271A371FFF765FFB8B9BDF8043026725A19A4
:209A6000E271BDF80C200E4C134402A906AA2046ADF80C30FFF746FF30B92078FFF746FF68
:209A800020782946FFF740FF0CB070BD0623C6E70C43002080D10700D0420020A2420020CE
:209AA000282B00202DE9F0410388232B8AB0044636D80F2B05D8012B00F0EB800AB0BDE884
:209AC000F081103B132BF9D801A252F823F000BF519B07006D9B0700BD9A07003D9C0700BC
:209AE0008F9D0700BD9A0700BD9A0700BD9A0700BD9A0700BD9A0700E99D0700BD9A070072
:209B0000BD9A0700BD9A0700BD9A0700BD9A0700BD9A07006F9C0700BD9A07002D9C07002F
:209B2000503B9AB2062AC9D8062BC7D801A252F823F000BF959B07009F9C0700E99D0700E8
:209B4000BD9A0700BD9A0700ED9B07007F9C0700984B82881A80984A12681C460AB1012077
:209B6000904796492088FFF7D3FEA7E7914B4FF6FF721A80924B1B685A0704D4FFF716FF62
:209B800008B1FEF7C6FC8C4B1B68002B96D00220984793E78B4EE288B3889A428ED18A4864
:209BA000FDF781FE0546002888D0228A04F1120102F0F2FE1822002104A802F087FF082327
:209BC0008DF81030814B0693814B0596CDE9073504A8238AADF8243000F0FCFC00283FF46D
:209BE0006DAF79482946FDF784FE67E7E188F6291AD8CB1E9B070DD0CB1F9BB2013B5A4264
:209C000002F0030203F0030301F1FF3158BF5342C91A89B2674B1888FFF79AFE00283FF42D
:209C20004DAFFEF776FC49E7F721F3E7002204A98088CDE90422FFF77BFEEFE700235D4CDB
:209C4000ADF812300223ADF81030208802AB04AA42F605210593FFF771FE08B1FEF759FCB2
:209C6000002320881A468521FFF75CFED6E7002304A98088ADF81030FFF758FECEE7A3792C
:209C8000002B7FF41BAF4B4B13211888FFF742FEC4E7484B00211888FFF75EFEBEE7A379AA
:209CA000002B3FF40BAF022B7FF408AF454920898A8990420E467FF401AFA27B012A7FF4E7
:209CC000FDAE00220120CDE904228DF81600208A384DADF81800608AADF81A0004F1140081
:209CE0000790ADF80A20098A28888DF8103001AF02AAADF808300397FFF720FEA84660B908
:209D00003846FEF761FD40B940F2FD132888ADF8143004A9FFF718FED0E6002304A9B8F8AF
:209D20000000ADF81430FFF70FFE014600287FF4C5AE182204A802F0C9FE237D234A8DF8B1
:209D40001030022B0596069218D0062B10D0012B10D1204B1A88204B1A80637DD4F8162069
:209D60000893012B099205D11C4800F0EDFD01E0637D089304A800F02DFC9FE6A27D637DC8
:209D800043EA0223134A1380134A1380F2E7144B1A7862B11349028ACB8D9A4201F10402A0
:209DA00005D11C31A0880023FFF7BEFD36E70021F8E700BF2A2B0020C8420020A6D107008B
:209DC000C44200208E420020BCD20700BD9E0700A19907000E43002010430020B4D20700C4
:209DE0000C430020CC420020174B1B7833B3174B17491C88082201232046FFF7A7FD00280F
:209E00007FF40FAF0246014602232046FFF79EFD00287FF406AF0F4B4FF6FF7219882046FF
:209E2000FFF790FD43F2020398423FF447AE08283FF444AE11287FF4F1AE3FE6A0881A4616
:209E40001946FFF783FDE9E60C4300202A2B0020044300208E42002038B5134A1368D9077E
:209E600001D4002038BD11498842FAD0104908884FF6FF71884211D043F0040313211360E0
:209E8000FFF748FD0028EDD10A4DC82445F001054FF47A40A847013CFAD1E2E7064B187885
:209EA000BDE83840FFF732BDC4420020B4D207002A2B0020A0D10700282B002010B504467E
:209EC00086B000210D2202A8019102F0FFFD2378082B0BD1364A374913880988013B9BB273
:209EE0001380D9B1D3B9032311802370627823788DF805306021012A8DF804108DF8062050
:209F00000ED00B2A12D100F0AFF98DF80700002000F0A4F9042101A8FFF722FD06B010BD14
:209F2000062B05D0082B29D0032B27D00321F2E7E1688DF80710D4E90123080A8DF8080068
:209F4000080C090E8DF80A10110A8DF80B208DF80C10110C120E8DF80E201A0A8DF80F30F3
:209F60008DF810201A0C1B0E8DF80D108DF809008DF811208DF812300F21CCE7D4E901236C
:209F8000110A8DF807208DF80810110C120E8DF80A201A0A8DF80B308DF80C201A0C1B0E8D
:209FA0008DF809108DF80D208DF80E300B21B2E7104300200E4300202DE9F0414D4B94B0C2
:209FC00005464FF6FF721A8001204FF659632A4602A98DF80A00ADF80830FFF7ABFC044656
:209FE000002840F08380444B04AA03F11007164618685968144603C40833BB422246F7D198
:20A00000A91C3046FFF7A6FC044600286ED11C2201460DA802F05AFD04F0F8029DF8343052
:20A02000ADF8044042F003028DF80620F42243F00403CDE90A44ADF82C20304A8DF83430AD
:20A040000223ADF80C3092F80080AB788DF80E3001AE212303AFCDE908768DF805300C94D7
:20A06000B8F1000F04D1012262F307138DF805302B4608AA33F8040B0DA9FFF75DFC04465B
:20A08000A0BB01461C220DA802F020FD9DF83430ADF8044023F0180343F0180304F0E802E0
:20A0A00042F013028DF83430AB788DF80E30012121238DF806201722CDE90A44CDE9087608
:20A0C000ADF80C108DF805300C94ADF82C20B8F1000F03D161F307138DF805302B4608AA9D
:20A0E00033F80C0B0DA9FFF727FC0446204614B0BDE8F0812A2B002090D107000C43002079
:20A1000073B5354D2B6813F0010403D00024204602B070BD314E30603148FDF7ADFB019405
:20A1200000F0BDF804460028F1D12E48FFF716FC04460028EBD101F059FA04460028E6D12D
:20A1400001A801F021FB04460028E0D101A9012001F024FB04460028D9D101A801F082FB18
:20A1600004460028D3D100F093FB1F4B002830D01E4A126A012A2CD11D481A7000F07CFB57
:20A1800011231C488DF8043002F0FAFC194982B201A8FFF7C3FB04460028B8D11648FFF744
:20A1A000BBFB04460028B2D11448FFF705FF04460028ACD1FFF7FAFB04460028A7D12B6847
:20A1C00043F001032B603368002B9FD0092098479DE700221A70D3E7C4420020C842002046
:20A1E000BCD20700007007000C430020CC4E0020CC42002078D10700A6D107008E420020BE
:20A2000043690BB1C06818477047000010B40549054C0022904218BF214604485DF8044B13
:20A22000FDF781BBC0CD0700ECCD0700A02B002007B5009313460A4601460348FDF777FBBF
:20A2400003B05DF804FB00BFA02B002013460A4601460148FDF772BBA02B0020014B187034
:20A260000B20704712430020024B002218781A70704700BF1243002018DF704730B585B04B
:20A28000054610220C466846002102F01FFCA408684601950294FFF7EFFF05B030BD1FB533
:20A2A0000023CDE901330393684602230093FFF7E3FF05B05DF804FB4FF000534FF480520D
:20A2C0001A60002070470000014B06201B6818471C4300200A2803D90B38C0B2FFF7BEBF24
:20A2E0007047000010B5044686B00020FDF72EFB014630B1164A18212046FDF709F906B052
:20A3000010BD1822684602F0E1FB0423114A8DF80030114B116D1B68994211D10F4B18688F
:20A3200000F0F4FF8DF80100FFF7D4FFD4E901138DF8010068469847094800F061FADEE7A6
:20A3400001238DF801306846D4E901139847D6E7E5A20700CC4E002014430020184300204E
:20A36000C9A20700F0B5044687B018220021684602F0ACFB22788DF8002001238DF801308A
:20A38000531E0B2B00F20C81DFE813F011003300110011000A0111000A0111000A010A0119
:20A3A0000A010C007F4B1B680720984721E0062A7D4901D0012A01D122690A700A78012ABC
:20A3C00004D0022A51D000230B7094E0072B10D8DFE803F0040F452F0F420F1C714B032094
:20A3E0001B689847606900F06BFDFFF773FF8DF80100D4E90113684698479DF80130012B9C
:20A4000000F0C380674B05201B68BDE0A18A206900F06EFDFFF75EFF644B8DF80100DA6B36
:20A420001B6C0293E3680192002BE2D020699847DFE75F495F4800F0A7FDFFF74BFF0128CB
:20A440008DF80100D5D1002000F0DAF90028D0D00A238DF80130CCE74FF400730393534BA5
:20A46000DA6B1B6C01920293C3E7072BC1D801A252F823F095A40700F3A3070059A5070091
:20A4800065A50700F3A307008FA50700F3A30700FBA4070000F04CFD08B90823D9E76269E0
:20A4A0000AB90323D5E7C2F30B0333B13F4B40495B6D096813448B42F3D1B2F5805F01D9BC
:20A4C0000423C6E7394B3A49586D096815188D42E3D85A64DA6C9A6418651863354B616970
:20A4E0001B6801F6FF710022090B1844FFF7AEFE00283FF47EAF0523ABE700F019FD0028CE
:20A50000CBD02A4DA18AD5E914329B1A6A6C0B449342C6D8274B2F6B1B68206905F1480255
:20A520001F44FDF7C5F8E368A28A216906463846FFF77EFE08B1E36878E7A28A2B6B13444E
:20A540002B63A38A2A6DAE641344CDE901362B65144B08201B6828E7144B9A6C1B6D029229
:20A56000019346E7114BD3E91402596C821A8A4293D19A6C5865002120465964DA64FFF720
:20A58000B1FE084B1B680420984707B0F0BD074B9A6C1B6D01934FF480530292039328E70C
:20A5A000022356E71C4300202C2B0020CC4E00201443002018430020044B054A186D64236D
:20A5C00043431068B3FBF0F0704700BFCC4E00201443002083681BB1024A1821FCF798BF42
:20A5E0000720704765A3070038B50546C0B10120FFF70CFE044648B900F054FC00F098FC95
:20A6000030B9084B00201D60FFF728FE204638BD0549064800F0B8FC0128F2D00324F5E7BC
:20A620000724F3E71C43002014430020184300202DE9F04115464FF46072064688461F466E
:20A6400002F07AF928B915B90020BDE8F081A847FAE7002201213046FFF7F8FD70B94FF4CF
:20A6600060724146384602F097F92B464FF4607239463046FFF7DCFD0028E5D00320E4E76C
:20A680002DE9F0413D4C236801335CD000225821201DFDF70DF8D4F80080A8EB0002D2F18A
:20A6A000000848EB0208364D364E2F683B6801335ED000225821381DFCF7FAFF3B6883426E
:20A6C00044D17C68012C0AD00022C32107F51870FCF7EEFFD7F85C42231A5C425C41B8F182
:20A6E000000F35D0254927484FF4607202F054F964B1296824485422043102F04DF929688F
:20A7000022484FF432725C3102F046F97468012C2CD11F49402201F5E47002F03DF91D4982
:20A720001C2201F5E47002F037F91B4986F8A1420023042201F2862086F8603286F8E23226
:20A7400002F02AF910E04FF00008ACE70024C6E724B129680B484FF46072D5E709484FF42B
:20A760006072002102F0B2F902237360BDE8F081B8F1000FF2D00024B4E700BF00F007004C
:20A78000302B0020CC4E0020D04E0020284F00202850002068500020E84E002070B50D4CEB
:20A7A0000546002258212046FCF782FF002244F8040CC32104F51770FCF77AFF261FC4F89A
:20A7C00058022A463146044B0448BDE87040FFF72FBF00BFD04E00202043002000F00700ED
:20A7E00002460248024B0068FFF722BF302B0020A04600200149FFF7F3BF00BF00F0070012
:20A8000038B505460020FFF7C9FF044618B903492846FFF7E5FF204638BD00BFCC4E00201F
:20A8200010B5FFF7F3FC044628B9FFF729FF2046FFF7E6FF00B1032010BD29DF7047000084
:20A8400038B50C4D0446D5F8243378B101330FD100223C210430FCF72BFF2060214605F556
:20A8600049701022BDE83840FFF7E7BF0E2038BD0820FCE700F0070008B528B103494022CB
:20A8800002F08AF8002008BD0E20FCE724F3070010B5064C00223C212046FCF709FF54F8ED
:20A8A000043C1B1A5842584110BD00BF28F3070038B50C4D0446D5F8643378B101330FD111
:20A8C000002218210430FCF7F3FE2060214605F559700722BDE83840FFF7AFBF0E2038BD8E
:20A8E0000820FCE700F0070010B50A4CD4F82433D4F864231340013309D04FF4FE20FDF710
:20A9000011FCC92221464FF4FE20FDF739FC002010BD00BFCC4E0020F8B5094E094CA41B50
:20A920000746E4080025A54201D10020F8BD56F83530384698470028F8D10135F3E700BF5B
:20A94000B4D20700BCD20700F8B5094E094CA41B0746E40800250436A54201D10020F8BD97
:20A9600056F83530384698470028F8D10135F3E7B4D20700BCD2070008B50C22002102F0A6
:20A98000A5F8024B00221A6308BD00BFCC4E002043F204031A68084B9A4201BF43F2080383
:20A9A000186800F6FF7020F47F600CBF20F00F004FF48050704700BFDBE5B15108B5FFF7D7
:20A9C000E7FF054B9B69184400F6FF7020F47F6020F00F0008BD00BFCC4E00204FF4805099
:20A9E000704700002DE9F74F0193244BDFF894B01B6ADFF894900093054616464FF0000825
:20AA000043F2040AB8F1010F5FFA88F714D0022F1FD0FFF7D3FF6EB1009B013B5C425C4165
:20AA2000A9EB0000A84200D3F9B1B4B1A8421CD204201FE03446F3E7FFF7AAFF019B33B940
:20AA4000DAF80040B4EB0B0418BF0124E8E74446E6E701244FF48050E2E708F10108B8F168
:20AA6000030FCFD1A842E3D300E017B10448FFF783FF002003B0BDE8F08F00BFCC4E002028
:20AA8000E44E0020DBE5B1510040070090F8552012F0FB0F07D190F8643023B1836ECBB11D
:20AAA0000B600120704712F0010303D090F8563003B1836D9207F2D590F85C20002AEED07C
:20AAC000054A006EC2F5FC22904201D80344E6E7042070470F2070470070070010B5084CD4
:20AAE0004FF40072FF21204601F0F0FF20220021A4F1240001F0EAFF002344F82C3C10BDB1
:20AB0000284F00202DE9F0475A495B48DFF88881DFF88891DFF888A1584C92B00C2201F036
:20AB20000BFF064600284CD15349382204A801F033FF4FF447723146204688F80060C9F83B
:20AB40000060CAF8006001F0C1FF079D012D58D14FF48073A3803423636143F20C0384F893
:20AB60006C612570A5712572E560257425831B88E361089B2367032384F87630099BA4F8A4
:20AB80005C5084F85E50266684F86450A66684F86C5084F87450A4F8783020220AA904F171
:20ABA0007A0001F0F9FEA4F89A50A4F89C5084F89E60A4F8A06088F800500834304B1C600C
:20ABC00020E03049304E8A6B6F465C313846FEF727FB97E80F0086E80F0000212B4B88F890
:20ABE00000104FF447722046C9F80010CAF80010F36001F06BFF264922463046FEF7AFFDA4
:20AC000020B90025284612B0BDE8F08798F80050002DF6D094F86C3194F800801BB3B8F16B
:20AC2000000FEED194F87231002BEAD0DAF80020D9F800103846FEF7F3FA97E80F0086E803
:20AC40000F004FF4B272414604F5BA7001F03EFF104904F5BA723046FEF781FD0028D0D077
:20AC600004F5BA74AAE7B8F1000FCAD0A379002BA3D1C6E7AED10700284F0020504A00208B
:20AC8000284E0020CC4E00206C4D0020A5AC070008D1070054D007004C4A0020484A002040
:20ACA000444A002030B55B68DA680D4B9A4208D10C490A6812B90C4A14681CB10B4B002246
:20ACC0001A7030BDD0E90134181913F9015B002DA0EB0304F9DB0B601460044B0122EFE7BC
:20ACE00054D00700484A0020444A00204C4A002010B543F2040319491C688C4202462BD01B
:20AD000042F20403C358581A434243418C42184621D142F20403D358A3421CD14FF4405336
:20AD200002F500511B780978142B81BF43F214030B481B68B3FBF0F398BF0023142989BF86
:20AD400042F2140100205058054A88BFB0FBF2F0181A18BF012010BD0023D7E7DBE5B15125
:20AD600040420F0000B591B0FDF7F6FA684608492022FDF724FB6A46064907484023FDF76F
:20AD800043FA064B01221A7011B05DF804FB00BF18CF07007C4D00200CCF0700204A002061
:20ADA000F0B5A3B007460D4614461E4678222023002104A8029301F089FE00230393194B69
:20ADC0001B780BB9FFF7CEFF2DB337BB02AB164F01931649289B0097324604A8FDF7A2FA74
:20ADE000E8B9402C1BD1124E22462946304601F0D3FD20213046FDF7EEFACDE90064029BA2
:20AE00000C493A4603A8FDF71BFA00280CBF0120052023B0F0BD1320FBE71620F9E70A209B
:20AE2000F7E700BF204A0020C44D0020ACCF0700E44D00207C4D0020F0B5ABB004460D4661
:20AE400016461F467822202300210CA8039301F03DFE114B1B780BB9FFF784FF2FB121464A
:20AE6000202204A8FDF7A0FA04AC03AB0B4F01930B49009733462A460CA8FDF753FA48B940
:20AE800020222146384601F057FDB0FA80F040092BB0F0BD0020FBE7204A0020214A002044
:20AEA000ACCF070008B5044B986B08B1FFF72AFE024B187008BD00BFCC4E0020244E002005
:20AEC00010B5044658B1B0F5007F0AD8064B00221A70FFF703FE054B01209C6310BD032000
:20AEE000FCE70420FAE700BF244E0020CC4E002070B50E4C0646E06BA36B42189A420D4632
:20AF000011D85C300A462044314601F045FDE36B04F140022B4429463046E363FCF7C8FB89
:20AF20002064012070BD0320FCE700BFCC4E0020014B1878704700BF244E002013B50F4C39
:20AF400094F86C31B3B10E4B1B6800930D4BB4F8DA221B6894F8D80204F53771FFF720FF56
:20AF6000012809D104F5B874201D02B0BDE8104000F0D0B90434F7E702B010BD504A0020FD
:20AF8000444A0020484A00202DE9F843DFF88880D8E90E329A4206460D4637D1DFF87C90BA
:20AFA00099F800704FB1FFF709FD1A4B306029461868BDE8F843FFF769BDFFF7A3FD38B333
:20AFC000FFF7BCFF0128376004462F601BD1114B29461868FFF75AFD0128044613D198F8BC
:20AFE000A112B1FA81F103463A4628684909FFF7F9FC38B9FFF7E2FC89F80040306020466F
:20B00000BDE8F8830424FFF769FDF8E70824F6E70524F4E7284E0020CC4E0020244E00203E
:20B0200010B490F86C305BB190F86E404CB1B0F8704034B15DF8044B01237230FFF7FCBE92
:20B04000012318465DF8044B704713B50446084623781146032B03D8DFE803F021050F18B1
:20B06000002002B010BD0022D4F80140FCF720FB844214BF00200120F3E70A460023014686
:20B08000601C02B0BDE81040FFF7D6BE009103464022611C0020FFF783FE0128E9E7012099
:20B0A000DFE700002DE9F041A2B004460D461646002178221F4604A8202303939DF8A080DE
:20B0C00001F004FD41220021204601F0FFFCB5F894300BB195F8968084F80080B8F1030F21
:20B0E0001ED8DFE808F00902111F002239463046FCF7DEFAC4F801003A4631462046FFF76E
:20B10000A4FF22B0BDE8F08103AB0193631C009308493B46324604A8FDF704F90028EBD086
:20B120000020EEE7B5F8982005F19A01601C01F033FCE1E7ACCF07002DE9F0476D4B1D68B4
:20B14000A4B004460F4690460A4601462846FFF767FF002800F0CC8095F855601EBB4FF007
:20B160000109CDF800903B462246294613A8FFF799FF00287FD0B8F1000F6DD041225E485A
:20B1800013A901F009FC5D4BC3F82C901E626A689A60002239462046FCF78AFA574B01254C
:20B1A000C3E909709FE04122002102A801F08EFC06F001094122002113A806F0020601F014
:20B1C00085FCB9F1000F4BD042F20403E15803F1A34303F5471303F2D75399424BD1D5F897
:20B1E00058A00AF5FF520AF6FF73C3F30B031F32D21A42F20803E35893423CD343F20403FA
:20B200001B688B4213D14FF440531B78102B8ABF43F2100300221A6804F500531B78102B07
:20B220008ABF42F210030023E3589A4223D12046FFF75EFD00B1F6B1012300932246534689
:20B24000294602A8FFF72EFFA8B1AB6DE218FB1A4EB9B8F1000F18D1284B01255D6110E043
:20B260003B462246F4E70021009113A82946FFF719FF0028EDD10525B8F1000F30D1FFF761
:20B280002DFC284624B0BDE8F087DFF87080B9F1000F21D02046FFF72BFD18B108F1180058
:20B2A000FFF76AFB1648412202A901F075FB002E14BFAC23A523C8F82C30AB6DC8F8343076
:20B2C000002E3FF466AF0F48412213A901F064FB6B68C8F80C305CE7AA23C8F82C30EFE761
:20B2E0000948FFF749FBFFF7F9FB044B9C64C8E71725C1E7284E00206D510020CC4E002049
:20B300002C510020AE510020F04E00200122FFF713BF0000F0B590F854200346002A51D0F3
:20B3200090F8550003284DD893F86E20032A47D11A7A002A46D0DA68342A45D143F20401BE
:20B340001A8A0C6821498C422AD152B15969E9B1D2B2002103F1140543F20C06CCB2A242E8
:20B3600001D8122011E055F821703488A74201F10101F3D11A78FAB101285B68144A15D822
:20B380009068834234BF10200120F0BD10B9012AE7D8EFE7421E18BF0122002AEAD1E0E770
:20B3A00012B15A69002ADCD11A78F6E7D06883428CBF01201020E8E7012818BF0F20E4E75F
:20B3C0001420E2E70F20E0E71120DEE7DBE5B151CC4E002038B1054B0360054B43600123D5
:20B3E0000372002070470E20704700BF61B4070015B4070038B1054B0360054B43600123BE
:20B400000372002070470E20704700BF91B407003BB4070069B10B78022B0CD1022804D055
:20B42000032814BF08201120704703230B70002070470E2070470820704769B10B78022BF8
:20B440000CD1022804D0032814BF08201120704703230B70002070470E20704708207047C7
:20B4600010B50C4681B10B78012B06D00ED9033B012B94BF0820112010BDFFF7E1F900283C
:20B48000FAD102232370F7E70E20F5E70820F3E710B50C4681B10B78012B06D00ED9033B4C
:20B4A000012B94BF0820112010BDFFF701FA0028FAD102232370F7E70E20F5E70820F3E761
:20B4C00070B5144B144A0C21D21AB2FBF1F2816911F8025C044635B900690021914205D125
:20B4E000012323600EE04FF0FF30F6E71E68AE420CD1461C07D19D68D4E90001D4E902233A
:20B50000A847206070BD5E688642F4D001310C33E4E700BFD0D20700E8D207001EF0040FB7
:20B520000CBFEFF30880EFF30980FFF7C9BF00BF10DF704711DF704713B5044609496846CF
:20B54000FCF72CFC019808B902B010BDD0E900212046904718B16846FCF729FCF2E7112047
:20B56000F2E700BFC0D1070013B5044607496846FCF714FC019B0BB902B010BD2046D3E987
:20B58000002190476846FCF712FCF3E7D8D10700064B9A6822B11A6822F480021A60704709
:20B5A000034B4FF48002C3F880207047C04E002000E100E00B4991F816335A09EC2313418B
:20B5C000DB0706D5084B9A683AB94FF480030B60704742F20200FCF79CBF1A6842F48002C0
:20B5E0001A60704700E100E0C04E0020F7B5194F3C7864BB184E012520463570FFF79CFF1C
:20B60000112821D02046FFF7AFFF144B8DF80340186801900DF10300FCF710F8104901A8C0
:20B62000FFF786FF0446B0FA80F0400938709DF80300FCF727F83CB90A4B34701C70FFF720
:20B64000B9FF2846FFF790FF204603B0F0BD0824FAE700BF2D4E00202C4E0020BBD10700E5
:20B660000D8507002E4E0020F7B5154F3B781BB3144E01203070FFF75FFF11284FF0000510
:20B680001CD00220FFF770FF0DF107008DF80750FBF7D4FFFFF74EFF04469DF807003D70BB
:20B6A000FBF7F0FF2CB93470FFF772FF0320FFF75BFF204603B0F0BD0824FAE72C46F8E722
:20B6C0002D4E00202C4E0020054B1B7833B1054B1B780BB1FFF7C8BFFFF788BF0820704736
:20B6E0002C4E00202D4E0020014B1878704700BF2D4E002007B508496846FCF74FFB019B94
:20B7000013B903B05DF804FBD3E9002090476846FCF74DFBF3E700BFCCD10700FFF7EABFDE
:20B7200060DF704769DF704761DF704730B5114DADF5017D4FF4FA740DF1020103A8ADF8B8
:20B740000240FFF7F1FF70B9294601A8FCF726FB029B002BF0D003A8D3E90021904701A8DC
:20B76000FCF725FBF4E7052801D0FCF7D2FE0DF5017D30BDE4D10700024B1B780BB1FFF75F
:20B78000D5BF70472F4E002018B1034B0360002070470E20704700BFE82A00207FB506461A
:20B7A0000C46002959D02E4B0B600C22002101A801F08CF9012506232268ADF8083001A933
:20B7C00020208DF804608DF80650FFF7ABFF0C22002101A801F07AF922688DF8055001A95B
:20B7E0004020FFF79FFF0C22002101A801F06EF9F7232268ADF8063001A923208DF80460B0
:20B80000FFF790FF0C22002101A801F05FF922688DF8045001A92846FFF784FF0C2200211F
:20B8200001A801F053F94FF4B0632268019301A9A120FFF777FF0C22002101A801F046F9AF
:20B840009DF8043022682B4301A9A0208DF80430FFF768FF002004B070BD0E20FBE700BFD7
:20B86000E82A002008B5FFF75BFF10B9014B01221A7008BD2F4E00204BDF70471FB50D4C57
:20B8800001A8FFF7F9FF70B9214602A8FCF786FA039B002BF4D00198D3E90021904702A8E0
:20B8A000FCF785FAF4E7052801D0FCF732FE04B010BD00BFF0D107008B1802448B4200D18B
:20B8C000704713F8010D02F8010DF7E700000000C3F10803DB0070B501330446002003A5AD
:20B8E0005B1920C940CAAD1920C4184720C940CA754120C420C940CA754120C420C940CACB
:20B90000754120C420C940CA754120C420C940CA754120C420C940CA754120C420C940CAF3
:20B92000754120C4404170BD0000000000000000C3F10803DB0070B50133002403A500BF41
:20B940005B1920C940CAAD1B20C0184720C940CAB54120C020C940CAB54120C020C940CAF4
:20B96000B54120C020C940CAB54120C020C940CAB54120C020C940CAB54120C020C940CAA3
:20B98000B54120C06441B4FA84F0400970BD00BF2DE9F04F08B4F8CA04B451F8042BA3FB34
:20B9A000028940F8048B4FF0000AE4FB629A4FF0000BE5FB62AB4FF0000CE6FB62BC4FF051
:20B9C000000EE7FB62CE51F8042B4FF00008E3FB628940F8048BE4FB629AE5FB62ABE6FB4F
:20B9E00062BCE7FB62CE51F8042B4FF00008E3FB628940F8048BE4FB629AE5FB62ABE6FB1F
:20BA000062BCE7FB62CE51F8042B4FF00008E3FB628940F8048BE4FB629AE5FB62ABE6FBFE
:20BA200062BCE7FB62CE51F8042B4FF00008E3FB628940F8048BE4FB629AE5FB62ABE6FBDE
:20BA400062BCE7FB62CE40F8049B40F804AB40F804BB40F804CB40F804EB0CBC052B00F0EB
:20BA60001E810C68A0F11400A1F11401A2F1140252F804EB4FF0000550F8046BE4FB6E56E7
:20BA800052F804EB50F8047BE4FB6E6752F804EB50F8048BE4FB6E7852F804EB50F8049BFD
:20BAA000E4FB6E8952F804EB50F804ABE4FB6E9AA0F1140052F8044B51F804EB4FF0000CD8
:20BAC000E4FB6EC540F804CB51F804EBE4FB6E5640F8045B51F804EBE4FB6E6740F8046B48
:20BAE00051F804EBE4FB6E7840F8047B51F804EBE4FB6E8940F8048B51F804EBE4FB6E9A9E
:20BB0000A0E80006062B00F0CA800C68A0F11800A1F11801A2F1180252F804EB4FF000053A
:20BB200050F8046BE4FB6E5652F804EB50F8047BE4FB6E6752F804EB50F8048BE4FB6E7822
:20BB400052F804EB50F8049BE4FB6E8952F804EB50F804ABE4FB6E9A52F804EB50F804BB98
:20BB6000E4FB6EABA0F1180052F8044B51F804EB4FF0000CE4FB6EC540F804CB51F804EBB7
:20BB8000E4FB6E5640F8045B51F804EBE4FB6E6740F8046B51F804EBE4FB6E7840F8047B24
:20BBA00051F804EBE4FB6E8940F8048B51F804EBE4FB6E9A40F8049B51F804EBE4FB6EAB8A
:20BBC000A0E8000C072B6AD008B40C68A0F11C00A1F11C01A2F11C0252F804EB4FF00005AB
:20BBE00050F8046BE4FB6E5652F804EB50F8047BE4FB6E6752F804EB50F8048BE4FB6E7862
:20BC000052F804EB50F8049BE4FB6E8952F804EB50F804ABE4FB6E9A52F804EB50F804BBD7
:20BC2000E4FB6EAB52F804EB50F804CBE4FB6EBCA0F11C0052F8044B51F804EB4FF00003F3
:20BC4000E4FB6E3540F8043B51F804EBE4FB6E5640F8045B51F804EBE4FB6E6740F8046BE6
:20BC600051F804EBE4FB6E7840F8047B51F804EBE4FB6E8940F8048B51F804EBE4FB6E9A1C
:20BC800040F8049B51F804EBE4FB6EAB40F804AB51F804EBE4FB6EBCA0E8001808BCBDE86C
:20BCA000F08F002310B51C465AB2914200DC10BD40F823400133F7E710B500231A465CB230
:20BCC000A14203DCB2FA82F0400910BD50F8234001332243F3E74A11012350F8220001F076
:20BCE0001F0103FA01F108407047013910B549B2041D0A06CBB204D4013954F82120002AC5
:20BD0000F7D001335BB273B103F18042013A50F82220002022B9013B00EB431318B210BD6D
:20BD200052080130F6E71846F9E710B500235CB2A24200DC10BD51F8234040F8234001335F
:20BD4000F5E710B5013A52B2130601D5002010BD50F8224051F822309C4205D802F1FF3203
:20BD6000F2D24FF0FF30F2E70120F0E700EB81010023884200D3704751F8042D43EA5203E0
:20BD80000B60D307F5E737B51D469DF9183001930446FFF79DFD019B38B91A462146284625
:20BDA000FFF7CFFF0128019B07D02A462146204603B0BDE83040FFF7BBBD03B030BD37B524
:20BDC0001D469DF9183001930446FFF7B1FD019B38B12A462146204603B0BDE83040FFF720
:20BDE00077BD03B030BD2DE9F04FB5B004AC9DF9F8501E4680462B462046FFF7C9FD24AB9B
:20BE000029463046CDE90234FFF76FFFC0EB851004B2002C2146B8BF04F11F01634241F3FF
:20BE2000471103F01F0314A804F01F0758BF5F42FFF737FF002F08B22BDD14AB002203EB1B
:20BE40008001C7F1200E1346AB4217D36B00019314AB03EB85096F1E34AB012603EB870702
:20BE6000002C54DA34AB03EB86062A4656F8C81C4046FFF75AFF35B0BDE8F08F56F823C05E
:20BE80000CFA07F0024341F8042B01332CFA0EF2DAE714AB2A46314603EB8000FFF745FF8F
:20BEA000D4E70FFA82FE5AF8C83C53F82EB034AB03EB8202013052F8803C0B44BBEB03033C
:20BEC00034BF012200229B4518BF11465CF8C82C42F82E30019B42B29A42E2DB731A5E42E6
:20BEE000294614A85E41FFF741FF34AB03EB8503294653F8802C57F8803C484643EAC2738C
:20BF0000013C47F8803C24B2FFF730FFA8E734AB0020C6F1010C014603EB860A03EB8C0C51
:20BF2000D8E730B51C4691B0054693F900306846FFF72EFDD4F8AC3069462846984711B07F
:20BF400030BD13460A46FFF7ECBF2DE9F04793F9006092B0044689461046314615461F4689
:20BF6000FFF7AAFE002840F091803A46494602A8FFF7E7FF3B4602AA21460AA8FFF7D1FF19
:20BF800002A908463A46FFF7DCFF3B462A4649464846FFF7C6FF07F104083A46294628462D
:20BFA000FFF7CFFF43462A46214620460096FFF7EAFE43462A46294628460096FFF7E3FE40
:20BFC00043462A46214628460096FFF7F8FE3B462A4621462046FFF7A4FF43462246214662
:20BFE00028460096FFF7CFFE434600962A4621462046FFF7C8FE2368DB074AD533464246D5
:20C0000021462046FFF764FC314682462046FFF7ADFE06F18043013B54F8232042EACA72CA
:20C0200044F823203A4621462846FFF78AFF43460AAA294628460096FFF7C1FE43460AAA0B
:20C04000294628460096FFF7BAFE0AA9084643462A460096FFF7B3FE3B460AAA2146204686
:20C06000FFF75FFF02AA4346104621460096FFF7A6FE324629462046FFF757FE49462846B5
:20C08000FFF753FE02A94846FFF74FFE12B0BDE8F08731462046FFF769FEC3E72DE9F041D4
:20C0A00015468AB004460E461C22002103A800F00DFD2F1D95F9008003232A46314620467C
:20C0C0000293FFF73EFF3B4602AA21462046CDF80080FFF774FE2B46324621462046FFF745
:20C0E00020FFCDF800803B4605F1840221462046FFF749FE0AB0BDE8F08100002DE9F042BD
:20C10000082288B00C468146FFF70FFECB6A03930B6B04934B6B05938B6B0693CB6B07931C
:20C12000002708236A4669466846CDE901770097FFF7CEFB082305466A4649464846FFF7E3
:20C14000C7FB236B0393636B0493A36B0593E36B0544CDE906376A46082369466846FFF736
:20C16000B7FB082305446A4649464846FFF7B0FB236A0093636A0193A36A0293A36B069361
:20C18000E36B0793054408236A4649464846CDE904770397FFF79CFB636A0093A36AA26BA4
:20C1A0000193E36A02930492636BE26B0393CDE90523236A07932E1808236A46494648467F
:20C1C000FFF786FBE36A0093236B0193636B0293236A0693A36A0793351808236A464946FF
:20C1E0004846CDE904770397FFF7A2FB236B0093636B0193A36B0293E36B0393636A0693E3
:20C20000E36A07932E1A08236A4649464846CDE90477FFF78DFB636B0093A36B0193E36BF7
:20C220000293236A0393636A0493A36ACDE90537236B0793361A08236A4649464846FFF77D
:20C2400077FBA36B0093E36BCDE90137636A0393A36A0493E36ACDE90537636B0793361A91
:20C2600008236A4649464846FFF762FB361A0E4C0FD436B9082249462046FFF762FD01285A
:20C280000FD00823224649464846FFF751FB361AEFE70823224649464846FFF719FB36189F
:20C2A000F7D408B0BDE8F08200D2070070B514468AB006460D461A46214602A80193FFF7B8
:20C2C00040FE019B02AA31463046FFF72AFE02A9019B22460846FFF724FE019B02AA294601
:20C2E0002846FFF71EFE0AB070BD2DE9F0478AB01446DDF848A055461F4615F9046B009626
:20C30000804689462B460246214602A8FFF757FD02A952460846FFF714FE534602AA41460F
:20C320004046FFF7FEFD534602AA21462046FFF7F8FD2B464A46394638460096FFF73FFDC3
:20C340005246394602A8FFF7FCFD02A92B46424608460096FFF733FD02A92B4622460846AD
:20C360000096FFF72CFD2B464246214620460096FFF725FD5346224649464846FFF7D1FDB2
:20C380002B4602AA414620460096FFF718FD5346224639463846FFF7C4FD2B464A463946BD
:20C3A00038460096FFF70BFD324602A92046FFF7BCFC0AB0BDE8F0872DE9F0479846B3F987
:20C3C0000230894613F11F0148BF03F13E01DD1D48BF03F10E05EC104E11944275B228BFB7
:20C3E000144629460746FFF75CFC22464946FFF763FAB8F90230B3EBC40F4FEAC40220D24A
:20C40000D21A07EB86010020C2F120068F420FD308F124082A4639464046FFF792FC0128C4
:20C420000FD02B4642463846BDE8F047FFF780BA51F8044D24FA02F303430B6004FA06F048
:20C44000E4E7BDE8F08770B5036813F001060546144605D013460A460146FFF739FA06467C
:20C4600021462846FFF782FC46B104F18042013A55F8223043F0004345F8223070BDF0B514
:20C480000F46A1B006461946384615461C46FFF713FC20B13046FFF704FC21B0F0BD2246E8
:20C4A00039466846FFF741FC294608A8FFF73DFC10A82146FFF7F5FB012318A81093FFF74C
:20C4C000F0FB224608A96846FFF73BFC28B9224610A93046FFF729FCDFE7009BDA0709D4CB
:20C4E00021466846FFF742FC2246294610A8FFF7AAFFE6E7089BDB0707D4214608A8FFF78B
:20C5000035FC2246294618A8F1E7002823461CDD08AA69466846FFF70BFA21466846FFF7DC
:20C5200025FC224618A910A8FFF70BFC002805DA10A923462A460846FFF7CAF910A923463A
:20C5400018AA0846FFF7F4F9CEE708A96A460846FFF7EEF9214608A8FFF708FC224610A975
:20C5600018A8FFF7EEFB002805DA18A923462A460846FFF7ADF918A9234610AA0846FFF769
:20C58000D7F9BEE700487047FCD107002DE9F04F2DED028BEDB08946789E05901946B6F932
:20C5A000023096F9004013F11F0748BF03F13E0747F3471707F1FF3B24AB002543F82B509C
:20C5C0006CAB03EB8B0307EE902A4CA896F9012043F8805C43F8605CFFF76EF996F901205A
:20C5E00054A81144FFF768F921464CA8FFF764FB8046002840F0428154A8FFF75DFB039025
:20C60000002840F03D8106F1240A3A464CA95046FFF797FB012840F035813A4654A950462A
:20C62000FFF78FFB0128069040F02C811CAD3B46524654A92846FFF722FF0DF13008039BA6
:20C6400048F82B3017EE902A494640463346FFF7B3FE4146404653462A460097FFF7C3FBEA
:20C660000DF5B87B53462A464CA914A80097FFF7BAFB224658460599FFF757FBA300079360
:20C68000059B0BEB840903EB84014846FFF74DFB06F14403194634A80493FFF746FB049B52
:20C6A000A10059183CA8FFF740FB331D08EE903A594634AA28460094FFF781FB4B465A4621
:20C6C0003CA934A80096FFF710FE18EE902A234629462846FFF7D3FE2A464946584633461C
:20C6E000FFF7E4FD039B0893049B0993059B39464046CDE90A3BFFF7F8FA3946834614A863
:20C70000FFF7F3FA5845B8BF58461FFA80FB0BF1FF3109B240460491FFF7DDFA0499B0F1E3
:20C72000000814A818BF4FF00108FFF7D4FA002814BF0220002048EA00080DF1200922464C
:20C7400059F8281024A8FFF7F0FA0DF1B009A30019444846FFF7E9FA21462846FFF7A1FA20
:20C76000069B2B60ABF1020824AB08EE105A0FFA88F80493B8F1000F2ADA18EE902A18EE16
:20C78000101A18EE100A2346FFF779FE18EE102A049833464946FFF789FD04993A46504666
:20C7A000FFF7CFFA012805D004993B4652460846FFF7BEF8013C64B24CAA230653D5039BD4
:20C7C000B3FA83F040096DB0BDEC028BBDE8F08F334618EE102A0498D6F8A4504946A847E4
:20C7E00041460CA8FFF777FA4146B0F1000B14A818BF4FF0010BFFF76EFA002814BF02200B
:20C8000000204BEA000B08AB53F82B1031B3224634A8FFF78AFA079B3CA81944FFF785FA85
:20C8200018EE102A33463CA934A8FFF73FFD18EE903A0499009434AA44A8FFF7C0FA049A33
:20C8400000964B463CA934A8FFF74FFD18EE101A18EE100A334644AAFFF763FB08F1FF3873
:20C860000FFA88F886E7049B52F8241053F824304B40039919430391013C9EE72846A2E736
:20C880004046A0E703989EE7002301461A46184600F0E4B908B5074B044613B1002100F088
:20C8A0002DFA054B1868836A03B19847204600F073FA00BFFDCC0700ACD2070038B50A4CE7
:20C8C0000A4D641BA4100AD004F18043013B05EB8305013C55F804399847002CF9D1BDE847
:20C8E000384000F061BA00BFA02B00209C2B002070B50D4E0D4D761BB61006D000240134C4
:20C9000055F8043B9847A642F9D1094E094D761B00F044FAB61006D00024013455F8043B0D
:20C920009847A642F9D170BD982B0020982B00209C2B0020982B0020032A70B412D940EA43
:20C940000105AD0704460B4620D11946204653F8045B54F8046BAE4218D1043A032A2046BD
:20C960001946F2D8541E72B103780A789A4208BF241806D00CE010F8013F11F8012F934205
:20C9800006D1A042F7D1002070BC7047541EEBE7981A70BC704700BF844641EA000313F080
:20C9A00003036DD1403A41D351F8043B40F8043B51F8043B40F8043B51F8043B40F8043BA8
:20C9C00051F8043B40F8043B51F8043B40F8043B51F8043B40F8043B51F8043B40F8043B5B
:20C9E00051F8043B40F8043B51F8043B40F8043B51F8043B40F8043B51F8043B40F8043B3B
:20CA000051F8043B40F8043B51F8043B40F8043B51F8043B40F8043B51F8043B40F8043B1A
:20CA200051F8043B40F8043B403ABDD2303211D351F8043B40F8043B51F8043B40F8043BAA
:20CA400051F8043B40F8043B51F8043B40F8043B103AEDD20C3205D351F8043B40F8043BBA
:20CA6000043AF9D2043208D0D2071CBF11F8013B00F8013B01D30B8803806046704700BF6C
:20CA8000082A13D38B078DD010F003038AD0C3F10403D21ADB071CBF11F8013B00F8013B52
:20CAA00080D331F8023B20F8023B7BE7043AD9D3013A11F8013B00F8013BF9D20B780370A7
:20CAC0004B7843708B78837060467047F0B4860746D0541E002A3CD0CAB2034602E014F1F2
:20CAE000FF3436D303F8012B9D07F8D1032C29D9CDB245EA05250F2C45EA054533D9A4F108
:20CB00001006360903F1200707EB061703F1100242E9045542E902551032BA42F8D1721CF5
:20CB200014F00C0F03EB021204F00F0613D0331F23F003030433134442F8045B9342FBD1B5
:20CB400006F003042CB1C9B21C4403F8011B9C42FBD1F0BC704734461346002CF3D1F8E75A
:20CB600014460346C2E71A462646E0E70000000000000000000000000000000000000000D6
:20CB800090F800F06DE9024520F007016FF0000C10F0070491F820F040F049804FF000041D
:20CBA0006FF00700D1E9002391F840F000F1080082FA4CF2A4FA8CF283FA4CF3A2FA8CF3D3
:20CBC0004BBBD1E9022382FA4CF200F10800A4FA8CF283FA4CF3A2FA8CF3E3B9D1E904234D
:20CBE00082FA4CF200F10800A4FA8CF283FA4CF3A2FA8CF37BB9D1E9062301F1200182FAE9
:20CC00004CF200F10800A4FA8CF283FA4CF3A2FA8CF3002BC6D0002A04BF04301A4612BADC
:20CC2000B2FA82F2FDE8024500EBD2007047D1E9002304F00305C4F100004FEAC50514F09F
:20CC4000040F91F840F00CFA05F562EA05021CBF63EA050362464FF00004A9E72DE9F843B9
:20CC6000224C25680DB36C681F2C3BDC984691460F46064688B1D5F8880028B3D0F800310B
:20CC800040F824900122A24000EB84011343022EC0F80031C1F8808010D0A31C01346C606B
:20CCA00045F823700020BDE8F883114E114D2560002ED8D03468C5F88840D4E7D0F8043173
:20CCC0001A43C0F80421E8E70B4B5BB14FF48470AFF3008030B100236C68C0E94033C5F8DF
:20CCE0008800CDE74FF0FF30DDE700BFBC4E002000000000304E0020000000002DE9F04FEA
:20CD0000DFF8908083B0D8F8005001900F464FF0010A8DB16C68D5F88860013C0CD405F1CF
:20CD2000080B67B12EB106F1800353F82430BB4205D014F1FF34F4D203B0BDE8F08F6B6856
:20CD40005BF82420013BA34216BF00236C604BF82430002AEDD0D5F80490B6B1D6F8001132
:20CD60000AFA04F30B4210D0D6F8040156F8241003420CD1019890476B68D8F800204B4551
:20CD800001D1AA42D5D01546C3E79047F4E708469047F1E7BC4E0020FEE700BFF8B500BF42
:20CDA000F8BC08BC9E467047F8B500BFF8BC08BC9E467047001000000400000001000000CC
:20CDC00095790700B9790700C9790700397A0700D9790700A1790700A5790700A97907003A
:20CDE000001000000400000001000000457B0700257B0700157B07004D7D0700017D0700C3
:20CE0000E77A0700EB7A0700F17A0700982F8A4291443771CFFBC0B5A5DBB5E95BC25639B3
:20CE2000F111F159A4823F92D55E1CAB98AA07D8015B8312BE853124C37D0C55745DBE7269
:20CE4000FEB1DE80A706DC9B74F19BC1C1699BE48647BEEFC69DC10FCCA10C246F2CE92D3C
:20CE6000AA84744ADCA9B05CDA88F97652513E986DC631A8C82703B0C77F59BFF30BE0C63B
:20CE80004791A7D55163CA0667292914850AB72738211B2EFC6D2C4D130D385354730A651B
:20CEA000BB0A6A762EC9C281852C7292A1E8BFA24B661AA8708B4BC2A3516CC719E892D1EE
:20CEC000240699D685350EF470A06A1016C1A419086C371E4C774827B5BCB034B30C1C397B
:20CEE0004AAAD84E4FCA9C5BF36F2E68EE828F746F63A5781478C8840802C78CFAFFBE9032
:20CF0000EB6C50A4F7A3F9BEF27871C6480028000020400085C50700DDAC843D1EBD6AFC28
:20CF2000F19B4BD0C49DB1BE608F0D7ACA0083AAB84899DE96F7E90C05200B441BE1104A4A
:20CF4000A3418950BAD2FDB74999C850A1D379AF8939544350D9C92D06150E1506110A0463
:20CF60000A1104041F04041C0B1F251E15160F18131C0B1F251E15160F181300000000008B
:20CF80000338FDD870470000F79207009B920700EB9707005D9807007D980700E1910700EC
:20CFA000A19107007F97070000000000A9980700A3980700839807002000000078000000D7
:20CFC000000000000100010000000000010000000000000002000500010000004200000004
:20CFE0000000000000000000000000000000000000000000010011000100FFFF010000001F
:20D0000000000000020017000200FEFF6401000054D0070000000000000000000000000068
:20D020000000000001000100000000000100000000000000020005000100000022000000C3
:20D040000000000000000000000000000000000000000000010011000400FCFF04000000BB
:20D0600000000000020011000400FCFF0400000000000000030021000400FCFF0400100063
:20D0800000000000040011000100FFFF0100000000000000050011000200FEFF0400000062
:20D0A00000000000060011000400FCFF0400000000000000070011000400FCFF040000003B
:20D0C00000000000080017000200FEFF2400000024D00700090010000100FFFF01000000FA
:20D0E00004D107000A0027000200FEFF44000300C4CF070000000000000000000000000043
:20D100000000000000000000010017000400FCFF68010000F4CF0700020017000400FCFFAD
:20D12000AC01000038D107000000000000000000000000000000000001000700000000002A
:20D1400068010000F4CF07000200010000000000010000000000000003000500010000008F
:20D160004200000000000000000000000000000000000000000000004466755461726700C0
:20D180000000000000000000000000000000000050EADA308883B89F604F15F30000C98EDB
:20D1A0000338FDD870470C000C00000058026D6963726F6269745F6170700000100201002A
:20D1C00008D3070010D3070008000000F8D2070008D3070008000000F0D20700F8D2070026
:20D1E00008000000E8D20700F0D207000800000010D3070018D30700080000000820000188
:20D20000FFFFFFFFFFFFFFFFFFFFFFFF00000000000000000000000001000000FFFFFFFF1D
:20D22000512563FCC2CAB9F3849E17A7ADFAE6BCFFFFFFFFFFFFFFFF00000000FFFFFFFFC4
:20D2400096C298D84539A1F4A033EB2D817D0377F240A463E5E6BCF847422CE1F2D1176BFD
:20D26000F551BF376840B6CBCE5E316B5733CE2B169E0F7C4AEBE78E9B7F1AFEE242E34F8D
:20D280004B60D2273E3CCE3BF6B053CCB0061D65BC86987655BDEBB3E7933AAAD835C65ADF
:20D2A0004BBF07009DC00700FDC00700382B00200000000001A10700599E07004032002079
:20D2C0007C4200208D42002048320020F40000000000000003000000F5B307000000000041
:20D2E00002000000D5B30700A59A070000000000C17C07000000000079B7070000000000DC
:20D300007DB8070000000000017B0700000000001D7C070000000000709FFF7F0100000020
:20D320000090D003000000000000000000000000000000000000000000000000000000008A
:20D340000100000000000000000000000000000002000000EC2A00200C2B0020FC2A0020F7
:20D36000FF00FFFF0100000000E00700382B00200000000000000000000000000000000045
:20D3800000000000000000000000000000000000000000000000000000000000000000008D
:20D3A00000000000000000000000000000000000000000000000000000000000000000006D
:20D3C0000000000000000000000000000000000069720700417207000000000000000000B1
:0CD3E00001A2070000100000000008007F
:20E00000BE36164902000000000000000000000000000000000000001CD20000105EBCF89B
:20E020000100000000000000000000000000000000000000000000000000000000000000DF
:20E040000000000000000000000000000000000000000000000000000000000000000000C0
:20E060000000000000000000000000000000000000000000000000000000000000000000A0
:20E08000000000000000000000000000000000000000000000000000000000000000000080
:20E0A000000000000000000000000000000000000000000000000000000000000000000060
:20E0C000000000000000000000000000000000000000000000000000000000000000000040
:20E0E000000000000000000000000000000000000000000000000000000000000000000020
:20E100000000000000000000000000000000000000000000000000000000000000000000FF
:20E120000000000000000000000000000000000000000000000000000000000000000000DF
:20E140000000000000000000000000000000000000000000000000000000000000000000BF
:20E1600000000000000000000000000000000000000000000000000000000000000000009F
:20E1800000000000000000000000000000000000000000000000000000000000000000007F
:20E1A00000000000000000000000000000000000000000000000000000000000000000005F
:20E1C00000000000000000000000000000000000000000000000000000000000000000003F
:20E1E00000000000000000000000000000000000000000000000000000000000000000001F
:20E200000000000000000000000000000000000000000000000000000000000000000000FE
:20E220000000000000000000000000000000000000000000000000000000000000000000DE
:20E2400000000000000000000000000000000000000000000000000000000000A21BDAAC7B
:20E2600000000000000000000000000000000000000000000000000000000000000000009E
:20E2800000000000000000000000000000000000000000000000000000000000000000007E
:20E2A00000000000000000000000000000000000000000000000000000000000000000005E
:20E2C00000000000000000000000000000000000000000000000000000000000000000003E
:20E2E00000000000000000000000000000000000000000000000000000000000000000001E
:20E300000000000000000000000000000000000000000000000000000000000000000000FD
:20E320000000000000000000000000000000000000000000000000000000000000000000DD
:20E340000000000000000000000000000000000000000000000000000000000000000000BD
:20E3600000000000000000000000000000000000000000000000000000000000000000009D
:20E3800000000000000000000000000000000000000000000000000000000000000000007D
:20E3A00000000000000000000000000000000000000000000000000000000000000000005D
:20E3C00000000000000000000000000000000000000000000000000000000000000000003D
:20E3E00000000000000000000000000000000000000000000000000000000000000000001D
:20E400000000000000000000000000000000000000000000000000000000000000000000FC
:20E420000000000000000000000000000000000000000000000000000000000000000000DC
:20E440000000000000000000000000000000000000000000000000000000000000000000BC
:20E4600000000000000000000000000000000000000000000000000000000000000000009C
:20E4800000000000000000000000000000000000000000000000000000000000000000007C
:20E4A00000000000000000000000000000000000000000000000000000000000000000005C
:20E4C00000000000000000000000000000000000000000000000000000000000000000003C
:20E4E00000000000000000000000000000000000000000000000000000000000000000001C
:20E500000000000000000000000000000000000000000000000000000000000000000000FB
:20E520000000000000000000000000000000000000000000000000000000000000000000DB
:20E540000000000000000000000000000000000000000000000000000000000000000000BB
:20E5600000000000000000000000000000000000000000000000000000000000000000009B
:20E5800000000000000000000000000000000000000000000000000000000000000000007B
:20E5A00000000000000000000000000000000000000000000000000000000000000000005B
:20E5C00000000000000000000000000000000000000000000000000000000000000000003B
:20E5E00000000000000000000000000000000000000000000000000000000000000000001B
:20E600000000000000000000000000000000000000000000000000000000000000000000FA
:20E620000000000000000000000000000000000000000000000000000000000000000000DA
:20E640000000000000000000000000000000000000000000000000000000000000000000BA
:20E6600000000000000000000000000000000000000000000000000000000000000000009A
:20E6800000000000000000000000000000000000000000000000000000000000000000007A
:20E6A00000000000000000000000000000000000000000000000000000000000000000005A
:20E6C00000000000000000000000000000000000000000000000000000000000000000003A
:20E6E00000000000000000000000000000000000000000000000000000000000000000001A
:20E700000000000000000000000000000000000000000000000000000000000000000000F9
:20E720000000000000000000000000000000000000000000000000000000000000000000D9
:20E740000000000000000000000000000000000000000000000000000000000000000000B9
:20E76000000000000000000000000000000000000000000000000000000000000000000099
:20E78000000000000000000000000000000000000000000000000000000000000000000079
:20E7A000000000000000000000000000000000000000000000000000000000000000000059
:20E7C000000000000000000000000000000000000000000000000000000000000000000039
:20E7E000000000000000000000000000000000000000000000000000000000000000000019
:20E800000000000000000000000000000000000000000000000000000000000000000000F8
:20E820000000000000000000000000000000000000000000000000000000000000000000D8
:20E840000000000000000000000000000000000000000000000000000000000000000000B8
:20E86000000000000000000000000000000000000000000000000000000000000000000098
:20E88000000000000000000000000000000000000000000000000000000000000000000078
:20E8A000000000000000000000000000000000000000000000000000000000000000000058
:20E8C000000000000000000000000000000000000000000000000000000000000000000038
:20E8E000000000000000000000000000000000000000000000000000000000000000000018
:20E900000000000000000000000000000000000000000000000000000000000000000000F7
:20E920000000000000000000000000000000000000000000000000000000000000000000D7
:20E940000000000000000000000000000000000000000000000000000000000000000000B7
:20E96000000000000000000000000000000000000000000000000000000000000000000097
:20E98000000000000000000000000000000000000000000000000000000000000000000077
:20E9A000000000000000000000000000000000000000000000000000000000000000000057
:20E9C000000000000000000000000000000000000000000000000000000000000000000037
:20E9E000000000000000000000000000000000000000000000000000000000000000000017
:20EA00000000000000000000000000000000000000000000000000000000000000000000F6
:20EA20000000000000000000000000000000000000000000000000000000000000000000D6
:20EA40000000000000000000000000000000000000000000000000000000000000000000B6
:20EA6000000000000000000000000000000000000000000000000000000000000000000096
:20EA8000000000000000000000000000000000000000000000000000000000000000000076
:20EAA000000000000000000000000000000000000000000000000000000000000000000056
:20EAC000000000000000000000000000000000000000000000000000000000000000000036
:20EAE000000000000000000000000000000000000000000000000000000000000000000016
:20EB00000000000000000000000000000000000000000000000000000000000000000000F5
:20EB20000000000000000000000000000000000000000000000000000000000000000000D5
:20EB40000000000000000000000000000000000000000000000000000000000000000000B5
:20EB6000000000000000000000000000000000000000000000000000000000000000000095
:20EB8000000000000000000000000000000000000000000000000000000000000000000075
:20EBA000000000000000000000000000000000000000000000000000000000000000000055
:20EBC000000000000000000000000000000000000000000000000000000000000000000035
:20EBE000000000000000000000000000000000000000000000000000000000000000000015
:20EC00000000000000000000000000000000000000000000000000000000000000000000F4
:20EC20000000000000000000000000000000000000000000000000000000000000000000D4
:20EC40000000000000000000000000000000000000000000000000000000000000000000B4
:20EC6000000000000000000000000000000000000000000000000000000000000000000094
:20EC8000000000000000000000000000000000000000000000000000000000000000000074
:20ECA000000000000000000000000000000000000000000000000000000000000000000054
:20ECC000000000000000000000000000000000000000000000000000000000000000000034
:20ECE000000000000000000000000000000000000000000000000000000000000000000014
:20ED00000000000000000000000000000000000000000000000000000000000000000000F3
:20ED20000000000000000000000000000000000000000000000000000000000000000000D3
:20ED40000000000000000000000000000000000000000000000000000000000000000000B3
:20ED6000000000000000000000000000000000000000000000000000000000000000000093
:20ED8000000000000000000000000000000000000000000000000000000000000000000073
:20EDA000000000000000000000000000000000000000000000000000000000000000000053
:20EDC000000000000000000000000000000000000000000000000000000000000000000033
:20EDE000000000000000000000000000000000000000000000000000000000000000000013
:20EE00000000000000000000000000000000000000000000000000000000000000000000F2
:20EE20000000000000000000000000000000000000000000000000000000000000000000D2
:20EE40000000000000000000000000000000000000000000000000000000000000000000B2
:20EE6000000000000000000000000000000000000000000000000000000000000000000092
:20EE8000000000000000000000000000000000000000000000000000000000000000000072
:20EEA000000000000000000000000000000000000000000000000000000000000000000052
:20EEC000000000000000000000000000000000000000000000000000000000000000000032
:20EEE000000000000000000000000000000000000000000000000000000000000000000012
:20EF00000000000000000000000000000000000000000000000000000000000000000000F1
:20EF20000000000000000000000000000000000000000000000000000000000000000000D1
:20EF40000000000000000000000000000000000000000000000000000000000000000000B1
:20EF6000000000000000000000000000000000000000000000000000000000000000000091
:20EF8000000000000000000000000000000000000000000000000000000000000000000071
:20EFA000000000000000000000000000000000000000000000000000000000000000000051
:20EFC000000000000000000000000000000000000000000000000000000000000000000031
:20EFE000000000000000000000000000000000000000000000000000000000000000000011
:20F00000BE36164902000000000000000000000000000000000000001CD20000105EBCF88B
:20F020000100000000000000000000000000000000000000000000000000000000000000CF
:20F040000000000000000000000000000000000000000000000000000000000000000000B0
:20F06000000000000000000000000000000000000000000000000000000000000000000090
:20F08000000000000000000000000000000000000000000000000000000000000000000070
:20F0A000000000000000000000000000000000000000000000000000000000000000000050
:20F0C000000000000000000000000000000000000000000000000000000000000000000030
:20F0E000000000000000000000000000000000000000000000000000000000000000000010
:20F100000000000000000000000000000000000000000000000000000000000000000000EF
:20F120000000000000000000000000000000000000000000000000000000000000000000CF
:20F140000000000000000000000000000000000000000000000000000000000000000000AF
:20F1600000000000000000000000000000000000000000000000000000000000000000008F
:20F1800000000000000000000000000000000000000000000000000000000000000000006F
:20F1A00000000000000000000000000000000000000000000000000000000000000000004F
:20F1C00000000000000000000000000000000000000000000000000000000000000000002F
:20F1E00000000000000000000000000000000000000000000000000000000000000000000F
:20F200000000000000000000000000000000000000000000000000000000000000000000EE
:20F220000000000000000000000000000000000000000000000000000000000000000000CE
:20F2400000000000000000000000000000000000000000000000000000000000A21BDAAC6B
:20F2600000000000000000000000000000000000000000000000000000000000000000008E
:20F2800000000000000000000000000000000000000000000000000000000000000000006E
:20F2A00000000000000000000000000000000000000000000000000000000000000000004E
:20F2C00000000000000000000000000000000000000000000000000000000000000000002E
:20F2E00000000000000000000000000000000000000000000000000000000000000000000E
:20F300000000000000000000000000000000000000000000000000000000000000000000ED
:03F32000000000EA
:020000040000FA
:020000041000EA
:081014000070070000E0070076
:00000001FF
